Order,HouseFunctional,Lot Area,Gr Liv Area,SalePrice,Bsmt Cond,Bsmt Qual,Exter Cond,Exter Qual,Kitchen Qual,Overall Cond,Overall Qual
1,7,31770,1656,215000,5,4,2,2,2,5,6
2,7,11622,896,105000,4,4,2,2,2,6,5
3,7,14267,1329,172000,4,4,2,2,3,6,6
4,7,11160,2110,244000,4,4,2,3,4,5,7
5,7,13830,1629,189900,4,5,2,2,2,5,5
6,7,9978,1604,195500,4,4,2,2,3,6,6
7,7,4920,1338,213500,4,5,2,3,3,5,8
8,7,5005,1280,191500,4,5,2,3,3,5,8
9,7,5389,1616,236500,4,5,2,3,3,5,8
10,7,7500,1804,189000,4,4,2,2,3,5,7
11,7,10000,1655,175900,4,5,2,2,2,5,6
12,7,7980,1187,185000,4,5,3,2,2,7,6
13,7,8402,1465,180400,4,5,2,2,2,5,6
14,7,10176,1341,171500,4,5,2,2,3,5,7
15,7,6820,1502,212000,4,5,2,3,3,5,8
16,4,53504,3279,538000,4,5,2,4,4,5,8
17,7,12134,1752,164000,4,5,2,3,2,7,8
18,7,11394,1856,394432,4,5,2,3,4,2,9
19,7,19138,864,141000,4,4,2,2,2,5,4
20,6,13175,2073,210000,4,5,2,2,2,6,6
21,7,11751,1844,190000,4,5,2,2,2,6,6
22,7,10625,1173,170000,4,5,2,2,3,6,7
23,7,7500,1674,216000,4,5,2,3,3,5,7
24,7,11241,1004,149000,4,4,2,2,2,7,6
25,7,12537,1078,149900,4,4,2,2,2,6,5
26,7,8450,1056,142000,4,4,2,2,2,6,5
27,7,8400,882,126000,4,4,2,2,2,5,4
28,7,10500,864,115000,4,4,2,2,2,5,4
29,7,5858,1337,184000,4,5,2,3,3,5,7
30,7,1680,987,96000,4,4,2,2,2,5,6
31,7,1680,1092,105500,4,4,2,2,2,5,5
32,7,1680,1092,88000,4,4,2,2,2,5,6
33,7,4043,1069,127500,4,5,2,2,2,5,6
34,7,2280,1456,149900,4,4,2,2,3,6,6
35,7,2280,836,120000,4,5,2,2,2,6,7
36,7,2280,1456,146000,4,5,2,2,2,5,6
37,7,12858,2334,376162,4,5,2,4,4,5,9
38,7,11478,1704,306000,4,5,2,3,3,5,8
39,7,10159,1940,395192,4,5,2,4,4,5,9
40,7,12883,1544,290941,4,5,2,3,3,5,8
41,7,12182,1541,220000,4,5,2,3,3,5,7
42,7,11520,1698,275000,4,5,2,3,4,5,9
43,7,14122,1822,259000,4,5,2,3,4,5,8
44,7,10171,1535,214000,4,5,2,3,3,5,7
45,7,12919,2364,611657,4,5,2,4,4,5,9
46,7,6371,1358,224000,4,5,2,3,3,5,7
47,7,14300,2696,500000,4,5,2,4,4,5,9
48,7,13650,2250,320000,4,5,2,3,3,5,8
49,7,7658,1752,319900,4,5,2,4,4,5,9
50,7,7132,1370,205000,4,5,2,3,3,5,8
51,7,2628,1626,175500,4,5,2,3,3,5,7
52,7,18494,1324,199500,4,5,2,3,3,5,6
53,7,3203,1145,160000,4,5,2,3,3,5,7
54,7,3182,1269,192000,4,5,2,3,3,5,8
55,7,13300,1374,184500,4,5,2,3,3,5,7
56,7,7851,1960,216500,4,5,2,3,3,5,6
57,7,8577,1733,185088,4,5,2,3,3,5,7
58,7,7750,1430,180000,4,5,2,2,2,5,7
59,7,9505,2035,222500,4,5,2,3,3,5,7
60,7,14774,2599,333168,4,5,2,3,3,5,9
61,7,17433,2475,355000,4,5,2,3,3,5,8
62,7,10593,1720,260400,4,5,2,3,3,5,7
63,7,12256,2622,325000,4,5,2,3,3,5,8
64,7,11764,2270,290000,4,5,2,3,3,7,8
65,7,16770,1839,221000,4,5,2,3,2,5,7
66,7,14720,3238,410000,4,5,2,3,3,5,8
67,7,8987,1595,221500,4,5,2,3,3,5,8
68,7,9215,1218,204500,4,5,2,3,3,5,7
69,7,8640,1547,215200,4,5,2,2,3,5,7
70,7,9000,1566,262500,4,5,2,3,3,5,8
71,7,12552,1947,254900,4,5,2,3,3,5,7
72,7,10440,1468,271500,4,5,2,3,3,5,6
73,7,10142,2084,233000,4,5,2,3,3,5,7
74,7,11920,1659,181000,4,5,2,3,3,5,7
75,7,8880,2110,205000,4,5,2,3,3,5,7
76,7,8012,923,143000,4,5,2,2,2,5,6
77,7,11218,1845,189000,4,5,2,3,3,5,6
78,7,7892,918,99500,4,5,2,2,2,5,6
79,7,7175,752,125000,4,5,2,2,2,5,6
80,7,9453,1744,194500,4,5,2,3,3,7,7
81,7,9672,1097,152000,4,5,2,2,2,5,6
82,7,8400,1564,171000,4,5,2,2,2,6,6
83,7,9800,1012,67500,4,4,1,2,2,5,5
84,7,8930,1902,112000,0,0,2,2,2,5,6
85,5,11782,1155,148000,4,4,2,2,3,7,5
86,7,8450,894,138500,4,4,3,2,2,8,5
87,7,9819,900,122000,4,4,3,2,2,5,5
88,7,7500,1040,133000,4,4,2,2,2,5,5
89,7,6897,1040,127000,4,4,3,2,2,8,5
90,7,15410,1494,169000,4,4,3,2,2,6,6
91,7,10186,1923,190000,4,5,2,3,3,5,7
92,7,13143,2349,362500,4,5,2,3,3,5,8
93,7,11134,2225,285000,4,5,2,3,3,5,8
94,7,4835,1488,260000,4,5,2,3,3,5,7
95,7,3515,1680,190000,4,5,2,3,3,5,7
96,7,3215,1200,155000,4,5,2,3,3,5,7
97,7,3182,1200,151000,4,5,2,3,3,5,7
98,7,2544,1200,149500,4,5,2,3,3,5,7
99,7,2544,1236,152000,4,5,2,3,3,5,6
100,7,4403,1478,222000,4,5,2,4,3,5,7
101,7,2117,1573,177500,4,5,2,3,3,5,6
102,7,2980,1512,177000,4,5,2,3,3,5,6
103,7,2572,1416,155000,4,5,2,3,3,5,7
104,7,2403,1080,147110,4,5,2,3,3,5,7
105,7,12853,1418,267916,2,5,2,3,3,5,8
106,7,7379,1848,254000,4,5,2,3,3,5,8
107,7,4420,788,155000,4,5,2,3,3,5,8
108,7,3880,1226,206000,4,5,2,3,3,6,8
109,7,13517,1479,130500,4,4,2,3,3,8,6
110,7,8000,1492,230000,4,5,2,3,3,5,7
111,7,10456,1829,218500,4,4,2,2,2,6,6
112,7,10791,2495,243500,4,5,2,2,3,5,6
113,7,10603,1610,205000,4,4,2,2,3,7,6
114,7,18837,1891,212500,4,5,2,2,2,5,6
115,7,10421,1714,196500,4,5,2,2,2,5,7
116,7,9360,1381,197500,4,4,2,2,3,7,6
117,7,9600,1645,171000,4,4,2,2,2,6,6
118,7,9600,1232,142250,4,4,2,2,2,5,5
119,7,9790,1328,143000,4,4,2,2,2,5,6
120,7,9320,1225,128950,4,4,2,2,2,5,4
121,7,9900,1209,159000,4,5,2,2,2,5,5
122,7,9680,1510,178900,4,4,2,2,3,6,5
123,7,10600,1775,136300,4,4,2,2,2,5,6
124,7,14112,1152,180500,4,4,2,2,2,7,5
125,7,8800,1054,137500,4,4,3,2,3,7,6
126,7,13260,1728,84900,4,4,2,2,2,6,5
127,7,9717,1078,142125,4,4,2,2,3,6,5
128,5,9724,2461,197600,4,4,2,3,2,7,5
129,7,17360,1556,172500,4,4,3,2,2,6,6
130,7,7207,858,116500,4,4,3,2,2,7,5
131,4,5350,1306,76500,4,4,0,2,1,2,3
132,7,9920,1063,128000,4,4,2,2,2,5,5
133,7,9600,1520,153000,4,4,2,2,2,6,6
134,7,7800,1268,132000,4,4,2,2,2,6,5
135,7,11380,1128,178000,4,4,2,2,3,8,6
136,7,11600,2274,154300,4,4,2,2,2,5,5
137,6,19900,2207,180000,4,5,2,2,2,5,7
138,4,16492,1888,190000,4,4,2,3,3,6,6
139,7,8267,1604,135000,4,4,2,2,2,5,5
140,7,8197,1480,214000,4,5,2,3,3,5,7
141,7,8050,1143,136000,4,4,2,2,2,5,5
142,7,10552,1700,165500,4,4,2,2,3,5,5
143,7,8400,1314,145000,4,4,3,2,2,6,5
144,7,8760,1194,148000,4,4,2,2,2,6,6
145,7,12160,1188,142000,4,4,2,2,2,5,5
146,7,9300,1264,167500,4,4,2,2,2,5,5
147,7,10725,1206,108538,4,4,2,2,2,5,5
148,7,10032,1580,159500,4,4,2,2,2,5,6
149,7,8382,1337,108000,4,4,2,2,2,5,4
150,7,10950,1064,135000,4,4,2,2,1,7,5
151,7,10895,972,122500,4,4,3,2,2,6,5
152,7,13587,988,119000,4,4,2,2,2,5,5
153,7,7922,1057,109000,4,4,3,2,3,7,5
154,7,7898,985,105000,4,4,2,2,2,7,4
155,4,7200,827,107500,0,0,2,2,2,7,5
156,7,10200,1086,144900,4,4,2,2,2,7,5
157,7,5868,936,129000,4,4,2,2,2,7,5
158,7,17503,1458,97500,4,4,2,2,2,5,6
159,7,6979,1056,144000,4,4,2,2,2,5,6
160,7,9830,1287,162000,4,4,3,2,3,7,5
161,7,11275,2978,242000,4,5,3,3,3,7,7
162,7,8064,1224,132000,4,4,2,2,2,8,6
163,7,7500,1246,154000,4,4,2,2,3,7,5
164,7,8520,1385,166000,4,4,1,2,2,4,5
165,7,7200,900,134800,4,4,2,2,3,7,5
166,7,10000,1116,160000,4,4,2,2,2,6,6
167,7,7635,1175,148000,4,4,2,2,2,6,5
168,6,9760,1395,192000,4,4,2,2,2,7,6
169,7,7700,1839,155000,4,4,2,2,2,5,6
170,5,4800,1844,80400,4,4,2,2,2,5,4
171,5,8800,1140,96500,3,4,2,2,2,7,4
172,7,4485,936,109500,4,4,2,2,2,7,5
173,7,8960,1028,115000,4,4,2,2,2,6,5
174,7,5805,1347,143000,4,4,2,2,3,7,5
175,7,5790,1605,107400,4,3,3,3,2,6,3
176,7,4608,747,80000,4,4,3,2,2,6,4
177,7,7200,804,119000,4,4,3,2,3,7,5
178,7,5500,1316,130000,4,4,2,2,2,7,5
179,7,6900,1251,119000,4,5,2,2,1,7,6
180,7,11851,1633,129000,4,4,3,2,3,7,5
181,7,8239,1245,100000,4,4,2,2,2,6,5
182,7,9656,832,12789,3,3,1,2,2,2,2
183,7,8520,720,105900,4,4,3,2,2,8,6
184,7,9600,1566,150000,4,4,3,3,3,9,8
185,7,10800,1652,139000,4,3,3,2,2,6,5
186,7,9000,2268,240000,3,3,3,3,3,9,8
187,7,9045,2256,76500,4,4,1,2,1,3,5
188,7,7407,1236,149700,4,4,2,2,2,7,6
189,7,7740,1363,125500,4,3,2,2,2,7,4
190,7,11340,2290,122500,4,4,2,2,2,6,4
191,6,10560,1470,140750,4,3,2,2,2,7,6
192,7,5830,1612,128500,4,4,3,2,2,6,5
193,7,7793,2068,209500,4,5,2,2,3,7,7
194,7,5000,765,87000,4,4,2,2,3,7,4
195,7,6000,1132,134000,5,4,2,2,2,7,6
196,7,6000,1196,128000,4,4,3,2,2,6,6
197,5,6360,1453,132000,4,4,2,2,3,6,5
198,7,6000,1416,139900,4,4,2,2,2,7,6
199,7,6240,1040,123900,3,4,2,2,2,7,5
200,7,6240,1536,138400,4,4,2,2,2,5,5
201,7,6120,1068,109500,3,3,2,2,2,5,6
202,7,10300,1710,140000,4,4,2,2,2,6,7
203,7,8094,1962,149500,4,4,1,2,2,5,4
204,7,12900,1560,159900,4,4,3,3,3,8,6
205,7,3068,1324,122000,4,4,3,2,2,8,6
206,7,8472,816,110000,4,5,2,1,2,5,5
207,4,5600,1092,55000,0,0,1,1,1,5,4
208,7,7630,1812,140000,4,5,3,2,3,9,5
209,7,24090,2403,244400,4,4,3,2,2,7,7
210,7,15263,1675,173000,4,5,2,2,2,5,5
211,4,10632,1224,107500,3,5,2,2,0,3,5
212,7,9900,1392,100000,4,4,1,1,2,4,5
213,7,6001,919,95000,4,3,2,2,2,5,6
214,7,6449,1884,93369,4,4,2,2,2,1,4
215,7,6048,1680,114900,4,4,3,2,2,7,5
216,7,6342,1020,94000,4,4,3,2,2,8,5
217,7,10773,1832,136000,4,4,1,1,2,3,4
218,7,10778,1768,136500,4,4,2,2,2,5,4
219,7,11625,1039,131500,4,4,2,2,2,4,5
220,4,11341,1392,121500,4,5,2,2,2,6,5
221,7,8521,912,125000,4,4,2,2,2,5,5
222,7,8246,1060,154000,4,4,3,2,3,8,5
223,7,7800,892,137900,4,4,2,2,3,7,5
224,7,9364,1352,158000,4,4,2,2,2,7,6
225,7,7832,864,137250,4,4,2,2,2,5,5
226,7,7424,1373,160250,4,5,2,2,2,5,5
227,7,11227,1440,163000,5,4,3,2,2,5,5
228,7,11616,1386,158900,4,4,2,2,2,5,6
229,7,14000,2260,328000,4,5,2,3,3,5,7
230,7,20062,1483,270000,4,5,3,3,2,7,7
231,7,9259,756,85000,4,3,2,2,2,4,4
232,5,9600,1067,128000,4,5,2,2,3,7,4
233,7,23595,1524,260000,4,5,2,3,3,6,7
234,7,17082,1981,230000,4,5,2,2,3,5,6
235,7,18600,1610,124000,4,4,2,2,1,4,3
236,7,10625,835,83000,4,4,2,2,2,5,5
237,7,11479,1074,144500,4,4,2,2,3,7,6
238,7,9571,1144,129000,4,4,2,2,2,6,5
239,7,9350,1531,127000,3,4,2,2,2,6,4
240,7,9525,1172,128000,4,4,2,2,2,7,5
241,7,10420,1212,186000,4,5,2,2,3,5,6
242,7,17485,1508,308030,4,5,2,3,3,5,7
243,7,11200,1298,114000,4,4,1,2,2,3,5
244,7,11100,930,84900,0,0,2,2,3,7,4
245,7,9206,1732,178000,4,5,2,3,3,5,6
246,7,11980,1433,270000,4,5,2,3,3,5,7
247,7,12361,1802,218000,4,5,3,3,3,7,6
248,7,9938,1949,236000,4,5,2,3,3,5,7
249,7,9069,996,147000,4,5,2,2,3,6,6
250,7,10475,1694,245350,4,5,2,3,3,5,8
251,7,6762,1208,206000,4,5,2,3,3,5,7
252,7,10402,1226,198900,4,5,2,2,3,5,7
253,7,7360,1222,187000,4,5,2,3,3,5,7
254,7,12376,3222,320000,4,5,2,2,3,5,7
255,7,14235,1445,138500,5,3,2,2,2,8,6
256,7,8816,1052,155000,4,4,2,2,2,7,6
257,7,11105,965,159000,3,5,3,2,2,5,5
258,7,9337,1692,191000,4,5,2,2,2,5,7
259,7,8750,1682,200500,4,5,2,2,3,5,6
260,7,15240,1026,150000,4,5,3,3,2,8,5
261,7,10900,1392,161750,4,5,2,2,2,7,6
262,7,10650,894,128200,5,4,2,2,2,6,5
263,7,7480,876,127000,4,4,2,2,2,6,5
264,7,10389,1978,318000,4,5,2,3,3,5,8
265,7,11423,1601,272000,4,5,2,3,3,5,8
266,7,9548,1829,237000,4,5,2,3,3,6,7
267,7,9375,2098,240000,4,5,2,3,3,5,7
268,7,12137,1661,224900,4,5,2,2,3,5,7
269,7,4435,848,143750,4,5,2,3,3,5,6
270,7,4426,848,143000,4,5,2,3,3,5,6
271,7,10635,1668,232000,4,5,2,3,3,5,8
272,7,8400,1484,213000,4,5,2,3,3,5,7
273,7,8773,1414,185500,4,5,2,3,3,5,7
274,6,8777,640,84900,0,0,3,2,2,6,3
275,7,8842,992,155891,4,3,3,2,2,6,5
276,7,9825,1664,100000,0,0,2,2,2,5,5
277,7,10044,1196,144000,4,5,2,2,2,6,5
278,7,11792,1120,64000,4,4,2,2,1,5,4
279,7,6305,1096,125200,4,4,2,2,2,6,6
280,7,7819,1117,107000,4,4,2,2,2,5,6
281,7,6410,960,90000,4,4,2,2,2,5,4
282,7,8546,1121,140000,4,5,2,2,2,5,4
283,7,8741,1487,113000,3,4,2,2,2,4,6
284,7,12180,924,80000,4,5,1,2,1,4,4
285,5,8562,1526,144500,4,4,2,2,2,6,5
286,7,4853,1296,104000,4,4,2,2,1,6,5
287,7,6858,1647,128000,4,5,2,2,1,4,6
288,7,8212,864,58500,3,4,1,2,2,3,3
289,7,5000,1691,127000,4,4,2,2,3,6,5
290,7,7890,856,126000,4,4,2,2,2,6,6
291,5,7200,2650,160000,0,0,2,2,2,6,4
292,7,9839,1666,100000,3,4,2,2,2,2,5
293,5,9638,2447,169000,4,4,2,2,3,7,6
294,7,10452,2133,257500,4,5,3,3,2,6,7
295,7,15600,2177,215000,4,4,3,2,2,6,5
296,7,9042,2340,266500,5,4,3,4,3,9,7
297,7,17500,1902,335000,4,5,3,3,4,8,7
298,7,19645,1652,203135,4,5,2,2,3,6,7
299,7,3907,1034,185000,4,5,2,3,3,6,8
300,7,3907,1191,162500,4,5,2,3,3,5,8
301,7,15602,1801,289000,4,4,2,2,2,8,7
302,7,5436,1154,125500,4,4,3,2,3,8,4
303,7,8154,540,82000,4,4,2,2,2,5,2
304,7,9140,1107,110000,4,4,2,2,2,5,6
305,7,7500,1128,68400,4,4,3,2,2,4,4
306,7,8712,1178,102776,4,4,2,2,2,7,4
307,7,8712,1044,55993,4,4,2,1,1,5,5
308,7,8712,952,50138,4,4,1,1,2,7,4
309,7,3811,1646,246000,4,5,2,3,3,5,8
310,7,11050,1916,254900,4,5,2,3,3,5,8
311,7,9620,1285,190000,4,4,2,2,3,7,6
312,7,9196,1560,201000,4,5,2,3,3,5,7
313,7,12328,1034,169900,4,4,2,2,2,5,6
314,7,12760,2048,170000,4,4,2,2,2,5,6
315,6,57200,1687,160000,4,4,2,2,2,5,5
316,7,11896,1346,220000,4,5,2,3,3,5,7
317,7,9803,1214,179781,4,5,2,3,3,5,7
318,7,9802,1444,174000,4,5,2,2,2,5,5
319,7,12003,1968,269500,4,5,2,3,4,5,8
320,7,11316,1894,214900,4,5,2,3,3,5,7
321,7,14191,1908,202900,4,5,2,3,3,5,8
322,7,13214,2018,378500,4,5,2,4,4,5,9
323,7,15300,1264,169000,4,4,2,2,2,5,5
324,7,10114,1430,173500,4,5,2,2,3,5,5
325,7,9400,1824,139000,4,4,2,2,2,5,6
326,7,11875,1344,166500,4,5,2,2,2,5,5
327,7,1974,1092,83500,4,4,2,2,2,5,4
328,7,2394,945,119500,4,5,2,2,2,6,5
329,7,2592,1112,85000,4,5,2,2,2,3,5
330,7,1476,1092,76000,4,4,2,2,2,7,4
331,7,1491,630,75500,4,5,2,2,2,6,4
332,7,1900,1092,88250,4,4,2,2,2,4,4
333,7,1890,1092,85500,4,4,2,2,2,6,4
334,7,6953,874,130000,4,4,3,2,2,7,5
335,7,26142,1188,157900,4,4,2,2,2,7,5
336,7,12887,833,149900,4,5,2,2,3,7,5
337,7,7700,2432,159000,4,4,0,2,2,2,5
338,7,10475,1274,136000,4,5,2,2,2,5,5
339,7,10544,1479,161000,4,4,2,2,2,5,5
340,7,9892,1803,285000,5,5,3,3,3,5,8
341,7,12961,1797,231000,4,5,3,3,3,5,6
342,7,13008,882,124500,3,3,2,2,2,5,6
343,7,10200,1434,157000,4,4,2,2,2,5,6
344,7,13860,2704,345000,4,5,2,3,4,7,8
345,7,10179,1608,189500,4,5,2,2,2,5,6
346,7,11792,2283,270000,4,5,2,3,3,5,8
347,7,8400,1628,189000,4,5,2,2,2,5,7
348,7,14892,1746,377500,4,5,2,4,4,5,9
349,7,8530,1474,168500,4,5,2,2,2,5,7
350,7,7296,2522,375000,4,5,2,3,3,5,8
351,7,5664,1659,278000,4,5,2,3,4,5,8
352,7,7380,1478,240000,4,5,2,2,2,5,8
353,7,8013,1734,239500,4,5,2,3,3,5,8
354,7,8923,1382,177500,4,5,2,3,2,5,7
355,7,10141,1718,185000,4,5,2,2,2,5,7
356,7,7500,1636,191000,4,5,2,3,2,5,6
357,7,7837,1571,178000,4,5,2,3,2,7,6
358,7,9765,1470,185000,5,5,3,4,2,8,6
359,7,8803,1516,181316,4,5,2,2,3,5,6
360,7,7250,1190,166000,4,5,2,2,3,5,6
361,7,9636,1593,178000,4,5,2,2,2,5,6
362,7,8125,1481,174000,4,5,2,2,2,5,6
363,7,9248,1167,173000,4,5,2,2,3,6,6
364,7,10762,1983,225000,4,5,2,3,3,5,7
365,7,11851,1442,180500,4,5,2,2,2,5,7
366,7,5814,1360,187500,4,5,2,3,3,5,8
367,7,17423,2234,501837,4,5,2,4,4,5,9
368,7,11844,2046,372500,4,5,2,3,3,5,8
369,7,16158,1530,260000,4,5,2,3,3,5,7
370,7,11900,1934,185000,4,5,2,2,2,6,5
371,7,13005,2353,260000,4,5,2,3,4,7,7
372,7,17043,1586,181000,3,5,3,2,2,5,6
373,7,11900,1411,82500,4,4,3,2,2,5,7
374,7,16635,1602,215000,4,5,2,3,3,7,6
375,7,13250,2050,154000,4,5,2,2,3,6,7
376,7,10928,1671,200000,4,4,2,2,2,6,6
377,7,12388,2673,249000,4,5,2,2,3,7,7
378,7,14115,1472,187500,4,5,2,2,2,5,7
379,7,11088,1707,184000,4,4,2,2,2,5,6
380,7,9600,2524,278000,4,5,2,3,3,5,8
381,7,11880,1601,157000,4,5,2,2,2,5,7
382,7,10400,1370,152000,4,5,2,2,2,5,7
383,7,10304,1868,197500,4,4,3,2,3,7,5
384,7,7000,1884,240900,4,5,2,3,4,5,7
385,7,8004,1935,263435,4,5,2,3,2,5,8
386,7,7500,1874,220000,4,5,2,3,3,5,8
387,7,8470,1811,235000,4,5,2,3,3,5,8
388,7,9373,1621,213000,4,5,2,2,2,7,5
389,7,10140,1116,167900,4,4,2,2,2,6,6
390,7,11050,1193,158000,4,4,2,2,2,5,7
391,7,10140,1350,165000,4,5,2,2,2,5,6
392,7,10448,2119,158000,4,4,2,2,2,6,6
393,7,9000,1792,136000,4,5,2,2,2,5,5
394,7,8750,1002,148500,4,4,2,2,2,6,5
395,7,7930,1026,156000,4,4,2,2,3,8,6
396,7,7830,1180,128000,4,4,2,2,2,5,5
397,7,8510,1050,143000,4,5,2,2,2,7,5
398,7,7038,864,76500,4,4,2,2,2,6,4
399,7,6960,864,120500,4,4,2,2,3,6,4
400,7,8120,864,124500,4,4,3,2,2,7,4
401,7,10500,864,97000,4,4,2,2,2,6,4
402,7,9000,864,130000,4,4,3,2,2,7,4
403,7,1680,987,111000,4,4,2,2,2,5,6
404,6,2368,1365,125000,4,4,2,2,2,6,5
405,7,1680,1302,112000,4,4,2,2,2,5,5
406,7,1680,987,97000,4,4,2,2,2,6,6
407,7,1680,987,118000,4,4,2,2,3,8,6
408,7,1680,1302,119500,4,4,2,2,2,7,5
409,7,4928,958,143750,4,5,2,2,2,6,6
410,7,2308,1548,146000,4,5,2,2,2,5,6
411,7,2280,1456,148500,4,5,2,2,2,6,6
412,7,2280,1055,123000,4,5,2,2,2,5,7
413,7,2308,1322,147000,4,4,2,2,2,5,6
414,7,2349,1456,137900,4,5,2,2,2,5,6
415,7,2364,1548,147000,4,5,2,2,2,5,6
416,7,2289,1441,148500,4,4,2,2,2,6,6
417,7,2364,1456,138000,4,5,2,3,2,5,6
418,7,2104,836,128500,4,4,2,2,2,6,7
419,7,7150,892,100000,4,4,2,2,2,5,5
420,7,10710,1120,148800,4,4,2,3,2,7,5
421,7,12456,1718,337500,4,5,2,4,4,5,10
422,7,14257,2772,462000,4,5,2,4,4,5,9
423,7,13518,3140,485000,4,5,2,4,4,5,9
424,7,15431,2402,555000,4,5,2,4,4,5,10
425,7,13173,1652,325000,4,5,2,3,4,5,9
426,7,14230,1600,256300,4,5,2,3,3,5,8
427,7,12704,2042,253293,4,5,2,4,4,5,8
428,7,12350,2690,398800,4,5,2,3,4,5,9
429,7,11308,2184,335000,4,5,2,4,4,5,9
430,7,12350,2020,404000,4,5,2,4,4,5,9
431,7,12220,2020,402861,4,5,2,4,4,5,10
432,7,13478,2296,451950,4,5,2,4,4,5,10
433,7,13693,2674,610000,4,5,2,4,4,5,10
434,7,13891,2822,582933,4,5,2,4,4,5,9
435,7,11578,1736,360000,4,5,2,4,4,5,9
436,7,16870,1782,296000,4,5,2,3,3,5,8
437,7,23303,2520,409900,4,5,2,3,4,5,8
438,7,11146,1717,255500,4,5,2,3,3,5,8
439,7,10367,1743,335000,4,5,2,4,4,5,9
440,7,9591,1713,274900,4,5,2,3,4,5,8
441,7,10872,1531,300000,5,5,2,3,4,5,9
442,7,13514,1808,324000,4,5,2,4,4,5,9
443,7,8834,2224,350000,4,5,2,3,4,5,9
444,7,11362,1836,280000,4,5,2,3,3,5,8
445,7,10655,1629,284000,4,5,2,3,3,5,8
446,7,12878,1760,269500,4,5,2,3,3,5,7
447,7,9541,1502,233170,4,5,2,3,3,5,7
448,7,13472,2392,386250,4,5,2,4,4,5,10
449,7,15274,2452,445000,4,5,2,3,4,5,9
450,7,13262,2400,290000,4,5,2,3,3,5,8
451,7,9658,1606,255900,4,5,2,3,3,5,8
452,7,6904,1358,213000,4,5,2,3,3,5,6
453,7,5381,1306,196000,4,5,2,3,3,5,6
454,7,5122,1306,184500,4,5,2,3,3,5,6
455,7,10307,1358,212500,4,5,2,3,3,5,7
456,7,5001,1314,230000,4,5,2,3,3,5,7
457,7,14836,2492,552000,4,5,2,4,4,5,10
458,7,15262,2200,382500,4,5,2,3,4,5,8
459,7,7390,1884,320000,4,5,2,4,4,5,9
460,7,6472,1456,248500,4,5,2,4,4,5,9
461,7,16770,1712,286500,4,5,2,3,3,5,8
462,7,6240,1324,254000,4,5,2,3,3,5,8
463,7,3480,1405,173000,4,5,2,3,3,5,7
464,7,2268,1626,173000,4,5,2,3,3,5,7
465,7,10928,1456,184000,5,5,2,3,3,5,7
466,7,8918,1490,167800,4,5,2,3,3,5,6
467,7,12589,1484,174000,4,5,2,3,3,5,6
468,7,11911,1560,174000,4,5,2,3,3,5,6
469,7,3684,1555,174000,4,5,2,3,3,5,7
470,7,3635,1569,175900,4,5,2,3,3,5,7
471,7,3182,1555,192500,4,5,2,3,3,5,7
472,7,3182,1504,181000,4,5,2,3,3,5,7
473,7,3182,1220,180000,4,5,2,3,3,5,7
474,7,3182,1145,160200,4,5,2,3,3,5,7
475,7,7795,1432,188500,4,5,2,3,3,5,7
476,7,8068,2267,200000,4,5,2,3,3,5,6
477,7,9434,1374,170000,4,5,2,3,3,5,7
478,7,7984,1630,189500,4,5,2,3,3,5,7
479,7,7750,1419,184100,4,5,2,3,3,5,8
480,7,10125,1594,195500,4,5,2,3,3,5,7
481,7,8965,1489,192000,4,5,2,3,3,5,7
482,7,8174,1342,178000,4,5,2,3,3,5,7
483,7,5063,1314,207500,4,5,2,3,3,5,7
484,7,8795,2256,236000,4,5,2,3,3,5,7
485,7,12891,2004,257500,4,5,2,3,3,5,8
486,7,12224,2054,244000,4,5,2,3,3,5,6
487,7,9734,1374,167000,4,5,2,3,3,5,7
488,7,8123,1800,179000,4,5,2,2,2,5,6
489,7,8433,1514,190000,4,5,2,2,2,5,6
490,7,7750,1430,156000,4,5,2,2,2,5,7
491,7,15896,2312,245000,4,5,2,3,3,5,7
492,7,24682,1675,181000,4,5,2,2,2,5,6
493,7,8755,2060,214000,4,5,2,3,3,5,7
494,7,7848,1430,168000,4,4,2,2,2,6,7
495,7,9430,2365,337000,4,5,2,3,3,5,8
496,7,15138,2794,403000,4,5,2,3,4,5,8
497,7,12720,2687,327000,4,5,2,3,3,5,8
498,7,16545,2450,340000,4,5,2,3,3,5,8
499,7,12203,2612,336000,4,5,2,3,3,5,8
500,7,10208,2344,265000,4,5,2,3,3,5,7
501,7,10750,2063,315000,4,5,2,3,3,5,8
502,7,9900,2646,260000,4,5,2,3,3,5,7
503,7,9085,2061,260000,4,5,2,3,3,5,7
504,7,11692,2232,263550,4,5,2,3,3,5,8
505,7,46589,2448,402000,5,5,2,3,3,7,8
506,7,29959,1850,248000,4,5,2,3,3,6,7
507,7,9612,1468,244600,4,5,2,3,3,5,8
508,7,11194,1696,275000,4,5,2,3,3,5,8
509,7,10206,1658,257500,4,5,2,3,3,5,8
510,7,9262,1578,287090,4,5,2,3,4,5,8
511,7,10130,1702,275500,4,5,2,3,3,5,8
512,7,9139,1432,245000,4,5,2,3,3,5,8
513,7,9675,1971,253000,4,5,2,3,3,5,7
514,7,11128,2490,468000,4,5,2,4,4,5,9
515,7,8640,1852,252678,4,5,2,2,3,5,7
516,7,9000,1590,210000,4,5,2,3,3,5,8
517,7,7862,1218,208300,4,5,2,3,3,5,6
518,7,7993,1436,225000,4,5,2,3,3,5,7
519,7,8640,1314,229456,4,5,2,3,3,5,8
520,7,8640,1402,229800,4,5,2,3,3,5,7
521,7,12606,1530,250000,4,5,2,3,3,5,9
522,7,9187,1766,370878,4,5,2,4,4,5,9
523,7,7500,1448,238500,4,5,2,3,3,5,8
524,7,11003,2007,310000,4,5,2,4,4,5,10
525,7,10603,1795,270000,5,5,2,3,3,5,8
526,7,10574,1953,252000,4,5,2,3,3,5,8
527,7,8125,1550,241000,4,5,2,3,3,5,7
528,7,8125,1836,264500,4,5,2,3,3,5,8
529,7,10625,1662,291000,4,5,2,3,4,5,7
530,7,9375,2094,263000,4,5,2,3,3,5,7
531,7,7500,1221,185000,4,5,2,3,3,5,7
532,7,8736,1553,234500,4,5,2,3,3,5,7
533,7,8127,1653,209000,4,5,2,3,3,5,7
534,7,9605,1218,159000,4,5,2,3,3,6,7
535,7,7500,1141,152000,5,5,2,3,3,5,7
536,7,7500,1158,143500,4,5,2,2,3,5,6
537,7,10628,1812,193000,4,5,2,3,3,5,7
538,7,10141,1512,203000,4,5,2,3,3,5,8
539,7,10083,1200,184900,4,5,2,3,3,5,7
540,7,13072,1114,159000,4,5,2,3,3,5,7
541,7,13072,1114,142000,4,5,2,2,3,5,5
542,7,12450,1114,153000,4,5,2,2,3,5,5
543,7,7328,1450,224243,4,5,2,3,3,5,7
544,7,11492,2122,220000,4,5,2,3,3,5,7
545,7,10994,1844,257000,5,5,2,3,3,5,8
546,7,8529,1434,189000,4,5,2,3,3,5,7
547,7,7703,1730,171500,5,5,3,3,3,6,6
548,7,10762,1217,120000,4,5,2,2,2,6,6
549,7,7175,1332,145000,4,5,2,3,3,5,6
550,7,9109,1540,184000,4,5,2,3,3,5,7
551,7,10274,1400,162000,4,5,3,2,2,7,6
552,7,8250,1882,160000,0,0,2,2,2,7,6
553,7,8400,841,82000,3,4,1,1,2,4,4
554,7,9000,784,76000,3,3,2,2,2,3,6
555,7,9750,980,110000,4,4,2,2,2,5,5
556,7,7064,980,135000,4,4,2,2,2,6,5
557,7,8499,864,141000,4,4,2,2,2,6,5
558,7,9079,864,122000,4,4,2,2,2,5,5
559,7,9316,1020,124100,4,4,2,2,2,5,5
560,7,7791,912,129000,4,4,3,3,3,8,5
561,7,10000,1144,131400,4,4,2,2,2,6,5
562,7,8281,864,62383,4,4,2,2,2,5,5
563,7,7150,912,123000,4,4,2,2,2,6,5
564,3,15676,2014,275000,5,5,3,3,3,8,8
565,7,11949,1755,235000,4,5,3,3,3,8,7
566,4,2880,3005,280750,4,5,2,3,3,5,7
567,7,3951,1224,164500,4,5,2,3,3,5,6
568,7,3000,1224,173733,4,5,2,3,3,5,6
569,7,3830,1726,222000,4,5,2,3,3,5,6
570,7,4217,1256,195000,4,5,2,3,3,5,6
571,7,3230,1471,172500,4,5,2,2,2,5,6
572,7,2998,1512,180000,4,5,2,3,3,5,6
573,7,3768,1452,156000,4,5,2,3,3,5,7
574,7,2645,1739,172500,4,5,2,3,3,5,8
575,7,14694,1694,318750,5,5,4,4,4,9,8
576,7,3782,1226,211500,4,5,2,3,3,5,8
577,7,15417,1740,241600,4,5,2,3,3,5,7
578,7,9600,2499,180500,4,4,3,3,2,5,8
579,6,9991,1620,150000,4,4,2,2,2,4,4
580,7,11700,1556,154000,4,4,2,2,2,6,6
581,7,11717,1442,185000,4,4,2,2,2,6,6
582,7,9156,1489,185750,4,4,2,2,3,7,6
583,7,10382,2090,200000,4,5,2,2,2,6,7
584,7,12732,2067,206000,4,4,2,2,3,6,7
585,7,12936,1395,162000,5,4,2,2,2,6,6
586,7,10400,2640,256900,4,4,2,2,3,7,6
587,7,17871,1724,197900,4,5,2,2,2,5,6
588,7,9600,1336,163000,4,5,2,2,2,5,5
589,7,9000,1216,113000,4,4,2,2,2,5,6
590,7,13774,2288,230000,4,5,3,2,3,7,7
591,7,9650,1334,167900,4,5,2,2,2,5,6
592,3,10140,1680,213250,4,5,2,3,3,5,7
593,7,8400,1665,227000,4,5,2,3,3,6,8
594,7,7130,864,130000,4,4,2,2,2,6,5
595,7,9600,1568,143000,4,4,2,2,2,5,5
596,7,9100,925,117500,4,4,2,2,2,6,5
597,7,9600,2061,168500,4,4,2,2,2,5,7
598,7,16500,1320,172500,4,5,2,2,2,5,6
599,7,9790,1342,161500,4,4,2,2,2,5,6
600,7,7436,894,141500,4,4,2,2,2,7,4
601,7,8125,864,118000,4,4,2,2,2,7,5
602,7,9100,864,127500,4,4,2,2,2,6,6
603,7,9450,1362,140000,4,4,2,2,2,5,4
604,6,13495,1728,177625,4,4,3,2,2,6,5
605,7,11475,1776,110000,4,4,2,2,2,5,5
606,7,10004,1516,167000,4,4,2,2,2,6,6
607,7,9350,1313,153000,4,4,2,2,3,6,5
608,7,10500,1292,145100,4,4,3,2,2,5,5
609,7,11000,1154,154000,4,4,2,2,2,6,5
610,7,8970,2140,177500,4,4,3,2,2,6,5
611,7,12095,1445,158000,4,4,3,2,2,6,6
612,7,9600,1041,124500,4,4,2,2,2,6,5
613,7,11475,1576,174500,4,4,2,2,3,6,6
614,7,9768,960,122000,4,4,2,2,2,5,5
615,7,5330,708,82500,4,4,2,1,1,7,4
616,7,7015,1203,110000,4,4,2,2,3,4,5
617,7,12160,1505,149500,4,4,2,2,2,4,6
618,7,9900,1691,175000,4,4,2,3,2,5,6
619,7,9600,1644,167000,4,4,2,2,2,5,6
620,7,9600,1050,128900,4,4,2,2,2,6,5
621,5,9600,1668,140000,4,4,3,2,2,8,6
622,7,9600,1113,147000,4,4,2,3,3,7,5
623,4,8944,1584,124000,4,4,2,2,2,5,5
624,7,10573,1453,187500,4,4,2,2,2,6,6
625,7,9500,1394,159000,4,5,2,2,2,5,6
626,7,14695,1567,256000,4,4,3,2,3,8,6
627,7,13600,1986,205000,4,4,2,2,2,6,7
628,7,13000,2142,193500,4,5,3,2,3,6,6
629,2,13560,1392,110000,3,3,2,2,2,3,6
630,7,12513,1738,104900,3,4,3,2,2,4,4
631,7,8760,1144,150000,4,4,2,3,2,7,5
632,7,8400,1478,156500,4,4,2,2,2,3,6
633,7,12285,1329,176000,4,4,2,2,2,6,7
634,7,9240,988,149500,4,4,2,3,3,8,6
635,6,9600,1632,139000,4,4,2,2,2,6,6
636,7,12400,1215,155000,3,4,2,2,2,7,6
637,7,8750,1202,120000,4,4,2,2,2,5,5
638,7,8750,1382,153000,4,4,2,2,3,5,5
639,7,10400,1200,144000,4,4,2,2,2,5,4
640,7,19296,1382,176000,4,4,2,2,2,5,6
641,7,8532,1297,153000,4,4,2,2,2,6,5
642,7,9482,1866,135000,4,4,2,2,2,4,5
643,7,8128,1062,131000,4,4,2,2,2,7,6
644,5,10634,1319,123000,4,4,2,2,2,6,5
645,7,13070,1112,126000,4,4,2,2,2,5,5
646,7,10434,1005,115000,4,4,2,2,1,5,4
647,6,14559,1363,164900,4,4,2,3,2,7,5
648,7,8480,793,113000,4,4,3,2,1,6,5
649,7,7626,1031,145500,4,4,2,3,3,8,5
650,7,9533,1210,102900,0,0,2,2,2,5,5
651,7,10615,1699,95000,4,3,2,2,2,5,3
652,7,11419,1527,152500,4,4,2,2,2,7,7
653,7,9600,1200,129900,4,4,2,2,2,6,5
654,7,8000,972,132000,4,4,3,2,2,6,6
655,7,5470,792,99900,4,4,2,2,2,5,3
656,5,10410,1656,135000,4,3,2,2,2,7,5
657,7,10800,1352,149000,4,4,3,2,3,7,5
658,7,8146,1039,114000,4,3,3,3,2,8,4
659,7,9022,792,109500,4,4,2,3,3,8,5
660,7,10230,1078,125000,4,4,2,2,4,7,5
661,5,10410,2377,142900,4,4,2,2,3,5,4
662,7,7200,1690,156500,4,4,3,3,3,9,7
663,7,5400,599,59000,4,3,2,1,3,5,2
664,7,5400,1374,105000,4,4,2,1,2,6,4
665,7,10800,846,106000,4,4,2,2,3,7,5
666,7,10800,725,78500,4,4,2,2,2,5,3
667,7,9671,2544,190000,4,4,2,2,2,5,6
668,7,10143,1380,154000,4,4,2,2,2,7,6
669,6,11500,1040,163000,3,4,2,1,2,4,6
670,7,11643,2634,200000,4,4,2,2,2,5,5
671,7,8010,951,143500,4,4,3,3,3,9,6
672,7,10454,1105,135000,4,4,2,2,2,6,6
673,7,8712,1306,153000,4,4,3,2,2,7,5
674,7,17600,1478,157500,4,4,2,2,2,5,6
675,7,9000,1142,113500,4,5,2,2,2,6,6
676,7,12144,1268,133000,4,4,2,3,2,7,5
677,7,8544,1040,92900,0,0,2,2,2,4,3
678,7,8064,1133,128500,4,4,2,2,2,5,6
679,7,7200,1040,90000,0,0,2,2,2,5,4
680,6,7200,1904,138000,4,4,2,2,2,4,5
681,7,7350,1041,128000,4,4,2,2,2,6,5
682,6,7560,1339,139000,4,4,2,2,2,6,5
683,7,7200,732,118900,5,4,3,2,2,7,5
684,7,8000,1183,138000,4,5,2,2,2,5,5
685,7,7931,1148,132500,4,4,2,2,2,5,5
686,7,10800,1461,133500,4,4,2,2,2,7,4
687,7,8064,1495,135000,4,4,2,2,2,7,6
688,7,7570,1806,144750,4,4,2,2,2,5,6
689,7,8604,941,145000,4,5,3,2,3,7,5
690,7,7936,1045,127000,4,4,2,2,2,6,6
691,7,6600,894,109500,4,4,2,2,2,5,5
692,7,3950,1224,115000,4,4,2,2,2,8,6
693,7,10440,1230,110000,4,4,2,2,2,6,5
694,7,4080,1378,128900,4,4,2,2,3,8,6
695,7,10307,1944,103500,4,4,2,2,2,5,6
696,7,5720,1131,66500,4,4,2,2,2,6,5
697,7,15660,1306,130000,4,4,3,2,3,8,5
698,7,9900,1464,129000,4,4,2,3,2,8,5
699,7,6406,1558,150000,4,4,2,2,2,6,5
700,5,6600,2372,107500,4,4,2,2,2,4,5
701,7,7627,1701,94550,2,3,2,1,1,6,4
702,7,7596,1960,124500,4,4,2,2,2,5,5
703,7,3378,1389,135000,4,4,3,2,2,8,7
704,7,10134,1447,103000,4,3,2,2,2,5,5
705,5,6000,936,93000,4,3,2,1,2,4,4
706,7,6000,1328,129500,4,4,4,2,2,7,5
707,7,6000,1387,93000,4,4,2,2,3,4,5
708,7,7404,861,80000,4,3,2,2,2,6,4
709,7,5925,612,45000,0,0,3,2,2,4,2
710,7,5925,968,37900,4,4,2,2,2,6,3
711,7,5784,886,91300,4,3,2,2,2,8,5
712,7,8520,792,99500,4,3,2,3,2,8,5
713,7,4456,1452,113000,4,4,2,2,2,5,4
714,7,9600,1510,87500,4,3,3,3,3,4,4
715,7,3500,1284,110000,4,4,2,2,2,7,5
716,7,8100,2138,106000,4,4,2,2,2,5,5
717,7,11700,2640,265979,3,4,2,3,3,7,7
718,7,8400,2007,160000,5,3,2,2,4,7,6
719,7,3600,1288,119000,4,4,2,2,4,7,6
720,7,17671,1742,168000,4,4,3,3,3,9,8
721,7,3300,816,58500,4,4,2,2,2,3,4
722,7,9000,1482,143000,4,4,3,2,2,9,7
723,2,7200,1022,85000,4,4,2,2,2,4,5
724,7,8820,1869,124900,4,4,2,2,2,6,5
725,7,5400,1480,119000,4,4,2,1,2,6,6
726,7,9720,1521,146500,4,4,2,2,3,7,6
727,7,7879,720,34900,4,4,2,2,2,5,4
728,7,9392,797,44000,4,3,1,2,2,3,3
729,7,21384,1576,223500,4,4,2,2,3,6,5
730,7,6615,1432,149000,4,4,2,2,3,6,6
731,7,7264,1548,205000,4,4,3,3,4,7,7
732,7,4960,1654,137000,4,4,2,2,2,7,5
733,7,8854,952,121000,4,4,2,2,1,6,6
734,7,6000,1324,128000,4,4,2,2,2,6,4
735,7,6000,1176,134900,4,4,2,3,2,9,6
736,7,6000,1348,117000,4,4,2,2,2,8,5
737,7,6000,1412,132500,4,4,1,2,2,6,6
738,7,6000,1142,93000,4,4,2,2,2,5,5
739,7,6000,904,119000,4,4,2,3,2,7,6
740,6,6911,1301,100000,4,4,2,2,1,5,5
741,7,6120,1539,141500,4,4,1,2,2,6,5
742,7,6120,1573,133000,4,4,2,2,3,7,4
743,3,6120,800,60000,3,4,1,1,1,3,2
744,7,6120,875,105000,4,4,2,2,2,7,5
745,7,6120,995,115000,4,4,2,2,2,6,5
746,7,6120,1582,150000,3,4,2,2,2,6,5
747,7,8635,1072,126500,4,4,1,2,2,5,5
748,7,11888,2134,214500,4,4,2,2,3,6,6
749,7,11414,2019,167500,4,5,3,2,3,8,7
750,7,8094,1768,155000,4,4,2,2,2,6,6
751,5,2500,1826,155000,4,4,2,3,4,8,7
752,5,9928,1944,179900,4,4,3,2,2,8,7
753,7,5520,2229,104000,4,4,2,2,2,6,6
754,1,3000,2128,62500,3,4,2,2,2,1,5
755,7,6876,1930,149000,3,4,2,2,2,5,6
756,7,6240,1208,103000,4,4,2,2,2,5,4
757,7,5775,1427,123000,4,4,2,2,3,7,6
758,7,5852,1864,97500,3,4,1,2,2,5,7
759,7,5160,1666,135000,4,4,1,2,2,6,6
760,5,5160,892,70000,3,5,3,2,3,6,4
761,7,10320,1403,116000,4,4,3,2,2,7,6
762,7,4280,704,88750,4,3,3,2,1,9,4
763,7,10800,1200,179000,5,5,2,2,2,5,5
764,7,10800,1200,179000,5,5,3,2,2,5,5
765,7,10547,1152,159900,5,5,2,2,2,5,5
766,3,10020,904,61000,2,3,1,1,1,1,1
767,7,6629,1369,103600,4,4,3,2,2,6,6
768,7,9780,1112,63000,4,4,2,2,2,3,5
769,5,12886,1464,175000,4,5,2,2,2,6,5
770,7,8816,1121,139000,4,4,2,2,2,6,5
771,7,11184,1683,172500,4,4,2,2,2,5,6
772,7,11625,1052,113500,4,4,2,2,2,6,5
773,7,7800,899,130000,4,4,2,2,3,7,5
774,7,8014,1034,149900,4,5,2,2,2,5,6
775,7,7252,858,134900,4,5,2,2,2,5,5
776,7,8740,860,137000,4,4,2,2,2,6,5
777,7,11616,1092,139000,4,4,2,2,2,5,5
778,7,15400,1774,165000,5,4,2,2,2,5,5
779,7,15312,1138,148000,4,4,2,2,2,5,6
780,7,15584,2071,165000,4,4,2,2,2,5,5
781,5,9000,660,63900,0,0,2,2,1,2,2
782,5,11250,1788,161500,4,4,2,2,2,5,4
783,7,25095,1473,143000,4,4,2,2,4,8,5
784,7,17140,1229,135000,4,4,2,2,2,6,4
785,7,12342,861,82500,4,4,2,2,2,5,4
786,7,10708,1867,190000,4,4,2,3,2,5,5
787,5,13680,1733,139600,0,0,2,2,2,5,3
788,4,15635,1383,122000,0,0,2,2,2,5,4
789,7,9855,1689,127500,4,4,2,2,2,5,6
790,7,9571,1073,121500,4,4,2,2,2,5,5
791,4,9571,1276,60000,3,4,1,2,2,3,5
792,7,9350,1639,154400,4,4,2,2,3,7,6
793,7,9340,672,113000,4,4,2,2,2,6,4
794,7,7440,1089,125000,4,5,2,2,2,6,5
795,7,11500,845,84000,0,0,3,2,2,3,4
796,7,4235,1049,139500,4,5,2,3,3,5,5
797,5,11409,1716,131000,4,4,2,2,2,4,5
798,7,9060,1258,105000,4,4,2,2,2,5,6
799,7,9084,1510,108000,4,4,2,2,2,5,4
800,7,10778,1061,162000,4,5,2,3,3,6,7
801,5,19255,1338,156500,4,5,2,3,3,5,6
802,5,12327,2132,316600,4,5,2,3,3,8,8
803,7,14684,2196,271900,4,5,2,3,3,7,7
804,7,9317,1775,213000,4,5,2,3,3,5,7
805,7,10560,1879,239900,5,5,3,3,3,5,7
806,7,9828,2020,239500,4,5,2,3,3,5,8
807,4,26400,2016,131000,0,0,2,3,2,7,5
808,7,7018,1535,118964,0,0,1,2,2,5,5
809,7,7018,1224,153337,4,5,2,2,2,5,5
810,7,7018,2228,147983,0,0,2,2,2,5,5
811,7,7018,1535,118858,0,0,2,2,2,5,5
812,7,7018,1535,118858,0,0,2,2,2,5,5
813,7,7018,2240,142953,0,0,2,2,2,5,5
814,7,7040,1229,148325,4,5,2,2,3,5,5
815,7,7007,1513,113722,0,0,2,2,2,5,5
816,7,11855,2787,269500,4,5,2,2,2,5,7
817,7,7939,2787,269500,4,5,2,2,2,5,7
818,7,7976,2787,269500,4,5,2,2,2,5,7
819,7,10933,1680,323262,4,5,2,4,4,5,9
820,7,10637,1718,297000,4,5,2,3,3,5,8
821,7,10226,1630,295493,4,5,2,3,4,5,8
822,7,10816,1720,332000,4,5,2,4,4,5,9
823,7,9178,1468,239900,4,5,2,3,3,5,8
824,7,10769,1768,212000,4,5,2,3,3,5,8
825,7,11422,1838,272500,4,5,2,3,3,5,8
826,7,11923,1800,239000,4,5,2,3,4,5,9
827,7,8814,1604,220000,4,5,2,3,3,5,7
828,7,6762,1290,200000,4,5,2,3,3,5,7
829,7,10324,1254,221800,4,5,2,3,3,5,8
830,7,7314,1232,194500,4,5,2,3,3,5,7
831,7,11645,1498,237000,4,5,2,3,3,5,8
832,7,11646,1422,173000,4,5,2,3,3,5,6
833,7,12800,1644,275000,4,5,2,3,3,5,7
834,7,16698,1759,233500,4,5,2,3,3,5,7
835,5,28698,2126,185000,5,4,2,2,2,5,5
836,7,12464,1040,152000,4,5,3,2,3,5,5
837,7,9757,990,143000,4,4,3,2,2,7,5
838,7,15426,1764,231500,4,5,2,2,3,5,6
839,7,10667,1661,212000,4,5,2,3,3,6,7
840,7,14753,1463,207000,4,5,2,2,2,5,7
841,7,10859,1097,145000,4,5,2,2,2,5,5
842,7,8072,990,138000,5,5,3,2,2,5,5
843,7,10400,1779,197900,4,5,2,2,3,5,7
844,7,10335,1501,204000,4,5,2,3,3,5,7
845,7,9017,1431,192000,4,5,2,3,3,5,7
846,7,8750,1772,200000,4,5,2,2,2,5,6
847,7,8935,1660,195000,4,5,2,3,3,5,7
848,7,9808,1573,227000,4,5,2,3,3,5,7
849,7,12420,1840,230000,4,5,2,3,3,5,7
850,7,16285,1430,187100,4,5,2,3,3,5,7
851,7,10739,1444,203000,4,5,2,3,3,5,7
852,7,11166,1492,201000,4,5,2,3,3,5,7
853,7,8430,1040,124000,4,5,2,2,2,5,5
854,7,16269,907,140000,4,5,2,2,2,5,5
855,7,6950,914,134900,4,4,2,2,2,7,5
856,7,8800,1040,150500,4,5,2,2,3,7,5
857,7,7000,864,136500,4,4,3,3,2,8,5
858,7,9286,1268,143500,5,5,2,2,3,7,5
859,7,15523,864,133500,4,4,2,2,2,6,5
860,7,7200,894,123000,4,4,2,2,2,5,5
861,7,7200,768,133900,4,5,3,2,2,8,5
862,7,8445,768,133000,4,5,2,2,2,7,5
863,7,11664,1611,250000,4,5,2,3,3,5,7
864,7,12334,2184,254750,4,5,2,3,3,5,8
865,7,11838,1788,236500,4,5,2,3,4,5,8
866,7,11885,1872,261500,4,5,2,3,4,5,8
867,7,11050,2153,313000,4,5,2,3,4,5,9
868,7,8749,1725,198500,4,5,2,3,3,5,7
869,7,11250,1870,211000,4,5,2,3,3,5,7
870,7,15750,1513,220000,4,5,2,3,3,5,8
871,7,11883,1504,203000,4,5,2,3,3,5,7
872,7,12782,1828,279500,4,5,2,3,3,5,8
873,7,8750,1417,210000,4,5,2,3,3,5,7
874,7,9375,2034,219500,4,5,2,2,3,5,7
875,7,8750,1716,191000,4,5,2,3,3,5,7
876,7,9100,1212,178000,4,5,2,3,3,5,7
877,7,9750,1630,213000,4,5,2,3,3,5,7
878,7,4435,848,144000,4,5,2,3,3,5,6
879,7,4435,848,140000,4,5,2,3,3,5,6
880,7,10200,1602,293200,4,5,2,3,3,5,8
881,7,9313,1728,190000,4,5,2,3,3,5,7
882,7,8487,1500,190000,4,5,2,3,3,5,7
883,7,8633,1476,173500,4,5,2,3,3,5,6
884,7,11069,1396,170000,4,5,2,3,3,5,6
885,7,8777,1126,108000,0,0,2,2,3,5,4
886,7,9937,1486,167000,4,4,3,2,2,7,5
887,7,8877,816,100000,4,4,2,2,2,6,4
888,7,7301,1922,198500,0,0,2,3,3,5,7
889,7,7950,1426,159500,4,4,2,2,2,6,6
890,6,10682,1149,127000,4,4,2,2,2,6,4
891,7,7200,1125,125000,4,4,2,2,2,6,6
892,7,13286,1698,320000,4,5,2,4,4,5,9
893,7,3675,1072,145500,4,5,2,2,2,5,6
894,7,9405,698,118000,4,4,4,2,2,9,5
895,7,6410,876,85000,4,4,2,2,2,5,4
896,6,11767,1368,120000,4,3,2,2,2,5,5
897,4,8405,1529,98000,0,0,2,2,2,3,4
898,7,4060,864,99900,4,3,2,2,2,8,5
899,6,10206,944,82000,0,0,2,2,1,3,3
900,7,10926,1678,119900,4,4,2,2,2,5,5
901,6,11767,1560,103500,4,4,2,2,2,5,5
902,7,8926,960,112000,4,4,2,2,2,3,4
903,7,12354,1196,110000,3,4,2,2,3,8,6
904,7,8212,1298,122000,4,4,2,2,2,6,5
905,5,10998,1604,117000,4,4,2,2,2,5,5
906,7,6300,1268,160000,3,4,2,2,2,4,5
907,7,4500,1520,159434,4,4,2,2,2,5,5
908,7,8400,438,60000,3,4,2,2,1,5,2
909,7,9900,1489,139500,4,4,2,2,2,7,6
910,7,15863,3082,197000,4,4,2,2,2,3,7
911,7,5707,1242,105000,4,4,2,2,2,6,6
912,5,7804,1981,135000,4,4,2,2,3,3,4
913,7,8574,1232,147500,4,4,2,3,3,8,6
914,7,6171,1608,137450,4,4,2,2,3,6,6
915,7,7200,1135,155000,5,5,3,3,3,9,7
916,7,7558,1913,177000,4,4,2,2,2,6,6
917,7,6292,1477,145000,4,4,2,2,2,7,7
918,7,7155,1228,137000,3,4,2,2,2,8,7
919,7,10918,2080,234000,4,5,2,3,3,9,7
920,5,13680,1567,205000,4,4,2,2,2,6,5
921,7,7500,1494,177500,4,4,2,2,3,7,6
922,5,9600,1308,160000,3,4,3,3,2,7,5
923,7,14680,1273,155000,4,4,2,2,2,4,5
924,7,13360,964,163500,4,5,3,2,2,7,5
925,7,7681,1343,154900,4,4,2,2,2,6,5
926,7,8145,2480,205000,4,4,2,2,2,6,7
927,7,9100,1112,144800,4,4,3,2,2,6,5
928,7,12000,1564,174500,4,4,2,2,1,7,7
929,7,13339,1561,193000,4,4,2,2,2,6,6
930,2,15600,1523,158000,4,4,2,2,1,7,5
931,7,14000,1152,158500,4,4,3,2,3,8,6
932,7,17500,1906,224000,4,4,2,2,2,5,6
933,7,1733,1032,115000,4,4,2,2,2,6,6
934,7,1488,1229,137000,4,5,3,2,3,6,6
935,7,1612,1229,121000,4,5,2,2,2,6,6
936,7,1300,1229,124000,4,5,2,2,2,6,6
937,7,13607,1982,208000,4,4,3,2,2,6,6
938,6,17597,2365,315000,4,5,3,3,4,9,7
939,7,21695,1680,222000,4,5,3,3,3,9,6
940,7,10690,1344,147000,3,4,3,2,2,7,5
941,7,8660,2168,123000,4,4,2,2,3,6,5
942,7,6402,1192,78000,4,4,2,2,2,5,5
943,7,8470,1526,85000,3,4,1,1,1,2,3
944,7,10200,572,75000,4,4,2,2,2,6,4
945,7,3843,1648,230000,4,5,2,4,4,5,8
946,6,21780,810,57625,0,0,1,1,2,4,2
947,7,10125,2052,251000,4,5,2,3,3,5,8
948,7,12822,2149,239686,4,5,2,3,3,5,7
949,7,12118,1710,240000,4,5,2,3,3,5,7
950,7,12209,1961,215000,4,5,2,2,3,5,6
951,7,9750,926,156450,4,4,2,2,2,6,6
952,7,9360,1287,173000,4,5,2,2,2,7,6
953,7,10125,1734,126000,0,0,2,2,3,5,5
954,7,9947,1217,173000,4,5,2,2,3,5,7
955,7,11070,1595,152000,4,5,2,2,2,5,5
956,7,14375,1344,137500,4,4,2,2,3,6,6
957,7,215245,2036,375000,4,5,2,2,2,5,7
958,7,12898,1620,315500,4,5,2,3,4,5,9
959,7,13159,1692,224500,4,5,2,2,3,5,7
960,7,13438,2036,410000,4,5,2,4,4,5,9
961,7,14463,1641,316500,4,5,2,4,4,5,9
962,7,8925,1466,201000,4,5,2,3,3,5,8
963,7,11457,1412,175000,4,5,2,2,3,5,6
964,7,9839,2237,204000,4,5,3,2,3,8,6
965,6,14419,1479,213500,4,5,2,2,3,5,7
966,7,6853,1296,220000,4,5,2,3,3,5,8
967,7,9157,2014,170000,4,5,2,3,3,5,7
968,7,14601,1838,315000,4,5,2,4,4,5,9
969,7,12633,1978,425000,4,5,2,4,4,5,9
970,7,12518,1008,139500,4,4,2,2,3,7,5
971,6,21750,1771,115000,0,0,1,2,2,4,5
972,7,4500,1204,162000,4,5,2,2,2,5,6
973,7,4500,1224,165000,4,5,2,2,2,5,6
974,7,1596,988,91000,4,5,2,2,2,5,4
975,7,9858,874,130000,4,4,2,2,2,6,5
976,7,1526,630,86000,4,5,3,2,3,8,4
977,7,13383,1404,160000,4,4,2,2,2,5,5
978,7,1477,630,80000,4,5,2,2,2,4,4
979,7,1533,1344,97000,4,4,2,2,2,6,4
980,7,2217,1092,88000,4,4,2,2,2,4,4
981,7,7689,796,131900,4,5,2,2,2,8,5
982,7,7706,1091,131250,4,5,3,2,2,5,6
983,7,9101,1110,165500,4,5,3,2,3,6,5
984,7,8780,833,112000,4,4,2,2,2,5,5
985,7,7669,883,149000,4,5,2,2,2,6,5
986,7,14115,1362,143000,4,5,2,2,2,5,5
987,7,10429,1287,130000,4,5,2,2,2,5,5
988,7,9819,1567,196000,4,4,2,2,3,5,6
989,7,10457,1632,173000,4,4,4,3,2,7,5
990,6,11029,1414,176500,4,5,2,4,2,8,6
991,7,12925,2117,237500,4,4,2,2,2,7,6
992,7,11075,2112,206900,4,3,2,2,2,5,6
993,7,8702,1604,187500,4,4,2,2,2,5,6
994,7,8139,1470,165000,4,5,2,2,2,5,6
995,7,9535,1604,195500,4,5,2,2,2,5,6
996,7,9042,1638,192000,4,5,2,2,2,5,6
997,7,15038,1636,173000,4,5,2,2,2,5,6
998,7,14137,1384,177900,4,5,2,3,3,5,5
999,7,21872,1446,175000,4,5,2,2,2,5,7
1000,7,4923,1593,286000,4,5,2,3,4,5,8
1001,6,6264,1682,247900,4,5,2,3,3,5,8
1002,7,5395,1337,180000,4,5,2,3,3,5,8
1003,7,5070,1280,180000,4,5,2,3,3,5,8
1004,7,10839,1604,181000,4,5,2,2,2,5,6
1005,7,11184,1633,183000,4,5,2,2,2,5,6
1006,7,8000,1658,188000,4,5,2,2,2,5,6
1007,7,10832,1895,194500,4,5,2,3,3,5,7
1008,7,14067,1709,185000,4,5,2,2,3,5,6
1009,7,4671,1228,189000,4,5,2,3,3,5,8
1010,7,5950,1337,188500,4,5,2,3,3,5,8
1011,7,13543,2500,355000,4,5,2,3,4,5,8
1012,7,11198,2504,325000,5,5,2,3,4,5,9
1013,7,15401,1884,387000,4,5,2,4,4,5,9
1014,5,31220,1474,115000,4,4,2,2,2,2,6
1015,7,8118,1710,334000,4,5,2,4,4,5,9
1016,7,47280,1488,133000,4,4,2,2,2,5,6
1017,7,20544,2093,215000,4,5,3,2,2,6,7
1018,7,12680,1688,226500,5,5,2,3,4,6,7
1019,7,12090,1422,175500,4,5,3,2,3,6,6
1020,7,10825,1260,181900,4,5,2,3,2,7,7
1021,7,18559,2064,235000,4,5,3,3,3,5,7
1022,7,14450,1782,220000,3,5,2,3,3,5,7
1023,7,12227,2872,272000,5,5,3,2,2,7,6
1024,7,13068,1211,161000,4,5,2,2,3,5,6
1025,7,15611,1126,175000,4,5,2,2,4,6,5
1026,6,10400,2044,185000,4,5,2,2,2,6,7
1027,7,9743,1308,146900,3,4,2,2,2,6,5
1028,5,12511,2840,292500,4,5,2,3,3,7,7
1029,7,11361,1523,180000,4,5,2,2,2,5,6
1030,7,10400,1444,159900,4,4,2,2,2,5,6
1031,7,10480,1964,205000,4,4,2,2,2,6,7
1032,7,10000,1178,157000,4,5,2,2,3,6,5
1033,7,14311,2340,306000,4,5,2,3,3,5,8
1034,7,9000,1792,133000,4,5,2,2,2,5,5
1035,7,9750,1054,151000,4,5,2,2,2,8,6
1036,7,10295,936,111900,4,5,2,2,2,6,4
1037,7,7560,864,123000,4,5,2,2,2,5,5
1038,7,12735,864,111250,4,4,2,2,2,5,4
1039,7,4060,1337,181000,4,5,2,3,3,5,6
1040,7,1680,987,103400,4,4,2,2,2,5,6
1041,7,1680,987,100000,4,4,2,2,2,5,6
1042,7,1890,987,100500,4,4,2,2,2,6,6
1043,7,1869,987,106000,4,4,2,2,2,6,6
1044,7,1680,987,85400,4,4,2,2,2,5,6
1045,7,1680,987,89500,4,4,2,2,2,3,6
1046,7,1680,1302,111750,4,4,2,2,2,5,5
1047,7,4043,1069,140000,4,5,2,2,2,6,6
1048,7,2308,1456,143000,4,5,2,2,2,6,6
1049,7,2529,1055,148500,4,5,2,2,2,6,7
1050,7,9477,892,110000,4,4,2,2,2,5,5
1051,7,12444,1932,394617,4,5,2,4,4,5,8
1052,7,12474,2332,426000,4,5,2,4,4,5,10
1053,7,14803,2084,385000,4,5,2,4,4,5,10
1054,7,14948,2713,446261,4,5,2,4,4,5,9
1055,7,12704,1582,317500,4,5,2,3,3,5,8
1056,7,13891,1710,372402,4,5,2,3,3,5,8
1057,7,13693,2464,417500,4,5,2,3,4,5,8
1058,7,14418,1950,383000,4,5,2,4,4,5,9
1059,7,13418,2748,390000,4,5,2,3,4,5,9
1060,7,12539,2790,460000,4,5,2,4,4,5,10
1061,7,12151,2331,379000,4,5,2,3,4,5,9
1062,7,8899,2088,250000,4,5,2,4,3,5,8
1063,7,10574,2332,316000,4,5,2,3,4,5,8
1064,7,12720,2470,615000,4,5,2,4,4,5,10
1065,7,13688,2668,412500,4,5,2,3,4,5,9
1066,7,10625,2046,284000,4,5,2,3,3,5,7
1067,7,10845,1575,284000,4,5,2,3,3,5,8
1068,7,16900,2649,421250,4,5,2,3,3,5,8
1069,7,16451,2690,370000,4,5,2,3,3,5,8
1070,7,10110,1866,336860,4,5,2,4,4,5,9
1071,7,8769,1702,367294,4,5,2,4,4,5,9
1072,7,12304,1367,192000,4,5,2,3,3,5,7
1073,7,12677,1518,274000,4,5,2,4,4,5,8
1074,7,8849,1684,266000,4,5,2,4,4,5,9
1075,7,8232,1800,370967,4,5,2,4,4,5,9
1076,7,6240,1342,234250,4,5,2,3,3,5,8
1077,7,6240,1342,219500,4,5,2,3,3,5,8
1078,7,2448,1626,155000,4,5,2,3,3,5,7
1079,7,2448,1626,154000,4,5,2,3,3,5,7
1080,7,8198,1358,207000,4,5,2,3,3,5,7
1081,7,3940,1455,195000,4,5,2,3,3,5,7
1082,7,3940,1576,219990,4,5,2,3,3,5,7
1083,7,3182,1504,191000,5,5,2,3,3,5,7
1084,7,3182,1266,159895,4,5,2,3,3,5,7
1085,7,3710,1246,187687,4,5,2,3,3,5,7
1086,7,9024,1515,179000,4,5,2,3,3,5,6
1087,7,7415,1593,193000,4,4,2,2,2,5,6
1088,7,9587,1166,190000,4,5,2,3,3,5,7
1089,7,8029,1456,176000,4,5,2,2,3,5,6
1090,7,8010,1720,188000,4,5,2,3,3,5,7
1091,7,8396,1986,213000,4,5,2,3,3,5,7
1092,7,7301,1358,217300,4,5,2,3,3,6,7
1093,7,10261,1792,186500,4,5,2,2,2,5,6
1094,7,8220,1892,226750,4,5,2,3,2,5,7
1095,7,15384,1490,184000,4,5,2,3,3,5,7
1096,7,7750,1414,176000,4,5,2,3,3,5,7
1097,7,12460,2322,225000,4,5,2,3,2,5,7
1098,7,8390,1651,185900,4,5,2,2,2,5,7
1099,7,9660,2199,284500,4,5,2,3,3,5,8
1100,7,9200,2630,315000,4,5,2,3,3,5,8
1101,7,14260,2198,250000,4,5,2,3,3,5,8
1102,7,11000,2172,291000,4,5,2,3,4,5,9
1103,7,11675,2006,350000,4,5,2,3,3,5,8
1104,7,10990,2125,279500,4,5,2,3,3,5,7
1105,7,11929,2501,290000,4,5,2,3,3,7,8
1106,7,10437,2113,350000,4,5,3,3,3,6,8
1107,7,10542,2418,341000,4,5,2,3,3,5,7
1108,7,10010,2197,287500,4,5,2,3,3,5,7
1109,7,10944,2127,271000,4,5,2,3,3,5,7
1110,7,14303,1987,301500,4,5,2,3,3,5,8
1111,7,11932,1580,235128,4,5,2,3,3,5,8
1112,7,14598,1933,214000,4,5,2,3,3,5,6
1113,7,11957,1574,232000,4,5,2,3,3,5,8
1114,7,13253,1578,240000,4,5,2,3,3,5,7
1115,7,14587,1506,264132,4,5,2,3,4,5,9
1116,7,10206,1563,245000,4,5,2,2,3,5,8
1117,7,12274,1428,227680,4,5,2,3,4,5,7
1118,7,9801,1861,257000,4,5,2,3,3,5,8
1119,7,9428,1874,297900,4,5,2,3,3,5,8
1120,7,10037,1460,247000,4,5,2,3,3,5,8
1121,7,8640,1372,212700,4,5,2,3,3,5,8
1122,7,8640,1372,250580,4,5,2,3,3,5,7
1123,7,11639,1428,182000,4,5,2,3,3,5,7
1124,7,9803,1768,226700,4,5,2,3,3,5,7
1125,7,9375,1992,250000,4,5,2,3,3,5,8
1126,7,10625,1958,250000,4,5,2,3,3,5,7
1127,7,10800,2078,339750,4,5,2,3,4,5,8
1128,7,8125,1665,205950,4,5,2,3,3,6,7
1129,7,10625,1660,256000,4,5,2,3,3,5,8
1130,7,7500,1218,230348,4,5,2,3,3,5,7
1131,7,8791,1728,207500,4,5,2,3,3,5,6
1132,7,7500,1080,141000,4,5,2,2,3,5,7
1133,7,10110,1696,188000,4,5,2,3,3,5,6
1134,7,12774,1663,192500,4,5,2,3,3,5,7
1135,7,13072,1175,146000,5,5,2,2,3,5,6
1136,7,13695,1114,159000,4,4,2,2,3,5,5
1137,7,13695,1114,155000,4,5,2,2,3,5,6
1138,7,8366,1640,173000,4,5,2,3,3,5,6
1139,7,9260,1162,170000,4,5,2,3,3,5,7
1140,7,8453,1609,182000,4,5,2,3,3,5,6
1141,7,8480,1680,163000,4,5,2,3,3,5,6
1142,7,8125,1679,193500,4,5,2,2,3,5,6
1143,7,14565,1657,189000,4,5,2,3,3,5,7
1144,7,8450,1677,190500,4,5,2,3,3,5,6
1145,7,8285,1737,175000,4,5,2,3,3,5,7
1146,7,7153,1294,179200,4,5,2,2,3,5,6
1147,7,9291,1710,187000,4,5,2,3,3,5,6
1148,7,8012,1617,193000,4,5,2,3,3,5,6
1149,7,7892,1199,153900,4,5,2,3,3,5,6
1150,7,9100,984,128000,5,4,2,2,2,5,5
1151,7,12968,912,144000,4,4,2,2,2,6,5
1152,7,8100,864,135000,4,4,3,2,3,8,5
1153,7,8450,890,115000,3,4,2,2,2,5,5
1154,7,6360,864,119916,5,5,2,2,2,5,5
1155,7,6768,912,142000,4,4,3,2,3,8,6
1156,7,19508,1430,192000,4,4,2,2,2,5,6
1157,7,10759,1641,140000,4,5,3,2,2,4,5
1158,7,9205,2683,290000,4,5,2,3,3,5,6
1159,7,11025,2786,372500,4,5,2,3,3,5,9
1160,7,4282,1391,196000,4,5,2,3,3,5,7
1161,7,4017,1250,171900,4,5,2,3,3,5,7
1162,7,3435,1245,178000,4,5,2,3,3,5,7
1163,7,3180,1200,165000,4,5,2,3,3,5,6
1164,7,3180,1392,146000,4,5,2,3,3,5,7
1165,7,3604,1392,146000,4,5,2,3,3,5,7
1166,7,2280,1501,179400,4,5,2,2,2,5,7
1167,7,2280,1549,172900,4,5,2,2,2,5,6
1168,7,4765,1638,300000,4,5,2,3,4,5,9
1169,7,4538,1310,285000,4,5,2,3,3,5,9
1170,7,4385,1419,290000,4,5,2,3,4,5,9
1171,7,4109,1557,305000,4,5,2,3,4,5,9
1172,7,5119,1709,328900,4,5,2,3,3,5,9
1173,7,2160,1252,160000,4,5,2,3,3,5,7
1174,7,2160,1404,170000,4,5,2,3,3,5,7
1175,7,10646,1789,223000,4,4,2,2,2,5,7
1176,7,2645,1586,170000,4,5,2,3,3,5,8
1177,7,2645,1607,200000,4,5,2,3,3,5,8
1178,7,3951,2393,345000,4,5,2,4,4,5,10
1179,7,14963,1288,245500,4,5,2,3,4,5,8
1180,7,11064,1239,217500,4,5,2,3,3,5,8
1181,7,10846,1719,324000,4,5,2,3,3,5,8
1182,7,11120,1232,162500,4,5,2,2,2,6,6
1183,7,24572,2944,150000,4,5,3,3,3,3,9
1184,7,16280,1671,290000,5,5,4,4,4,9,8
1185,7,7500,1812,205000,4,5,2,3,2,5,7
1186,7,10400,1682,174000,4,4,2,2,2,6,7
1187,7,11104,1427,183000,4,4,2,2,2,6,6
1188,7,11050,1740,150000,4,4,2,2,2,5,6
1189,7,11040,1258,145000,4,4,3,3,3,7,6
1190,7,15387,1620,215000,4,4,2,2,3,7,7
1191,7,9750,1625,140500,4,4,2,2,2,6,5
1192,7,10800,2614,240000,4,4,2,2,2,7,6
1193,7,8814,1464,141000,4,4,2,2,2,6,5
1194,7,8872,912,147000,4,4,2,2,3,8,5
1195,7,8125,925,135000,4,4,2,3,2,7,5
1196,7,11072,1728,145000,4,4,2,2,2,5,5
1197,7,13101,1728,142600,4,4,2,2,2,5,5
1198,7,9246,1656,135000,4,4,2,2,2,5,5
1199,7,13355,1670,170000,5,5,2,2,2,6,7
1200,7,8963,2715,299800,5,4,3,4,3,9,8
1201,7,9120,1876,185000,4,4,2,3,3,6,6
1202,7,9130,1632,173000,4,4,2,2,3,8,6
1203,7,12122,999,178400,4,4,2,4,4,9,7
1204,7,9900,1978,176000,4,4,2,2,2,5,7
1205,7,7785,1014,98000,0,0,2,2,2,5,5
1206,7,8593,907,109008,4,4,2,2,2,6,4
1207,7,8475,952,135750,4,4,2,2,2,7,4
1208,7,8700,1128,155000,4,4,3,2,2,6,5
1209,7,10175,1425,180500,4,4,2,2,2,5,6
1210,7,9020,1165,174900,4,4,2,2,2,7,6
1211,7,9200,1136,140000,4,4,2,2,2,6,6
1212,7,8250,1092,145000,4,5,2,2,2,7,6
1213,7,9350,1265,179900,4,4,3,2,3,8,5
1214,7,9020,1350,168500,4,4,2,2,2,5,6
1215,7,9900,1114,140000,4,4,3,2,2,5,5
1216,7,10007,1053,145500,4,4,2,3,3,7,5
1217,7,10721,1252,142000,4,4,2,3,3,6,6
1218,7,12493,1100,141000,4,4,2,2,2,5,4
1219,7,11332,1118,153000,4,4,2,2,3,7,5
1220,7,6627,720,72500,0,0,2,2,2,6,3
1221,2,4130,729,52000,4,4,2,3,2,6,3
1222,7,7420,1077,118000,4,4,2,2,2,6,5
1223,7,4882,906,87000,4,4,2,2,2,7,4
1224,7,9600,1496,141500,4,4,1,1,3,6,5
1225,7,9600,1252,119000,4,4,2,2,2,5,6
1226,7,9600,1337,141500,4,4,3,2,3,8,5
1227,7,9600,1661,165500,4,4,2,2,3,6,6
1228,7,7584,1036,112900,4,4,2,2,2,5,5
1229,7,13700,1820,201800,4,4,2,2,3,6,7
1230,7,10197,1362,163000,4,4,2,2,2,5,6
1231,7,7875,1144,139950,4,4,2,2,2,6,5
1232,7,8400,1537,174000,4,4,3,3,3,9,6
1233,7,9150,1431,165000,4,5,2,2,2,5,6
1234,7,14670,1988,227000,4,4,3,3,3,7,6
1235,7,7390,1098,135000,4,4,2,2,2,7,5
1236,7,9204,1144,124000,4,4,2,2,2,5,5
1237,7,7763,1283,140000,4,4,3,2,2,7,5
1238,7,8856,1176,136500,4,4,2,2,2,4,5
1239,7,9840,1440,185000,4,4,2,2,3,7,5
1240,7,9120,1261,163000,4,4,2,2,2,6,6
1241,7,13200,1570,166800,4,4,2,2,2,6,6
1242,7,9000,1196,139000,4,5,2,2,2,5,6
1243,7,11900,1392,166000,4,4,2,2,2,5,6
1244,7,9464,1080,136000,4,4,3,2,2,7,6
1245,7,10425,1104,133000,4,4,2,2,2,5,5
1246,7,11556,882,116000,4,4,2,2,3,6,5
1247,7,9373,1152,137500,4,4,2,2,2,6,5
1248,7,12774,950,130000,4,4,2,2,2,5,5
1249,7,14250,1790,180000,4,4,2,2,2,5,6
1250,7,7350,952,139000,4,4,2,2,2,7,5
1251,7,7677,773,110000,4,4,2,2,2,5,5
1252,2,8838,1764,100000,0,0,2,2,2,3,5
1253,7,8480,1216,118500,4,4,2,2,2,5,5
1254,7,12436,1824,146000,4,4,2,2,2,5,5
1255,7,10122,869,89900,0,0,2,2,2,6,4
1256,7,7506,1159,114000,4,4,3,2,2,8,5
1257,7,10930,1558,140000,4,4,2,2,2,6,5
1258,7,5400,672,86900,4,4,2,3,2,7,4
1259,7,10836,1436,139000,4,4,2,2,2,5,5
1260,7,10800,1294,106250,0,0,2,2,2,7,4
1261,7,9247,1716,171000,4,4,2,2,2,6,6
1262,7,10180,1044,139000,4,4,2,2,2,6,5
1263,7,11355,1312,186000,4,4,2,2,2,7,7
1264,7,10920,1253,157000,4,4,2,2,2,5,6
1265,7,12929,1081,148000,4,4,2,2,2,6,6
1266,7,27650,2069,242000,4,5,2,2,3,7,7
1267,7,8892,910,116000,4,4,2,3,3,7,5
1268,7,7200,876,94000,4,3,2,2,2,7,5
1269,6,7200,1048,98300,0,0,2,2,2,5,5
1270,3,7910,1507,127000,4,4,2,2,2,5,5
1271,7,8000,1256,159000,4,4,2,2,3,6,5
1272,7,8000,1027,125900,4,4,2,2,2,5,5
1273,7,7931,1269,155000,4,4,2,2,2,6,5
1274,7,8064,1320,138000,4,4,2,2,2,6,6
1275,7,6390,984,112500,4,4,2,2,2,7,6
1276,7,7227,832,105500,4,4,2,2,3,6,6
1277,7,7200,1278,127500,4,4,2,2,2,5,6
1278,7,8513,1800,130000,4,4,2,2,2,5,5
1279,7,7200,1588,150000,4,4,3,2,2,6,5
1280,7,7200,825,109500,4,4,2,2,2,7,5
1281,7,7056,1796,140000,4,4,2,2,2,5,6
1282,7,9760,1611,167900,4,4,2,2,2,6,6
1283,7,7590,1117,136870,4,4,2,2,2,5,5
1284,7,9836,1133,143000,4,4,2,2,2,5,6
1285,7,5232,764,73000,4,3,2,2,2,5,5
1286,7,10440,1539,157500,4,4,2,2,3,8,5
1287,7,9184,1323,122600,4,4,2,2,2,7,5
1288,7,4800,1360,111000,3,4,2,2,2,5,5
1289,4,10440,2792,256000,4,5,3,3,2,7,6
1290,7,4800,672,64000,4,3,2,2,2,4,5
1291,7,6000,1456,139500,4,4,2,3,3,7,6
1292,7,11426,1594,118000,4,4,2,2,2,6,4
1293,4,11426,2082,200000,4,5,2,2,3,5,7
1294,4,7628,1656,119164,4,4,3,2,2,6,4
1295,7,7308,1740,122250,4,4,1,1,4,5,5
1296,7,5400,1027,120000,4,4,2,3,3,6,7
1297,7,10800,1436,155000,4,4,2,2,2,6,6
1298,7,6756,899,78000,5,4,2,2,2,6,5
1299,7,5914,1080,95000,4,3,2,2,3,9,5
1300,7,6000,789,115000,4,4,2,2,2,5,5
1301,7,12000,1122,147000,4,4,2,2,3,7,5
1302,7,9000,1499,140000,4,4,2,2,2,6,5
1303,7,7311,407,46500,4,4,3,2,2,5,2
1304,7,6000,928,112500,4,4,2,2,2,6,5
1305,7,6000,901,107900,4,4,2,2,2,7,4
1306,2,12205,1588,65000,3,3,2,2,2,1,3
1307,7,18386,3493,295000,4,4,2,2,3,9,7
1308,7,9142,1627,139500,4,3,1,2,2,5,5
1309,7,12665,1416,153900,4,4,2,2,2,8,5
1310,7,5350,1450,132000,4,4,2,2,2,8,7
1311,7,4571,1344,98000,4,4,2,2,2,5,5
1312,7,9143,1017,114000,4,4,2,2,2,7,5
1313,7,9600,2350,130000,4,4,2,2,2,5,5
1314,7,9600,2058,129500,4,5,2,2,2,5,6
1315,7,6000,1540,129400,4,3,2,3,3,9,5
1316,7,9600,1378,161000,4,4,4,2,3,9,7
1317,7,10800,1912,163000,4,3,2,2,2,7,6
1318,7,6300,1484,128000,4,4,2,2,2,6,6
1319,7,5250,2358,122000,3,4,3,2,2,5,8
1320,7,5700,1111,116900,4,4,2,2,2,7,7
1321,7,13500,2775,325000,4,4,4,4,3,9,10
1322,3,11340,1086,55000,3,3,1,1,2,1,2
1323,7,10800,2495,184000,4,4,2,2,2,7,7
1324,7,9750,984,110000,4,4,2,2,1,6,5
1325,7,12150,1795,131500,4,4,2,2,2,5,5
1326,7,12702,882,97000,0,0,2,2,2,5,5
1327,7,8516,1093,115500,4,4,2,2,2,6,4
1328,7,7111,1143,138000,4,4,3,3,2,7,5
1329,7,7425,1668,108000,3,4,2,2,3,7,7
1330,7,9100,935,79500,4,4,2,2,2,6,5
1331,7,7010,1738,153000,4,4,2,2,2,5,5
1332,7,6130,784,109500,4,4,2,2,3,6,5
1333,7,5000,1210,124000,4,4,3,2,3,7,5
1334,7,5870,1290,106900,4,4,3,2,2,9,6
1335,7,6000,1672,164900,4,4,2,2,3,7,6
1336,7,6000,949,119000,3,4,1,2,2,7,5
1337,7,6000,1158,120000,4,4,2,2,2,7,6
1338,7,6000,1497,157000,4,4,3,2,2,7,6
1339,7,6000,1342,105000,4,4,2,2,2,5,6
1340,7,5000,1013,113000,4,4,2,2,2,7,6
1341,7,5520,1216,115000,4,4,3,2,2,7,5
1342,7,5940,896,79000,0,0,2,2,2,7,4
1343,7,6240,1136,123000,4,4,2,2,2,7,4
1344,5,6120,808,81300,0,0,3,2,2,6,5
1345,7,6240,1573,162900,4,4,2,2,2,7,5
1346,5,6240,2009,150000,4,4,2,2,2,5,7
1347,7,6120,1902,123500,4,4,2,2,2,5,5
1348,6,6120,1774,129900,4,4,2,2,2,5,7
1349,7,6155,1362,128000,3,3,2,2,2,8,6
1350,7,6324,520,68500,4,4,2,2,1,6,4
1351,6,8635,1285,127000,4,4,2,2,2,5,5
1352,7,13053,1848,207000,4,4,2,2,3,7,6
1353,7,9120,1820,184000,4,4,3,2,2,6,7
1354,7,9144,1716,162500,4,4,3,2,3,4,6
1355,7,9144,1505,145000,4,4,2,2,2,5,5
1356,7,10267,838,130000,5,4,3,2,1,7,6
1357,7,8094,1984,160000,4,4,2,2,2,8,6
1358,7,5100,1666,161000,4,4,3,2,3,7,8
1359,7,4347,1609,127500,5,5,2,3,2,8,6
1360,7,6291,768,93850,4,4,3,3,2,6,6
1361,7,10266,1536,136000,4,4,2,2,2,6,6
1362,6,6876,1969,141000,4,4,2,2,2,6,6
1363,7,10320,1308,120000,3,4,1,2,2,6,5
1364,7,7200,1040,127500,4,4,2,2,2,7,6
1365,7,7006,1236,127000,4,4,2,2,2,6,6
1366,7,7920,1406,89500,4,4,1,2,1,7,6
1367,7,8235,825,125000,4,4,3,2,2,7,5
1368,7,5586,1198,79900,4,4,2,2,2,7,6
1369,7,10320,759,85000,4,3,2,2,2,8,5
1370,7,10320,1344,82375,3,4,1,1,2,3,3
1371,7,10320,1469,135000,4,4,2,2,2,7,6
1372,7,9488,1054,124000,4,4,2,3,2,6,5
1373,7,8250,1211,134000,4,4,2,2,2,5,5
1374,7,21286,1271,135000,4,4,2,2,2,5,5
1375,5,17120,1588,134432,0,0,2,2,2,4,4
1376,7,10106,1355,127500,4,4,3,2,2,7,5
1377,7,11235,1075,148000,4,5,2,2,3,6,5
1378,7,11200,1040,129500,4,4,2,2,2,5,5
1379,7,13014,1096,157500,4,4,2,2,2,5,6
1380,7,7162,904,109900,4,4,2,2,2,7,5
1381,7,10265,992,145000,4,4,1,2,3,7,5
1382,7,9764,894,130000,4,4,2,2,3,7,5
1383,7,7703,1034,153000,4,5,2,2,2,8,6
1384,7,9981,1073,120000,4,4,2,2,2,5,5
1385,7,7400,1126,152000,4,5,2,2,2,5,5
1386,7,12900,1258,108959,4,5,2,2,2,4,4
1387,7,12900,1140,95541,3,4,2,2,2,4,5
1388,7,9000,1006,80000,4,4,2,2,2,3,5
1389,7,8544,1228,149350,4,4,2,2,3,6,5
1390,7,9239,960,144900,4,4,3,2,3,8,5
1391,7,14175,1188,185000,5,4,2,2,2,8,6
1392,7,13284,1383,165000,4,5,2,2,2,5,5
1393,7,13500,1252,235000,4,5,2,2,2,7,6
1394,5,13825,1601,140000,4,4,3,2,2,6,5
1395,7,10200,672,108000,4,4,2,2,2,8,5
1396,4,10532,1721,145000,4,4,2,2,2,3,5
1397,6,8375,1350,152400,4,4,2,2,3,7,5
1398,7,10200,904,144000,4,5,3,2,3,8,5
1399,7,2887,1291,173000,4,5,2,2,3,5,6
1400,7,10005,2022,192000,4,5,2,2,2,5,7
1401,7,20270,1524,245000,4,5,2,2,2,6,7
1402,4,39104,1363,241500,4,5,2,2,2,7,7
1403,6,53227,1663,256000,4,5,2,2,3,6,4
1404,7,11512,1357,177000,4,4,2,2,4,7,6
1405,7,5190,1079,125600,4,4,2,2,2,5,7
1406,7,10452,1094,155000,4,4,2,2,2,5,6
1407,7,45600,2358,240000,4,4,2,2,2,8,6
1408,7,19550,1518,260000,4,4,2,2,1,7,5
1409,7,21780,1674,185000,4,5,2,2,2,7,6
1410,7,13728,2108,235000,4,4,2,2,3,7,6
1411,7,9571,1509,159900,4,4,2,2,3,6,5
1412,7,9350,864,99600,4,5,2,2,2,5,5
1413,7,9360,1269,134500,4,4,2,3,2,8,6
1414,7,8405,1367,119000,5,4,2,2,2,8,5
1415,7,7000,1347,107500,4,5,2,2,2,7,5
1416,7,10880,1164,125000,4,4,2,2,2,5,5
1417,7,9600,1096,79000,4,4,2,2,2,5,6
1418,7,9084,1111,95000,3,4,2,2,2,6,5
1419,7,11839,2329,262280,4,5,2,2,3,5,7
1420,7,9771,2814,260000,4,5,2,3,3,5,6
1421,7,9938,1626,226500,4,5,2,3,3,5,7
1422,7,14171,2200,225000,4,5,2,3,3,5,7
1423,7,10541,2037,229000,4,5,2,3,3,5,7
1424,7,10616,1356,177439,4,5,2,3,3,5,7
1425,7,9345,1615,248500,4,5,2,3,3,5,8
1426,7,11778,2276,475000,4,5,2,3,4,5,9
1427,7,11778,1766,395039,4,5,2,4,4,5,9
1428,7,11228,2097,228000,4,5,2,3,3,5,7
1429,7,11454,1511,225000,4,5,2,3,3,5,8
1430,7,11500,1643,195000,5,5,2,2,2,6,6
1431,7,12798,1688,200000,4,5,2,2,3,5,6
1432,7,9750,990,155000,4,5,2,2,2,7,5
1433,7,9525,1099,144000,4,5,2,2,3,6,5
1434,7,9245,990,145000,4,5,2,2,2,5,5
1435,7,8696,1418,226001,4,5,2,2,3,5,7
1436,7,13142,1771,215700,4,5,2,2,3,5,6
1437,7,8998,1652,207500,4,5,2,3,3,5,7
1438,7,9179,1790,193000,4,5,2,3,3,5,7
1439,7,8924,1724,188000,4,5,2,2,3,5,7
1440,7,9382,1479,191000,4,5,2,3,3,5,7
1441,7,12803,1494,221000,4,5,2,3,3,5,7
1442,7,12435,1792,231500,4,5,2,3,3,5,7
1443,7,12192,1823,235000,4,5,2,3,3,5,7
1444,7,11250,1786,223500,4,5,2,3,3,5,7
1445,7,9200,938,130250,4,5,2,2,2,6,5
1446,7,8385,985,149900,5,5,2,3,2,8,5
1447,7,12250,1174,158000,4,5,2,2,2,6,5
1448,7,10970,1026,147000,5,5,2,2,2,6,6
1449,7,9216,1076,143195,4,4,2,2,2,6,5
1450,5,14330,1558,163000,4,4,2,2,2,6,5
1451,7,7990,924,110000,4,5,2,2,2,6,5
1452,7,7180,864,127000,4,4,2,2,2,7,5
1453,7,7200,780,124900,4,4,2,2,2,7,5
1454,7,9742,1795,230000,4,5,2,3,3,5,8
1455,7,9473,2031,237000,4,5,2,3,3,5,8
1456,7,10316,1865,235000,4,5,2,3,3,5,7
1457,7,10400,2161,230500,4,5,2,3,3,5,7
1458,7,9066,1852,230000,4,5,2,3,3,5,8
1459,7,11404,2031,222500,4,5,2,3,3,5,7
1460,7,9240,2263,287000,4,5,2,3,3,5,8
1461,7,9720,1947,274000,4,5,2,3,3,5,9
1462,7,14860,1786,300000,4,5,2,3,3,5,8
1463,7,11250,2290,255900,4,5,2,3,3,5,8
1464,7,8158,1768,224900,4,5,2,3,3,5,7
1465,7,10905,2327,240000,4,5,2,3,3,5,7
1466,7,7226,1640,183000,4,5,2,3,3,5,7
1467,7,11690,1764,207000,4,5,2,3,3,5,8
1468,7,8750,1908,210000,4,5,3,3,3,5,7
1469,7,4435,848,136500,4,5,2,3,3,5,6
1470,7,4426,848,145000,4,5,2,3,3,5,6
1471,7,13125,1493,208900,4,5,2,2,3,5,6
1472,7,10126,1838,185000,4,5,3,2,2,5,6
1473,7,9135,1536,214000,4,5,2,3,3,5,7
1474,7,8450,1710,208500,4,5,2,3,3,5,7
1475,7,9750,1445,186500,4,5,2,3,3,5,7
1476,7,8450,1436,210000,4,5,2,3,3,5,7
1477,7,8320,1582,185900,4,5,2,3,3,5,7
1478,7,11049,1234,179900,4,5,2,3,3,5,8
1479,7,11058,1564,218836,4,5,2,3,3,6,7
1480,7,9627,1361,193000,4,5,2,3,3,5,7
1481,7,8199,1456,189000,4,5,2,3,3,5,7
1482,7,4426,848,149300,4,5,2,3,3,5,6
1483,7,4426,848,141000,4,5,2,3,3,5,6
1484,7,4438,848,149000,4,5,2,3,3,5,6
1485,7,4438,848,144500,4,5,2,3,3,5,6
1486,7,8777,796,85000,4,3,2,2,2,7,5
1487,7,8777,2200,145900,4,4,2,2,2,7,5
1488,7,9825,1092,123000,4,4,2,2,2,5,5
1489,7,9937,1256,147500,4,4,2,3,2,6,5
1490,7,12102,1033,165000,5,5,2,2,2,5,5
1491,7,6500,1127,135000,5,4,2,2,2,6,6
1492,7,13907,996,108000,4,4,2,2,2,6,5
1493,7,10012,1181,137500,4,5,2,2,2,5,4
1494,7,6931,1656,165400,4,5,2,3,3,5,7
1495,7,9638,1117,147000,4,4,2,2,2,6,6
1496,7,7200,1398,160500,4,4,2,2,2,7,6
1497,7,7024,1132,176000,4,5,2,2,3,5,4
1498,7,47007,3820,284700,0,0,2,2,4,7,5
1500,7,3675,1072,148000,4,5,2,2,2,5,6
1501,7,6040,1152,82000,0,0,2,2,1,5,4
1502,7,6012,1152,82000,0,0,1,2,2,5,4
1503,7,12108,1440,118000,4,4,2,2,1,4,4
1504,7,6845,1152,82500,0,0,2,2,2,5,4
1505,7,6931,784,91900,4,4,2,2,2,5,4
1506,7,12180,1053,120000,4,4,2,2,4,7,5
1507,6,8050,1137,96000,0,0,3,2,2,8,5
1508,7,9520,930,99000,4,5,2,2,2,5,4
1509,7,11767,1200,130500,4,4,2,2,2,6,5
1510,7,8172,1470,135000,4,4,2,2,2,6,4
1511,7,16466,1393,135500,4,4,3,2,2,7,5
1512,7,7692,1204,100000,4,5,2,2,2,6,4
1513,7,5142,1292,108000,4,4,2,2,3,7,4
1514,7,5604,864,98000,4,4,2,2,2,6,5
1515,7,8248,864,67000,4,4,2,2,2,3,3
1516,7,5687,1716,135900,3,4,1,2,1,6,5
1517,7,12155,1482,140000,4,4,2,2,1,8,6
1518,7,8400,2192,179500,4,4,2,2,3,8,5
1519,7,8400,1694,136500,4,4,2,2,2,5,6
1520,7,7290,1424,168000,4,4,2,2,2,8,7
1521,7,8525,1964,130000,4,4,2,2,2,6,5
1522,7,9842,2601,189000,3,4,2,2,2,6,5
1523,7,7804,1920,161900,4,4,2,2,2,7,6
1524,7,8969,1316,145000,4,4,2,2,2,6,6
1525,6,11526,2555,191000,4,5,2,2,2,7,6
1526,7,15576,1680,177000,4,5,2,2,2,7,6
1527,7,15564,1264,147500,4,5,2,2,2,6,6
1528,7,6292,790,91000,4,5,2,2,2,5,6
1529,7,7609,1512,231000,4,3,3,3,3,9,8
1530,2,10480,1639,115000,4,4,2,2,2,5,6
1531,7,9650,1603,138000,4,4,2,2,2,3,6
1532,7,7200,1502,149000,4,5,1,2,2,6,7
1533,7,11988,1660,188700,4,4,2,2,2,7,6
1534,5,11700,1938,198000,4,4,2,2,3,6,5
1535,7,9260,1374,110000,4,4,2,2,2,4,5
1536,7,7801,1091,104000,4,4,1,2,2,5,6
1537,7,9670,1873,257076,3,4,2,2,2,6,8
1538,7,14100,3447,381000,4,4,3,2,3,9,8
1539,7,15660,1954,311500,4,4,3,3,3,9,7
1540,7,12392,2161,263400,5,4,3,2,3,9,7
1541,7,26073,1898,236500,4,4,2,2,2,5,5
1542,7,14778,1640,224000,4,4,2,3,3,7,6
1543,7,1879,1032,116500,4,5,2,2,2,6,6
1544,7,1950,1556,151000,4,5,3,2,2,6,6
1545,7,7000,919,126000,4,4,3,2,2,8,6
1546,7,6000,1090,120000,4,3,2,2,2,8,6
1547,7,3636,796,55000,3,4,2,2,2,4,4
1548,7,5890,816,120500,4,4,3,3,2,8,6
1549,7,6900,778,120500,4,4,2,2,2,6,5
1550,7,8155,1200,119000,4,5,2,2,2,7,5
1551,4,6000,1656,126000,4,5,2,1,2,5,5
1552,7,7392,912,99500,4,4,2,2,2,7,5
1553,7,9000,1955,165500,4,4,2,2,2,5,5
1554,0,14584,733,13100,0,0,0,1,1,5,1
1555,7,5280,1361,89000,3,2,2,2,2,7,4
1556,7,8500,1317,40000,4,4,1,2,2,4,4
1557,7,5150,1049,80900,4,2,2,2,2,7,4
1558,7,18000,894,81000,4,4,2,1,2,4,3
1559,5,9000,864,65000,3,3,2,2,1,6,4
1560,7,5587,1652,392500,4,5,2,4,3,5,8
1561,7,3843,1648,294464,4,5,2,4,4,5,8
1562,7,3811,1646,250000,4,5,2,3,4,5,7
1563,7,3842,1646,275000,4,5,2,3,3,5,8
1564,7,23730,2032,300000,4,5,2,3,3,5,7
1565,7,13265,1689,271000,4,5,2,3,3,5,8
1566,7,11050,1820,213000,4,5,2,2,3,5,7
1567,7,9880,1118,171000,4,4,2,2,2,6,6
1568,7,10125,1279,171500,4,4,2,2,2,6,6
1569,7,10260,1872,100000,0,0,2,2,2,4,5
1570,7,9990,1689,228500,4,5,2,2,2,5,4
1571,7,164660,1786,228950,4,4,2,2,2,6,5
1572,7,4084,1501,241500,4,5,2,3,3,6,7
1573,7,15498,2898,287000,4,5,2,3,3,6,8
1574,7,11563,1537,294000,4,5,2,3,3,5,8
1575,7,9520,1646,293077,4,5,2,3,3,5,8
1576,7,12852,1780,264966,4,5,2,3,3,5,8
1577,7,9802,1442,172500,4,5,2,2,2,5,5
1578,7,9735,1394,167500,4,5,2,2,3,5,5
1579,7,12018,1612,218689,4,5,2,3,3,5,7
1580,7,12890,1495,150000,4,5,2,2,2,5,6
1581,5,12416,1651,184000,3,5,2,2,2,5,6
1582,7,18265,1256,180000,5,5,3,3,3,5,6
1583,7,10200,1509,175000,4,5,2,3,3,5,6
1584,7,11202,1440,232500,4,5,2,3,3,5,8
1585,7,7915,1675,195000,4,5,2,3,3,5,6
1586,7,12244,2262,305000,4,5,2,3,3,5,8
1587,7,11449,1728,298751,4,5,2,3,3,5,8
1588,7,11447,1964,370000,4,5,2,3,3,5,8
1589,7,8940,1344,209200,5,5,3,2,2,5,7
1590,7,7060,1344,206300,5,5,3,2,2,5,7
1591,7,9278,1092,146000,4,5,2,2,2,5,5
1592,7,4500,1189,160500,4,5,2,2,2,5,6
1593,7,14137,1200,173000,4,5,2,2,2,5,4
1594,7,4224,1040,124000,4,5,2,2,2,6,5
1595,7,2665,1304,115000,4,5,2,2,2,6,5
1596,7,2665,1475,129500,4,5,2,2,2,7,5
1597,7,1974,988,105000,4,5,3,2,2,7,4
1598,7,1596,988,94900,4,5,2,2,2,6,4
1599,7,17979,1160,152500,4,4,3,2,3,6,5
1600,7,1477,1092,98000,4,4,3,2,2,9,6
1601,7,1890,630,81000,4,5,3,2,2,7,4
1602,7,21750,988,113000,4,4,2,2,2,5,5
1603,7,6490,816,128500,4,4,3,2,2,7,5
1604,7,6951,923,119500,4,4,2,2,2,5,5
1605,7,6600,816,130500,4,4,3,3,3,9,5
1606,7,6600,816,138000,5,4,3,2,2,8,5
1607,7,6600,845,134500,4,4,2,2,3,6,5
1608,4,12508,1750,160000,4,5,2,2,2,7,6
1609,7,12395,889,137500,4,4,2,2,2,6,5
1610,5,11075,1968,172000,4,4,2,2,2,4,5
1611,3,56600,1836,103000,4,4,2,2,2,1,5
1612,7,10667,1587,167300,4,4,2,2,2,6,6
1613,7,10628,1277,167000,5,4,3,2,2,5,7
1614,7,13651,2223,244000,4,5,3,2,2,6,7
1615,7,15865,2217,268000,5,4,3,3,3,6,8
1616,7,12394,1733,225000,4,5,2,3,3,5,7
1617,7,10364,1572,168000,4,5,2,2,2,5,6
1618,7,13869,1470,177000,4,5,2,2,2,6,6
1619,7,8773,1600,169000,4,5,2,2,2,5,6
1620,7,8872,1384,161500,4,5,2,2,2,5,6
1621,7,5330,1652,251000,4,5,2,3,4,5,8
1622,7,10147,1694,160000,4,5,2,2,2,5,6
1623,7,8637,1714,180000,4,5,2,2,2,5,6
1624,7,7875,1553,178750,4,5,2,3,3,5,7
1625,7,7875,1253,176000,5,5,2,2,2,5,7
1626,7,7500,2299,204000,4,5,2,2,2,5,6
1627,7,9556,1187,160000,4,5,2,2,3,5,7
1628,7,10784,1472,160000,4,5,2,3,3,5,7
1629,7,9125,1482,163900,4,5,2,2,3,5,7
1630,7,7655,1642,168000,4,5,2,2,2,5,6
1631,7,18160,1128,154204,4,4,2,2,2,6,6
1632,7,3696,1088,170000,4,5,2,3,3,5,8
1633,6,5062,2090,207500,4,5,2,3,3,5,7
1634,7,4740,1179,182000,4,5,2,3,2,5,8
1635,7,5118,1321,212000,4,5,2,3,3,5,8
1636,7,14157,1922,377426,4,5,2,3,3,5,9
1637,7,12328,2541,349265,4,5,2,3,4,5,8
1638,7,51974,2338,591587,4,5,2,4,3,5,9
1639,4,41600,1424,155000,4,5,2,2,2,5,5
1640,7,8035,1612,319900,4,5,2,3,4,5,9
1641,7,8089,1419,392000,4,5,2,3,3,6,8
1642,7,14082,2234,441929,5,5,2,3,3,5,8
1643,7,13870,2042,455000,4,5,2,4,4,5,10
1644,7,12546,1440,182900,4,5,3,3,3,7,6
1645,7,10960,1284,174000,4,5,2,2,2,5,6
1646,7,12090,1868,178000,4,5,2,2,2,7,6
1647,7,12090,1479,176000,4,5,2,3,3,7,7
1648,7,12299,1664,213000,4,5,2,2,3,6,7
1649,7,11339,1930,192000,4,5,2,2,3,5,7
1650,7,11952,1969,190000,4,5,2,2,2,6,7
1651,7,12046,2030,195000,4,4,2,2,3,6,6
1652,7,10395,1032,148000,4,5,2,2,2,6,6
1653,7,11850,1177,151500,4,5,2,2,3,6,6
1654,7,11584,1725,197000,4,4,2,2,2,6,7
1655,7,10400,1353,192350,4,5,2,2,2,5,6
1656,6,10793,1620,152000,4,4,2,2,2,5,5
1657,7,13001,1220,170000,4,4,2,2,2,5,6
1658,7,12243,1484,175000,4,5,2,2,2,6,5
1659,7,11700,1743,175000,4,4,2,3,2,6,6
1660,7,12384,1935,197900,4,5,2,2,2,7,7
1661,7,8991,1324,174000,4,5,2,2,3,6,7
1662,7,8000,1877,178900,4,4,2,2,2,6,6
1663,7,10500,1109,139000,4,4,2,2,2,7,5
1664,7,10530,981,143250,4,4,2,2,2,5,6
1665,7,7472,1479,184000,4,4,2,2,3,9,7
1666,5,9457,1422,155000,4,4,2,2,2,6,5
1667,7,7920,914,133000,4,4,2,2,4,5,5
1668,7,9758,950,119500,4,4,2,2,2,5,5
1669,7,8294,872,123000,4,4,2,2,2,5,4
1670,7,7340,858,110000,4,4,2,2,2,6,4
1671,7,17199,914,128000,4,4,3,2,2,7,4
1672,7,9000,864,120500,4,4,2,2,2,6,4
1673,7,4058,767,133000,4,5,2,2,2,5,7
1674,7,4113,1337,155000,4,5,2,3,3,5,6
1675,7,10943,1337,177000,4,5,2,3,3,5,6
1676,7,2205,1092,113500,4,4,2,2,2,6,6
1677,7,1890,1218,113000,4,4,2,2,2,5,6
1678,7,2058,1218,113700,4,4,2,2,4,5,6
1679,7,2016,1302,106000,4,4,2,2,2,5,5
1680,6,1920,1365,122500,4,4,2,2,2,5,5
1681,7,4928,958,128000,4,5,2,2,2,5,6
1682,7,2308,1548,155000,4,5,2,2,3,6,6
1683,7,2304,1055,142500,4,5,2,2,2,7,7
1684,7,7150,988,129250,4,4,2,2,2,6,5
1685,7,12469,1816,356000,4,5,2,4,4,5,9
1686,7,11694,1828,314813,4,5,2,4,3,5,9
1687,7,12030,1694,318000,4,5,2,4,3,5,8
1688,7,11825,1694,322400,4,5,2,3,3,5,8
1689,7,12085,1734,318000,4,5,2,3,4,5,8
1690,7,14333,2122,345474,4,5,2,3,3,5,8
1691,7,14450,2121,415298,4,5,2,4,4,5,9
1692,7,13641,2656,492000,4,5,2,4,4,5,9
1693,7,13440,2550,338931,4,5,2,3,4,5,8
1694,7,15431,2046,450000,4,5,2,4,4,5,10
1695,7,14154,2172,280000,5,5,2,3,3,5,7
1696,7,13891,2552,479069,4,5,2,4,4,5,9
1697,7,14226,1973,395000,4,5,2,3,3,5,8
1698,7,13693,2643,380000,4,5,2,4,4,5,9
1699,7,11428,1634,250000,4,5,2,3,3,5,8
1700,7,14977,1976,440000,4,5,2,3,3,5,8
1701,7,13654,2758,418000,4,5,2,3,4,5,9
1702,7,17169,2290,500067,4,5,2,4,4,5,10
1703,7,16659,2152,260116,4,5,2,3,3,5,8
1704,7,9591,2473,317000,4,5,2,3,3,5,8
1705,7,9709,2100,319500,4,5,2,4,4,5,8
1706,7,10562,2161,325624,4,5,2,3,4,5,8
1707,7,13615,1802,372000,4,5,2,4,4,5,9
1708,7,13069,2956,342000,4,5,2,3,4,5,8
1709,7,12099,2468,354000,4,5,2,3,3,5,8
1710,7,14277,2385,350000,4,5,2,3,3,5,8
1711,7,11999,2374,285000,4,5,2,3,4,5,8
1712,7,12568,1818,281500,4,5,2,3,4,5,8
1713,7,9926,1614,245700,4,5,2,3,3,5,7
1714,7,9254,1721,232698,4,5,2,3,3,5,8
1715,7,10732,1828,250000,4,5,2,3,3,5,8
1716,7,7577,1362,194700,4,5,2,3,3,5,6
1717,7,3901,1302,204000,4,5,2,3,3,5,6
1718,7,3903,1302,200000,4,5,2,3,3,5,6
1719,7,6289,1362,207000,4,5,2,3,3,5,6
1720,7,4590,1554,209500,5,5,2,3,3,5,8
1721,7,4590,1554,209500,5,5,2,3,3,5,8
1722,7,6442,1370,202500,5,5,2,3,3,5,8
1723,7,7841,1577,280000,4,5,2,4,4,5,9
1724,7,7313,1561,277500,4,5,2,4,4,5,9
1725,7,7820,1869,318061,4,5,2,4,4,5,9
1726,7,6240,1324,221370,4,5,2,3,3,5,8
1727,7,3242,1405,200000,4,5,2,3,3,5,7
1728,7,15810,1496,181755,4,5,2,3,3,5,6
1729,7,10237,1536,176000,4,5,2,3,3,5,6
1730,7,10237,1484,178900,4,5,2,3,3,5,6
1731,7,13204,1458,168165,4,5,2,2,3,5,7
1732,7,8857,1495,171925,4,5,2,3,3,5,6
1733,7,9729,1746,198444,4,5,2,3,3,5,6
1734,7,12216,1326,203000,4,5,2,2,3,5,6
1735,7,9018,1456,179540,4,5,2,3,3,5,7
1736,7,8993,1302,176485,4,5,2,3,3,5,7
1737,7,8899,1340,181134,4,5,2,3,3,5,7
1738,7,8499,1412,156932,4,5,2,2,3,5,6
1739,7,8229,1504,166000,4,5,2,3,3,5,6
1740,7,7713,1456,177594,4,5,2,3,3,5,7
1741,7,7697,1258,173500,4,5,2,3,3,6,7
1742,7,3922,1258,172500,4,5,2,3,3,5,7
1743,7,3922,1402,194201,4,5,2,3,3,5,7
1744,7,3621,1589,226500,4,5,2,3,3,5,8
1745,7,3710,1266,185485,4,5,2,3,3,5,7
1746,7,14572,1530,259000,4,5,2,3,3,5,7
1747,7,16219,1119,188500,4,5,2,3,3,5,7
1748,7,11084,1374,175000,4,5,2,3,3,5,7
1749,7,11796,1959,215000,4,5,2,3,3,5,7
1750,7,10936,1525,206580,4,5,2,3,3,5,7
1751,7,8244,1720,183500,4,5,2,3,3,5,7
1752,7,11950,1394,165500,4,5,2,3,3,5,7
1753,7,7875,1948,211000,4,5,2,3,3,5,7
1754,7,8063,1690,181000,4,5,2,2,2,5,6
1755,7,8740,1995,219500,4,5,2,3,3,5,7
1756,7,7917,1647,175000,4,5,2,2,2,5,6
1757,7,9967,1430,170000,4,5,2,2,2,5,7
1758,7,7750,1320,162000,4,5,2,3,3,5,7
1759,7,9487,1690,187000,4,5,2,2,2,5,6
1760,7,9649,1644,185000,4,5,2,2,2,5,6
1762,7,12191,2551,384500,4,5,2,3,3,5,8
1763,7,11000,2285,248000,4,5,2,3,3,5,8
1764,7,11400,2633,466500,4,5,2,4,4,5,10
1765,7,10557,3078,410000,4,5,2,3,3,5,9
1766,7,11002,2582,322500,4,5,2,3,3,5,8
1767,7,10790,2385,252000,4,5,2,3,3,5,7
1769,7,9920,2013,269790,4,5,2,3,2,5,7
1770,7,11787,2398,315750,4,5,2,3,3,5,7
1771,7,9950,2520,290000,4,5,2,3,3,5,7
1772,7,12257,2531,290000,4,5,2,3,3,5,8
1773,7,12692,3228,430000,4,5,2,3,3,5,8
1774,7,11762,2202,263000,4,5,2,3,3,5,8
1775,7,9044,2538,330000,4,5,3,3,3,5,8
1776,7,9910,1369,213133,4,5,2,3,3,6,7
1777,7,11830,1542,260261,4,5,2,3,3,5,8
1778,7,11670,1905,320000,5,5,2,4,4,5,9
1779,7,15256,1464,282922,4,5,2,3,3,5,8
1780,7,10612,1534,215000,4,5,2,3,3,5,8
1781,7,12291,1966,419005,4,5,2,4,4,5,10
1782,7,13501,1636,255000,4,5,2,3,3,5,8
1783,7,9986,1795,147000,4,5,2,3,3,5,8
1784,7,9965,1528,235876,4,5,2,3,3,5,7
1785,7,9416,1726,311872,4,5,2,4,4,5,7
1786,7,9849,1689,248328,4,5,2,3,3,6,7
1787,7,10000,1588,227000,5,5,2,3,3,5,8
1788,7,8847,1538,260000,4,5,2,3,3,5,8
1789,7,9158,1496,225000,4,5,2,3,3,5,8
1790,7,8251,1506,249000,5,5,2,3,3,5,7
1791,7,10084,1694,307000,4,5,2,3,3,5,8
1792,7,9605,1977,250000,4,5,2,3,3,5,7
1793,7,8778,1830,221300,4,5,2,3,3,5,8
1794,7,8640,1338,208900,4,5,2,3,3,5,8
1795,7,9000,1335,210400,4,5,2,3,3,5,7
1796,7,8640,1792,255000,4,5,2,3,3,5,8
1797,7,10411,1588,212109,4,5,2,3,3,5,5
1798,7,9000,1959,270000,4,5,2,3,3,5,8
1799,7,9000,2610,303477,4,5,2,3,4,5,8
1800,7,12217,1880,310013,4,5,2,3,4,5,8
1801,7,11096,1656,249700,4,5,2,3,3,5,8
1802,7,10207,1761,227875,4,5,2,3,3,6,7
1803,7,10440,1584,261329,4,5,2,4,4,5,8
1804,7,11824,1685,253000,4,5,2,3,3,5,8
1805,5,10625,2443,265000,4,5,2,3,3,5,6
1806,7,11143,2466,340000,4,5,2,3,3,5,8
1807,7,7500,1100,146000,4,5,2,2,2,5,6
1808,7,7500,1143,147000,5,5,2,3,3,5,7
1809,7,12450,1094,149000,4,5,2,3,3,5,5
1810,7,7441,1486,181000,4,5,2,3,3,5,7
1811,7,8462,1721,201000,5,5,3,3,3,5,6
1812,7,11613,1820,191750,4,5,2,3,3,5,6
1813,7,8450,1349,179000,4,5,2,2,2,5,7
1814,7,16196,1494,215000,4,5,2,3,3,5,7
1815,7,8012,1575,179200,4,5,2,3,3,5,6
1816,7,8012,1266,128000,4,4,2,2,2,5,6
1817,7,9180,884,144000,4,5,2,2,3,7,5
1818,7,8400,2020,144000,0,0,2,2,2,5,5
1819,7,6285,894,120750,4,5,2,2,2,5,5
1820,7,8480,970,132500,4,4,2,2,2,6,5
1821,7,7420,1057,132000,4,4,2,2,2,5,5
1822,7,7758,999,132500,4,4,3,2,3,7,5
1823,7,6970,1120,129000,4,4,2,2,1,5,4
1824,5,13673,1696,143900,4,4,3,2,2,5,5
1825,7,7476,1040,145000,4,4,2,2,2,7,5
1826,7,9945,988,128500,4,4,2,2,2,5,5
1827,7,6173,902,125500,4,4,2,2,2,6,5
1828,7,19522,2503,300000,4,5,2,3,3,5,7
1829,7,17542,2167,294000,4,4,2,3,3,7,7
1830,7,10751,1037,129000,4,3,2,2,2,5,5
1831,5,16647,1701,171000,4,5,2,2,2,5,5
1832,7,12712,1055,147000,4,5,2,2,3,7,6
1833,7,9572,2810,302000,4,5,2,3,3,5,8
1834,7,10678,2872,285000,4,5,2,3,3,5,8
1835,7,4379,1378,214000,4,5,2,3,3,5,8
1836,7,3523,1151,166000,4,5,2,3,3,5,8
1837,7,3784,1565,193800,4,5,2,3,3,5,8
1838,7,4230,1352,208900,5,5,2,3,3,5,7
1839,7,3606,1352,194000,5,5,2,3,3,5,7
1840,7,5330,1550,207500,4,5,2,3,3,5,8
1841,7,4274,1241,199900,4,5,2,3,3,5,7
1842,7,4251,1250,164700,4,5,2,3,3,5,7
1843,7,2280,1501,176500,4,5,2,2,2,5,6
1844,7,3230,1458,176000,4,5,2,2,2,5,6
1845,7,2117,1512,168500,4,5,2,3,3,5,6
1846,7,2117,1573,177000,4,5,2,3,3,5,6
1847,7,2117,1525,177000,4,5,2,3,3,5,6
1848,7,5105,1102,148800,4,5,2,3,3,5,7
1849,7,2645,1441,174000,4,5,2,3,3,5,8
1850,7,7399,1950,239000,4,5,2,3,3,5,7
1851,7,7321,1358,204000,4,5,2,3,3,5,7
1852,7,8010,2048,301000,4,5,2,3,3,5,8
1853,7,8413,2362,312500,4,5,3,3,3,5,8
1854,7,9466,1494,279700,4,5,2,3,3,5,8
1855,7,12000,2362,255000,4,5,2,3,3,6,7
1856,7,16157,1432,194000,4,5,2,2,3,7,5
1857,7,10768,1437,218000,4,5,3,3,3,8,5
1858,7,3840,1295,213750,4,5,2,3,3,6,8
1859,7,9600,1855,187000,4,4,3,3,2,7,6
1860,7,9600,1262,181500,4,5,2,2,2,8,6
1861,7,17778,2497,373000,4,5,2,3,3,5,8
1862,7,18890,2620,190000,4,5,2,2,2,5,5
1863,7,7050,1929,226000,4,5,2,3,3,5,7
1864,7,11700,1152,143450,4,4,2,2,2,6,6
1865,7,8000,2411,240050,4,4,2,2,2,6,6
1866,7,8723,1082,162500,4,5,2,2,2,6,6
1867,7,11700,1295,164000,4,5,2,2,2,5,6
1868,7,11358,1610,185000,4,4,2,2,3,7,7
1869,7,9547,1594,188500,4,5,2,2,3,6,7
1870,7,10530,2075,255000,4,5,2,3,3,6,7
1871,7,11500,1680,136905,4,4,2,2,2,6,5
1872,7,10738,1093,158500,4,4,2,2,2,7,6
1873,7,9600,1242,175500,4,4,2,2,2,6,7
1874,7,10800,1052,127000,4,4,2,2,2,5,6
1875,7,8050,1107,127000,4,4,2,2,3,6,5
1876,7,10355,1214,143000,4,4,2,2,2,5,5
1877,7,10289,1073,156000,4,4,2,2,2,7,5
1878,6,9503,1344,144000,4,4,2,2,2,5,5
1879,7,10624,1728,119000,4,4,2,2,2,4,5
1880,7,10899,1224,103000,0,0,2,2,2,5,4
1881,6,12342,1422,139900,4,4,2,2,2,5,5
1882,7,12772,958,151500,4,4,3,2,2,8,6
1883,7,8892,1065,126500,4,4,2,2,2,5,5
1884,7,10482,1138,145000,4,4,3,2,2,8,6
1885,7,7535,912,120000,4,4,2,2,2,7,5
1886,6,7450,1074,124000,4,4,2,2,3,5,5
1887,7,8339,882,106500,0,0,2,2,2,7,5
1888,7,14357,1187,140500,4,4,2,2,2,5,5
1889,7,8243,964,137500,4,4,3,2,2,7,5
1890,7,8680,894,117600,4,4,2,2,2,7,5
1891,7,8800,1200,163500,4,4,2,2,2,6,7
1892,7,9200,1042,161000,4,4,2,2,2,5,6
1893,6,9350,1302,158000,4,5,2,2,3,7,6
1894,7,8800,2154,224500,4,4,3,2,2,7,6
1895,7,11382,1374,147000,4,4,2,2,2,5,6
1896,7,22002,1652,200000,4,4,3,2,3,7,6
1897,7,14585,1429,181900,4,4,2,2,3,6,6
1898,7,7388,1327,150750,4,4,2,2,3,6,5
1899,7,9842,1224,101800,0,0,2,2,2,5,4
1900,7,8280,932,124000,4,4,2,2,3,5,6
1901,7,12172,908,138500,4,4,2,2,2,7,5
1902,7,5000,334,39300,0,0,1,1,1,3,1
1903,7,5000,666,64500,3,3,1,1,3,3,3
1904,7,3500,670,64000,4,4,2,2,1,5,3
1905,7,5175,808,112000,4,4,2,2,2,8,5
1906,7,9500,1977,165000,4,4,2,2,2,6,6
1907,7,9600,1150,144000,4,4,3,2,2,6,5
1908,7,11345,1920,137000,4,4,2,2,2,5,5
1909,7,9492,1376,105000,4,4,2,2,2,5,5
1910,7,9480,1644,146500,4,4,2,2,3,7,5
1911,7,8668,1560,126000,4,4,2,2,2,5,5
1912,7,10050,1280,175000,4,4,2,2,2,6,5
1913,7,9600,1254,158500,4,4,2,2,2,5,6
1914,7,10150,912,114500,4,4,2,2,2,5,5
1915,7,11344,1524,144000,4,4,2,2,2,5,5
1916,1,18450,2380,129000,4,5,3,2,2,5,6
1917,7,8760,936,141000,4,4,2,2,3,7,6
1918,7,6860,1008,131000,4,4,2,2,1,6,5
1919,7,8250,1053,142100,4,4,2,2,3,7,5
1920,7,8176,1056,139000,4,4,2,2,2,6,5
1921,7,9750,1442,157900,4,4,2,2,2,6,6
1922,7,9250,1056,139400,4,4,2,2,2,7,5
1923,7,11988,1244,150000,4,4,2,2,2,6,6
1924,7,9100,1144,120000,4,4,2,2,2,5,5
1925,7,9736,1721,174850,4,4,2,2,2,6,6
1926,7,9770,922,116000,4,4,2,2,2,5,5
1927,7,10152,1048,135000,4,4,2,2,2,5,5
1928,7,12155,1657,163500,4,5,2,2,2,3,6
1929,7,12198,1411,130000,4,4,2,2,2,6,5
1930,7,10050,1216,129500,4,4,2,2,2,5,5
1931,7,11556,1154,142000,4,4,4,2,4,9,5
1932,7,8078,1560,128600,4,4,2,2,2,5,5
1933,7,10950,948,125000,4,4,2,2,2,6,6
1934,7,7942,1040,136000,4,4,2,2,2,7,6
1935,7,8923,1008,134500,4,4,2,2,3,7,5
1936,7,8540,925,127000,4,4,3,2,3,8,5
1937,6,7134,1360,130000,4,4,2,2,2,5,5
1938,7,7150,1540,115000,4,4,2,2,1,4,4
1939,7,8400,925,116900,4,4,3,2,2,5,5
1940,7,13300,928,132000,4,5,2,2,2,7,5
1941,6,9532,1647,153000,4,4,2,2,2,6,4
1942,7,15783,924,112500,4,4,2,2,2,5,5
1943,7,14190,1544,138000,4,3,3,3,2,7,4
1944,7,9600,893,135000,4,4,2,2,3,7,5
1945,7,12099,1728,156000,3,4,2,2,2,6,5
1946,6,21281,3086,301600,3,4,2,2,3,4,5
1947,7,10134,1034,109000,4,4,2,2,2,6,5
1948,7,5500,882,103200,4,4,2,2,2,6,4
1949,4,10284,1281,128500,4,4,2,2,2,7,4
1950,7,10800,968,64500,4,4,2,2,2,6,4
1951,7,10800,1534,148000,4,5,3,2,3,9,5
1952,7,5400,691,86000,4,3,2,2,4,6,5
1953,7,10090,1651,172000,4,4,2,2,2,5,7
1954,7,8700,888,120000,4,4,2,2,2,7,5
1955,7,8300,952,128500,4,4,2,2,2,6,6
1956,7,11606,2080,135000,4,5,2,2,1,5,5
1957,7,8064,924,122900,4,4,3,2,2,7,5
1958,7,11664,1082,119200,3,4,2,2,2,5,6
1959,7,10496,1846,143000,4,4,2,2,2,6,6
1960,7,7200,988,119000,4,4,2,2,2,7,5
1961,5,7200,1238,102000,4,4,2,2,2,3,5
1962,7,7200,864,129000,4,4,2,2,3,8,5
1963,7,7000,1134,135000,4,4,2,2,2,7,5
1964,7,7500,1040,152000,4,4,2,2,3,7,5
1965,7,7315,1170,140000,4,4,2,2,2,6,5
1966,7,7903,1242,152000,4,4,2,2,2,5,5
1967,7,8000,1377,156500,4,4,2,2,2,5,5
1968,7,8000,1800,141000,4,4,2,2,2,4,5
1969,7,7000,925,99000,0,0,2,2,2,6,5
1970,7,9760,1851,187000,4,4,2,2,3,8,6
1971,7,7590,1812,169500,4,4,2,2,2,5,5
1972,7,6600,864,125500,4,4,2,2,2,5,5
1973,7,6760,936,130000,4,4,2,2,2,5,5
1974,7,6978,960,103000,4,4,3,3,2,7,5
1975,7,9600,1432,132000,3,3,3,2,2,7,5
1976,7,6000,1296,127500,4,4,2,2,2,6,6
1977,7,4480,1022,89500,3,3,2,2,1,5,5
1978,7,7200,936,140000,4,5,2,2,2,5,5
1979,7,3153,967,99900,4,4,2,2,2,6,5
1980,7,10800,1047,100000,4,3,2,2,2,7,4
1981,7,7200,1072,130000,4,4,2,2,2,8,5
1982,7,9000,1174,135000,3,4,2,2,3,8,5
1983,7,6000,1183,120000,4,4,3,2,2,7,3
1984,7,5925,1131,89471,4,3,2,2,2,7,4
1985,7,5925,1141,85000,4,3,2,2,2,6,4
1986,7,6000,960,108500,4,4,2,2,1,4,4
1987,7,9639,1798,137000,4,4,2,2,2,8,4
1988,7,3880,866,110500,4,4,3,2,3,9,5
1989,7,8520,968,100000,4,4,2,3,2,6,5
1990,7,10337,1772,184900,4,4,3,3,3,9,8
1991,7,9863,1642,145000,4,4,2,2,2,6,6
1992,7,9600,1472,125000,4,4,2,2,3,8,5
1993,7,4571,1232,114000,4,4,2,2,2,7,5
1994,5,13600,2337,90000,4,4,2,2,2,5,5
1995,7,8398,1650,144100,5,5,2,2,2,8,6
1996,7,9900,2210,117500,4,4,2,2,1,4,6
1997,7,3600,1358,124500,3,4,3,2,3,7,5
1998,7,13500,2454,185000,4,4,3,2,2,8,7
1999,7,7200,2291,133900,3,4,2,2,2,6,6
2000,7,5400,1616,152000,4,4,3,2,3,7,6
2001,5,8100,1559,153500,4,4,2,2,2,6,5
2002,7,10800,2554,159500,4,4,3,2,2,8,7
2003,7,9439,1248,87000,4,4,2,2,2,5,5
2004,7,8626,968,104500,0,0,2,2,2,6,4
2005,4,11800,1382,110000,0,0,2,2,2,7,4
2006,4,6854,1060,136500,4,4,3,2,2,7,5
2007,7,8674,1435,128250,4,3,2,2,2,6,5
2008,3,8731,1167,144000,4,4,1,2,2,5,5
2009,7,8737,1635,210000,4,5,2,2,2,7,6
2010,7,6125,1274,135000,4,4,3,2,2,7,5
2011,7,6000,1232,128000,4,4,2,2,2,6,6
2012,7,6000,1218,131000,5,4,3,2,2,6,6
2013,7,6120,884,113000,4,4,2,3,2,7,5
2014,7,6240,1409,126000,4,4,2,2,2,5,6
2015,7,6240,1322,132000,4,4,3,2,2,8,5
2016,7,6240,1426,131750,4,4,2,2,2,7,5
2017,7,6120,1281,132500,4,4,2,2,3,6,5
2018,7,6120,1513,137500,4,4,2,2,2,8,5
2019,7,6120,854,132000,4,4,2,2,2,8,7
2020,7,6240,1367,127500,3,4,2,2,2,6,6
2021,7,6180,986,102000,4,4,2,2,2,5,6
2022,7,7755,2264,200000,4,4,3,2,2,8,6
2023,7,13515,1824,180500,4,4,2,2,2,6,6
2024,7,8850,1376,165000,4,4,3,2,3,7,6
2025,7,8550,1316,90000,4,3,2,2,2,5,5
2026,7,8730,1396,153575,4,4,2,2,2,7,6
2027,7,5700,1344,140000,4,4,2,2,3,6,7
2028,7,8520,2526,136000,4,4,3,2,3,7,6
2029,7,5680,1173,113000,4,4,2,2,2,4,5
2030,7,5680,1214,117000,4,4,2,2,2,3,5
2031,7,7758,1818,169500,4,4,1,2,2,4,7
2032,7,7449,1108,139400,4,4,2,2,3,7,7
2033,7,13200,2294,202500,4,4,2,2,2,6,6
2034,7,6882,1355,127000,4,4,2,2,3,7,6
2035,7,9000,1375,141000,4,4,3,2,3,6,6
2036,7,9780,1952,212300,4,4,4,2,3,9,7
2037,7,10320,2180,161000,3,4,2,2,2,5,6
2038,7,4330,1315,99500,4,3,2,2,2,6,4
2039,7,7200,1111,101000,3,4,2,2,1,7,5
2040,7,4800,1196,109900,4,4,2,2,2,7,4
2041,7,12358,1382,128500,4,4,2,2,2,6,5
2042,7,10120,1889,122000,4,4,2,1,2,4,7
2043,7,4388,840,87000,4,4,3,2,2,7,5
2044,0,10320,1484,50000,3,4,1,1,2,1,4
2045,7,12888,2267,219000,4,4,3,2,2,8,7
2046,3,18030,3086,200500,4,4,2,2,4,6,5
2047,7,8160,1134,126000,4,4,2,2,2,6,5
2048,7,4484,1282,108500,4,4,2,2,2,6,5
2049,7,11235,999,130000,4,5,2,2,2,5,5
2050,5,11235,1452,158450,4,5,2,2,2,5,5
2051,7,14299,1005,115400,4,4,2,2,2,3,4
2052,7,7943,1029,118500,4,4,1,2,2,5,4
2053,7,14149,1020,165000,4,4,3,3,2,8,5
2054,7,11677,1040,123000,4,4,2,2,2,4,5
2055,7,8400,913,129000,4,4,2,2,2,5,6
2056,7,7094,894,125000,4,4,2,2,2,5,5
2057,7,8978,948,108000,4,4,2,2,2,5,5
2058,7,8425,868,119900,4,5,2,2,2,6,5
2059,7,8665,897,115000,4,4,2,2,2,5,5
2060,7,8398,943,134500,4,4,3,2,2,5,5
2061,7,7742,955,127000,4,4,2,2,2,7,5
2062,7,8724,894,129000,4,5,2,2,2,5,5
2063,7,8197,1285,143500,4,4,2,2,2,5,6
2064,7,8169,912,129000,4,4,3,2,3,7,5
2065,7,14175,1375,187000,4,4,2,2,2,5,5
2066,4,16779,2654,158000,4,5,1,2,2,4,5
2067,7,25339,1416,112000,4,4,3,2,3,7,5
2068,7,6960,1302,165250,4,4,2,2,3,8,7
2069,7,11375,1299,150000,4,4,2,2,3,5,6
2070,7,13770,1176,137000,4,4,2,2,2,6,5
2071,5,9000,998,89500,0,0,2,1,2,7,4
2072,7,115149,1824,302000,4,5,2,2,3,5,7
2073,7,11075,1522,182000,4,5,2,2,2,5,6
2074,7,10029,2060,211000,4,5,2,3,2,5,6
2075,7,17541,1325,216000,5,4,3,2,3,7,5
2076,4,22692,1630,130000,4,4,2,2,2,5,5
2077,4,17808,1242,109900,4,4,2,2,2,5,4
2078,5,12671,2422,255000,3,5,3,2,3,7,6
2079,7,12615,2158,243000,5,4,2,2,3,7,6
2080,7,10512,1626,154000,4,4,2,2,3,6,6
2081,7,5400,864,118000,4,4,2,2,2,5,5
2082,5,11515,943,80000,0,0,2,2,3,5,4
2083,7,7711,1440,150000,4,5,2,2,2,3,4
2084,7,9098,605,86000,4,4,2,2,2,7,4
2085,7,3869,1038,130000,4,4,4,3,2,6,5
2086,7,9280,1342,125000,4,3,2,2,2,6,5
2087,7,11100,1480,136500,4,4,2,2,2,6,5
2088,7,7550,1362,96000,3,4,1,1,2,5,4
2089,7,9060,1340,120000,0,0,2,2,2,6,5
2090,5,23920,1822,228500,4,4,2,2,3,5,6
2091,7,10357,1442,179900,4,5,2,3,3,5,7
2092,7,13474,2243,225000,4,5,2,3,3,5,7
2093,7,10380,2730,301000,4,4,2,3,3,5,7
2094,7,13125,2127,238000,4,5,2,3,3,5,7
2095,7,11287,1982,228500,4,5,2,3,3,6,7
2096,7,9317,1958,220000,5,5,3,3,3,5,7
2097,7,9965,2696,383970,4,5,2,3,4,5,7
2098,7,9965,2828,424870,4,5,2,3,3,5,8
2099,7,9178,1651,250000,4,5,2,3,3,5,8
2100,7,10481,2140,360000,4,5,2,3,3,5,8
2101,7,10652,1494,279500,4,5,2,3,3,5,7
2102,7,11175,1316,200141,4,5,2,3,3,5,7
2103,7,10235,1651,246500,4,5,2,3,3,5,8
2104,7,9588,2574,276000,4,5,2,3,4,5,8
2105,7,8814,1274,203000,4,5,2,3,3,5,7
2106,7,11103,1456,155835,4,5,2,3,3,5,7
2107,7,8556,1240,194000,4,5,2,3,3,5,7
2108,7,6762,1208,195400,4,5,2,3,3,5,7
2109,7,11750,1546,217000,4,5,2,3,3,5,7
2110,7,8760,1500,212999,4,5,2,3,3,5,8
2111,7,7242,1270,175900,4,5,2,3,3,5,7
2112,7,9316,1795,191000,4,5,2,3,3,5,7
2113,7,9317,1314,176432,4,5,2,3,3,5,6
2114,7,14364,2062,277000,4,5,2,3,2,5,7
2115,7,8883,1873,207000,4,5,2,3,3,5,7
2116,7,159000,2144,277000,4,5,2,3,3,7,6
2117,7,53107,1953,240000,4,5,2,3,3,5,6
2118,7,12205,2087,187500,3,4,2,2,3,8,6
2119,7,20064,1743,279000,5,5,2,3,3,6,8
2120,7,14217,1022,139500,4,5,2,2,2,5,5
2121,7,8775,990,126000,4,5,2,2,2,5,5
2122,7,11249,1200,177500,5,5,3,3,3,5,6
2123,7,10021,1308,175000,4,5,3,2,3,6,6
2124,7,9531,1796,211000,4,5,2,2,2,5,6
2125,7,8428,990,146000,5,5,3,2,2,7,5
2126,7,16561,1097,147900,4,5,2,2,2,5,5
2127,7,8070,990,123600,4,5,2,2,2,5,4
2128,7,9337,1786,204750,4,5,3,2,3,5,6
2129,7,10820,1873,235500,4,5,2,3,3,5,7
2130,7,12352,1753,217000,4,5,2,3,2,5,7
2131,7,9543,1690,190550,4,5,2,3,3,5,7
2132,7,8826,1842,217500,4,5,2,3,3,5,7
2133,7,10665,1479,226000,4,5,2,3,3,5,7
2134,7,11317,1668,180000,4,5,2,3,3,5,7
2135,7,11800,894,131000,4,5,2,2,2,5,5
2136,7,8660,1025,153500,4,5,3,2,2,5,5
2137,7,9720,1009,160000,5,4,2,2,2,7,5
2138,7,8982,1040,134900,4,5,2,2,2,5,5
2139,7,16300,907,130000,4,5,2,2,2,4,5
2140,7,9675,879,120000,4,4,2,2,2,6,5
2141,7,7700,882,112500,4,4,2,2,2,5,5
2142,7,10356,969,122000,4,4,2,2,2,6,5
2143,7,7200,864,127000,4,4,2,2,4,5,5
2144,7,7200,875,117000,4,4,3,2,3,8,4
2145,7,10386,2000,305900,4,5,2,3,3,5,8
2146,7,9375,2169,228500,4,5,2,3,3,5,8
2147,7,11354,1673,270000,4,4,2,3,3,5,7
2148,7,8749,1459,192000,4,5,2,3,3,5,7
2149,7,8749,1932,213000,4,5,2,3,3,5,7
2150,7,8158,1729,200000,4,5,2,3,3,5,7
2151,7,16226,2452,267000,4,5,2,3,3,5,8
2152,7,11927,1592,228000,4,5,2,3,3,5,8
2153,7,12728,2439,275000,4,5,2,3,3,5,8
2154,5,15295,1992,211000,4,5,2,3,3,5,7
2155,7,11248,1668,285000,4,5,2,3,3,5,9
2156,7,10000,2090,240000,4,5,2,3,3,5,8
2157,7,4435,848,131500,4,5,2,3,3,5,6
2158,7,17227,1341,246900,4,5,2,3,3,5,8
2159,7,8200,1928,219500,4,5,2,3,3,5,7
2160,7,8450,1337,185000,4,5,2,3,3,5,7
2161,7,8145,1476,179400,4,5,2,3,3,5,7
2162,7,9245,1797,213500,4,5,2,3,3,5,7
2163,7,8500,1422,179600,4,5,2,3,3,5,7
2164,7,8769,1190,173500,4,5,2,3,3,5,7
2165,7,8334,1330,167840,4,5,2,3,3,5,6
2166,7,8333,1491,168675,4,5,2,3,3,5,7
2167,7,9045,1536,167000,4,5,2,3,3,5,5
2168,7,9170,1214,140000,4,4,2,2,2,7,5
2169,7,9825,936,118500,4,5,2,2,2,5,5
2170,7,8308,1088,110000,4,4,3,2,2,6,4
2171,7,10921,960,94750,4,4,2,2,2,5,4
2172,7,16287,1351,122000,4,4,3,2,2,6,5
2173,5,8240,1179,110000,4,4,2,2,2,6,6
2174,7,11841,816,118500,4,5,3,2,2,5,6
2175,7,6285,1044,133500,4,4,1,2,2,6,6
2176,7,7917,1113,148000,5,4,3,2,2,7,6
2177,7,9555,2233,141000,0,0,2,2,2,6,5
2178,7,8536,1125,155000,4,5,2,2,2,5,5
2179,7,7024,1090,157000,5,5,2,2,2,5,5
2180,7,7023,1408,171500,5,5,2,2,2,5,5
2183,7,3675,1072,140000,4,5,2,2,3,5,6
2184,7,6400,960,131750,4,4,2,2,1,7,5
2185,7,6882,1152,61500,0,0,2,2,1,3,4
2186,7,10215,948,111000,4,4,2,2,2,5,4
2187,7,8741,1195,98500,4,4,2,2,2,6,5
2188,7,4270,774,79000,4,4,2,2,3,6,3
2189,7,10042,865,108500,4,4,2,2,2,8,6
2190,7,9450,894,110000,4,4,2,2,2,5,4
2191,5,11767,1346,112000,4,3,2,2,2,7,4
2192,7,8172,768,125000,4,4,2,2,2,5,4
2193,7,8172,864,79275,4,4,2,2,2,5,4
2194,7,8190,948,119000,4,4,2,2,2,6,4
2195,7,10896,3395,200000,3,4,2,1,1,7,6
2196,5,10890,2592,150000,4,4,2,2,2,6,5
2197,7,10592,1502,165000,3,4,3,2,3,7,6
2198,7,10594,789,96500,4,4,2,2,2,5,5
2199,7,7223,1422,136500,4,4,2,2,2,5,5
2200,7,6821,1298,146500,4,4,2,2,2,7,6
2201,7,7200,1768,175000,4,5,2,2,3,7,5
2202,7,4000,1098,148500,4,5,2,2,2,8,7
2203,7,6720,1436,141500,4,4,2,2,2,7,6
2204,7,7642,1426,189950,4,4,2,3,3,8,7
2205,7,7155,1461,135000,4,4,2,2,2,8,6
2206,7,7128,1646,164000,4,4,3,2,2,5,7
2207,7,4280,694,90350,4,4,2,2,3,6,5
2208,7,5362,1250,139000,4,4,2,2,2,6,5
2209,7,6305,954,119750,3,3,3,2,1,7,5
2210,7,7136,1958,145000,4,5,2,2,2,6,6
2211,7,6270,2002,145000,4,4,2,2,2,6,5
2212,7,7230,1718,238000,4,4,2,2,3,7,7
2213,6,13108,1226,153500,0,0,2,2,2,5,5
2214,7,22420,2624,239000,4,5,2,2,2,6,6
2215,7,12168,3194,359100,4,5,2,2,2,6,8
2216,7,7810,1755,188000,5,4,3,2,3,6,4
2217,7,11275,1991,220000,4,4,2,2,2,7,6
2218,7,6221,1355,140000,3,4,2,2,2,5,5
2219,3,10570,2727,315000,5,5,2,3,3,8,8
2220,7,7259,2320,259500,4,4,2,2,3,8,6
2221,7,14442,1839,257500,4,4,2,2,3,7,6
2222,7,13125,1740,219500,4,4,2,2,2,6,7
2223,7,21000,2259,217000,4,5,3,2,3,5,6
2224,7,25485,1560,201000,5,4,1,2,2,4,6
2225,7,21579,1488,215000,4,5,2,2,2,6,6
2226,7,1782,1045,123900,4,5,3,2,2,6,6
2227,7,17871,1680,170000,4,5,2,2,3,5,4
2228,7,3907,1020,200000,4,5,2,2,2,5,8
2229,7,20693,1696,198000,4,5,2,2,2,5,7
2230,3,32668,2515,200624,4,4,2,3,2,3,6
2231,7,18044,2726,315000,4,5,2,3,3,5,8
2232,7,8500,1517,115000,4,4,2,2,1,7,5
2233,7,7000,1215,141000,4,4,2,2,3,7,6
2234,7,5000,803,87000,4,4,2,2,2,6,5
2235,7,7288,1601,129850,2,4,3,3,2,7,5
2236,7,6060,1123,100000,4,4,2,2,2,5,4
2237,7,9060,1828,150909,4,5,2,2,3,6,5
2238,7,3672,816,75200,4,4,2,2,2,7,5
2239,7,8263,1012,118400,4,4,2,2,2,5,6
2240,2,8967,1077,67000,2,3,1,2,2,2,5
2241,7,13710,1558,152000,4,4,2,2,2,5,5
2242,2,11067,845,68104,0,0,2,2,2,4,2
2243,7,8250,1991,119600,4,4,3,2,2,6,5
2244,7,6565,1073,140000,4,4,2,2,2,6,4
2245,7,6060,1001,124900,4,4,2,3,3,9,5
2246,7,5568,1625,375000,4,5,2,3,3,5,8
2247,7,4750,1625,235000,4,5,2,3,3,5,8
2248,7,12150,1299,183500,4,5,2,2,3,6,6
2249,7,7540,912,156000,4,5,2,2,2,6,6
2250,7,9187,1080,134000,4,4,3,2,2,5,6
2251,7,10000,1392,215000,4,5,2,3,3,5,5
2252,7,12864,1409,245000,4,5,2,3,3,5,7
2253,7,9928,1478,210000,4,5,2,2,2,5,7
2254,7,8750,918,148000,4,4,2,2,2,6,7
2255,7,8410,1026,143000,4,5,2,2,2,6,6
2256,7,4054,1501,244000,4,5,2,3,3,6,7
2257,7,9763,1502,330000,4,5,2,3,3,5,7
2258,7,16905,1328,170000,4,4,3,2,2,6,5
2259,7,19958,2279,257000,4,4,3,2,3,8,6
2260,7,8368,1689,231713,4,5,2,3,3,5,7
2261,7,8298,1564,267300,4,5,2,3,4,5,8
2262,7,9037,1484,265900,4,5,2,3,4,5,8
2263,7,10991,1571,239000,4,5,2,3,3,5,8
2264,7,10656,1646,248900,4,5,2,3,3,5,8
2265,7,10331,1240,174000,4,5,2,2,3,7,7
2266,7,13758,1717,187500,4,5,3,3,3,5,7
2267,7,9303,1756,204000,4,5,2,3,2,5,6
2268,7,6718,1312,180500,4,5,2,3,3,5,8
2269,7,9590,1146,187500,4,5,2,3,3,5,7
2270,7,11305,1922,282000,4,5,2,3,3,5,8
2271,7,7777,1491,178000,4,5,2,3,2,5,6
2272,7,14536,1629,270000,4,5,2,3,3,5,8
2273,7,11800,2486,279900,4,5,2,3,3,5,7
2274,7,35133,1572,186700,4,4,2,2,2,4,5
2275,7,15306,1776,283463,4,5,2,3,3,5,8
2276,7,12633,1824,392000,4,5,2,4,4,5,10
2277,7,12665,2482,281213,5,5,2,3,3,5,8
2278,7,8402,1120,147000,4,5,2,2,2,5,5
2279,6,43500,2034,130000,0,0,2,2,2,5,3
2280,7,6710,936,140000,4,5,2,2,2,5,6
2281,7,25286,1040,132250,4,4,2,2,2,5,4
2282,7,25000,1632,143000,4,4,2,2,2,4,5
2283,7,32463,1622,168000,4,4,3,2,2,4,4
2284,7,4224,1060,129900,4,5,2,2,2,7,5
2285,7,4224,1142,134000,4,5,2,2,2,5,5
2286,7,1504,1092,85500,4,4,2,2,2,4,4
2287,7,1533,992,106500,4,5,2,2,2,5,4
2288,7,1495,1092,93900,4,4,2,2,2,6,4
2289,7,2001,1092,75000,4,4,2,2,2,5,4
2290,7,1936,630,84500,4,5,2,2,2,6,4
2291,7,1890,1092,75190,4,4,2,2,2,3,4
2292,7,11333,1062,146800,4,5,2,2,2,5,6
2293,7,9129,1008,153500,4,5,2,2,3,5,5
2294,7,15957,1356,188000,4,5,2,2,2,6,6
2295,4,33983,1676,196000,4,4,1,2,3,6,5
2296,7,8286,1432,157000,4,5,2,2,2,7,5
2297,7,6723,796,138000,4,5,2,2,2,7,5
2298,7,7244,768,129500,4,5,3,2,2,7,5
2299,7,27697,1608,80000,4,4,2,2,2,3,4
2300,7,7599,845,129500,4,4,2,2,2,6,4
2301,7,11000,1178,135000,4,5,2,2,2,6,5
2302,7,8314,816,124500,4,4,2,2,2,7,5
2303,7,11625,816,139000,4,5,2,2,2,7,5
2304,7,10712,974,93500,4,5,2,2,2,5,5
2305,7,10447,887,124500,4,4,2,2,2,6,5
2306,7,11027,1293,149900,4,4,2,2,2,5,6
2307,7,10533,1024,157500,4,4,3,2,3,6,6
2308,7,11765,1797,169000,4,4,2,2,2,5,5
2309,6,39384,1390,252000,4,5,2,2,4,6,6
2310,7,11727,1851,192100,4,4,3,2,2,6,7
2311,7,8238,1525,183500,4,4,2,2,2,5,6
2312,7,13006,2236,222000,4,5,2,2,3,5,7
2313,7,13041,1671,170000,4,5,2,2,2,5,6
2314,7,13031,1498,187500,4,5,2,2,2,5,6
2315,7,9783,1776,202000,4,5,2,2,2,5,6
2316,7,11207,1511,185000,4,5,2,2,2,5,6
2317,7,19378,2462,320000,4,5,2,3,3,5,7
2318,7,14859,1670,240000,4,5,2,3,3,5,7
2319,7,13128,2064,250000,4,5,2,3,3,5,8
2320,7,10463,1801,239900,4,5,2,3,3,5,8
2321,7,13751,2212,309000,4,5,2,3,3,5,7
2322,7,23257,2021,274725,5,5,2,3,3,5,7
2323,7,13108,2687,270000,4,5,2,3,3,5,8
2324,7,8076,1169,183500,4,5,2,2,2,6,6
2325,7,7685,1501,165600,4,5,2,2,3,5,6
2326,7,9084,1632,176500,4,5,2,2,2,5,7
2327,7,3701,1204,130000,4,5,2,2,2,5,8
2328,7,5306,1767,239000,5,5,3,3,3,7,7
2329,7,6563,1742,275000,4,5,2,3,3,5,8
2330,7,16023,2798,457347,4,5,4,3,4,5,9
2331,7,18062,3390,545224,4,5,2,4,4,5,10
2332,7,12292,2473,356383,5,5,2,3,3,5,9
2333,7,16056,2868,556581,4,5,2,3,4,5,9
2334,7,12438,2576,361919,5,5,2,4,4,5,8
2335,7,16052,2698,535000,4,5,2,4,4,5,10
2336,7,15922,2795,401179,4,5,2,3,4,5,9
2337,7,13682,2945,438780,4,5,2,4,3,5,10
2338,7,14762,2320,169000,0,0,2,2,2,6,5
2339,7,34650,1056,145000,4,4,2,2,2,5,5
2340,7,8147,1714,318000,4,5,2,3,3,5,9
2341,7,11302,1826,319000,4,5,2,3,3,5,8
2342,7,18261,2000,470000,4,5,2,4,4,5,9
2343,7,14145,1621,202500,4,5,2,3,3,7,7
2344,7,13837,2183,229000,5,5,3,3,3,5,7
2345,7,16659,2263,235000,4,4,2,2,3,7,7
2346,7,18800,1574,190000,4,5,2,2,2,5,6
2347,7,10464,1102,169000,4,5,2,2,2,6,6
2348,7,10400,1872,241500,4,5,2,2,2,5,7
2349,7,10530,1857,188900,4,4,2,2,2,5,7
2350,7,10240,1686,207500,4,5,3,2,2,6,6
2351,7,16692,2784,250000,4,5,2,2,3,5,7
2352,7,11475,1552,179900,4,5,2,2,2,6,6
2353,7,9927,1083,172000,4,5,2,3,2,5,7
2354,7,9512,2318,294323,4,5,2,3,3,5,7
2355,7,10530,1875,184500,3,4,2,2,3,6,6
2356,7,10140,1074,153500,4,5,2,2,2,6,5
2357,7,10140,1664,162900,4,5,2,2,2,5,7
2358,7,10140,1309,181000,4,4,2,2,3,6,6
2359,7,10000,1103,155000,4,4,2,2,2,6,6
2360,7,15870,1096,138800,4,4,2,2,2,5,5
2361,7,9353,864,116050,4,4,2,2,2,5,4
2362,7,8125,858,88000,4,4,2,2,2,4,4
2363,7,7200,874,97500,4,4,2,2,2,4,4
2364,7,8773,1419,190000,4,5,2,3,3,5,6
2365,7,2760,1092,105500,4,4,2,2,2,5,6
2366,6,2160,1365,125500,4,4,2,2,3,6,5
2367,7,1953,987,83000,3,4,2,2,2,5,6
2368,7,1890,1030,116000,4,4,2,2,2,7,6
2369,7,1680,1218,91500,4,4,2,2,2,5,6
2370,7,1680,1218,118000,4,4,2,2,2,7,6
2371,7,1680,948,89000,4,4,2,2,2,5,6
2372,7,1680,1092,108000,4,4,2,2,2,5,6
2373,7,1680,987,94500,4,4,2,2,2,5,6
2374,7,4043,1069,146300,4,5,2,2,2,5,6
2375,7,7514,1387,145000,4,4,2,2,2,7,5
2376,7,7838,900,123000,4,4,2,2,2,5,5
2377,7,2280,1055,137500,4,4,2,2,2,7,7
2378,7,2179,1456,144000,4,5,2,2,2,5,6
2379,7,16737,1980,315000,4,5,2,3,4,5,9
2380,7,16387,2589,412083,5,5,2,3,4,5,9
2381,7,16259,2596,342643,5,5,2,2,3,5,9
2382,7,16163,1618,252000,4,5,2,3,3,5,8
2383,7,13891,2076,465000,5,5,2,4,4,5,10
2384,7,12228,1740,293000,5,5,2,3,3,5,7
2385,7,14780,1868,415000,4,5,2,4,4,5,9
2386,7,16033,1850,326000,4,5,2,3,3,5,9
2387,7,14215,2376,325300,4,5,2,3,3,5,8
2388,7,13418,2452,309000,4,5,2,3,3,5,8
2389,7,13975,2206,300000,4,5,2,3,4,5,9
2390,7,10240,2098,275500,4,5,2,3,4,5,8
2391,7,9942,2091,338500,5,5,2,4,4,5,9
2392,7,11924,2324,345000,4,5,2,4,4,5,9
2393,7,12867,2253,344133,4,5,2,3,4,5,8
2394,7,10672,2389,298236,4,5,2,3,3,5,8
2395,7,11643,2358,329900,4,5,2,3,4,5,8
2396,7,12378,1944,360000,4,5,2,3,4,5,9
2397,7,11065,1970,281000,4,5,2,3,4,5,8
2398,7,13758,1792,372397,4,5,2,4,3,5,9
2399,7,14828,1780,378000,4,5,2,4,4,5,9
2400,7,11846,1792,374000,4,5,2,3,4,5,9
2401,7,20431,2728,437154,4,5,2,4,4,5,9
2402,7,10927,1904,275000,4,5,2,3,4,5,8
2403,7,13215,1914,279000,4,5,2,3,3,5,8
2404,7,7052,1364,185850,4,5,2,3,3,5,7
2405,7,5911,1565,282500,4,5,2,4,4,5,9
2406,7,6955,1368,202500,4,5,2,3,3,5,7
2407,7,6792,1368,202665,4,5,2,3,3,5,7
2408,7,7740,1686,332200,5,5,2,3,4,5,9
2409,7,6373,1666,310090,5,5,2,4,3,5,9
2410,7,3136,1405,171750,4,5,2,3,3,5,7
2411,7,10237,1316,169990,4,5,2,3,3,5,6
2412,7,10237,1456,170440,4,5,2,3,3,5,6
2413,7,10237,1492,169985,4,5,2,3,3,5,7
2414,7,17104,1496,179665,5,5,2,3,3,5,7
2415,7,14054,1863,219210,4,5,2,3,3,5,7
2416,7,11660,1326,174190,4,5,2,3,3,5,6
2417,7,15578,1456,172785,4,5,2,3,2,5,6
2418,7,11631,2373,258000,4,5,2,3,3,5,8
2419,7,9073,1492,185101,4,5,2,3,3,5,7
2420,7,3087,1364,210250,4,5,2,3,3,5,7
2421,7,3196,1557,234000,4,5,2,3,3,5,7
2422,7,3196,1456,215000,4,5,2,3,3,5,8
2423,7,2938,1511,246990,4,5,2,3,3,5,7
2424,7,3072,1414,178740,4,5,2,3,3,5,7
2425,7,3072,1548,225000,4,5,2,3,3,5,7
2426,7,3010,1248,167240,4,5,2,3,3,5,7
2427,7,3010,1142,156820,4,5,2,3,3,5,7
2428,7,3013,1506,213490,4,5,2,3,3,5,7
2429,7,3982,1567,264561,5,5,2,3,4,5,8
2430,7,4045,1500,246578,4,5,2,3,3,5,7
2431,7,21930,1838,192140,5,5,2,3,2,5,5
2432,7,7861,1509,183200,4,5,2,3,3,5,6
2433,7,9056,1414,178000,5,5,2,3,3,5,8
2434,7,9171,1598,201490,4,5,2,3,3,5,7
2435,7,11194,1936,230500,4,5,2,3,3,5,8
2436,7,7875,1509,180000,4,5,2,3,3,5,7
2437,7,8121,1664,172400,4,5,2,2,2,5,6
2438,7,8658,1889,215000,4,5,2,2,2,5,6
2439,7,11214,1886,199900,4,5,2,3,3,5,7
2440,7,10852,1671,173000,4,5,2,2,2,5,6
2441,7,12104,2322,287602,4,5,2,3,3,5,7
2442,7,8738,2291,230000,4,5,2,3,3,5,7
2443,7,9452,2392,348000,4,5,2,3,3,5,8
2444,7,9660,1976,286000,4,5,2,3,3,5,8
2445,7,9545,2234,300000,4,5,2,3,3,5,8
2446,7,35760,3627,625000,4,5,3,3,3,5,10
2447,7,9233,2855,405000,4,5,2,3,4,5,9
2448,7,12011,1924,280000,4,5,2,3,3,5,8
2449,7,12090,2263,258000,4,5,2,3,3,5,8
2450,7,10019,2726,350000,4,5,2,3,3,5,8
2451,7,17242,3500,584500,4,5,3,3,4,5,9
2452,7,10236,2494,321000,4,5,2,3,3,5,8
2453,7,10120,2526,290000,4,5,2,3,3,5,8
2454,7,12585,2799,315000,4,5,2,3,3,5,8
2455,7,12447,1964,252000,5,5,2,3,3,5,8
2456,7,15218,1670,336820,5,5,2,3,3,5,8
2457,7,20896,2097,423000,4,5,2,3,4,5,8
2458,7,10182,1660,290000,4,5,2,3,3,5,8
2459,7,8688,1616,232000,4,5,2,3,3,5,7
2460,7,10936,1504,199000,4,5,2,3,3,5,8
2461,7,8640,1278,198600,4,5,2,3,3,5,8
2462,7,13162,2640,405749,4,5,2,3,4,5,9
2463,7,11216,1489,232600,5,5,2,3,3,5,8
2464,7,10728,1939,266000,4,5,2,3,3,5,8
2465,7,8125,1553,186500,4,5,2,3,3,5,7
2466,7,8125,1716,200825,4,5,2,3,3,5,6
2467,7,8125,1576,197000,5,5,2,3,3,5,7
2468,7,7200,1262,185000,4,5,2,3,3,5,6
2469,7,7500,1266,176000,4,5,2,3,3,5,7
2470,7,7200,1301,187750,5,5,2,3,3,5,7
2471,7,7733,1142,139500,4,4,2,2,3,5,6
2472,7,11024,1400,186800,4,5,2,3,3,5,7
2473,7,13072,1131,132000,4,5,2,2,3,5,6
2474,7,13072,1141,142500,4,5,2,3,2,5,6
2475,7,13072,1158,158000,4,5,2,2,3,5,6
2476,7,7800,1686,184000,4,5,2,3,3,5,7
2477,7,7632,1585,184900,4,5,2,3,3,5,7
2478,7,8304,1837,187000,4,5,2,2,2,5,6
2479,7,7153,1603,175900,4,5,3,3,3,5,6
2480,7,9370,1731,248500,4,5,2,3,3,5,6
2481,7,7175,1398,172000,4,5,2,3,3,5,6
2482,7,7175,1217,151000,4,5,2,3,3,5,6
2483,7,9019,1320,150000,4,5,2,2,3,5,6
2484,7,8900,1056,107000,4,4,2,2,2,4,4
2485,7,7800,965,119900,4,4,2,2,2,5,5
2486,7,9100,988,129500,4,4,2,2,2,4,5
2487,7,9100,1728,125000,4,4,2,2,2,5,5
2488,7,8927,1654,119500,0,0,3,2,2,6,6
2489,6,9240,1211,144000,4,4,2,2,2,6,5
2490,7,8471,1212,151000,5,5,2,2,2,7,6
2491,7,9308,984,126000,4,4,2,2,2,5,5
2492,7,8450,909,116000,4,4,2,2,2,6,5
2493,7,8638,925,133500,4,4,2,2,2,6,5
2494,7,13052,1024,120875,4,4,2,2,2,6,5
2495,7,13526,935,137000,4,4,2,2,2,6,5
2496,7,8020,912,124000,4,4,2,2,2,6,5
2497,7,6993,1236,135000,4,4,2,2,2,7,5
2498,7,8789,941,129200,4,4,2,2,2,6,5
2499,4,14330,2646,260000,4,5,1,3,3,4,7
2500,7,16059,2417,260000,4,5,2,3,3,5,8
2501,7,11025,2826,334000,4,5,2,3,3,5,8
2502,7,14541,2520,310000,5,5,3,3,3,7,8
2503,7,13346,2295,268000,4,5,2,3,3,5,7
2504,7,12461,1624,262000,4,5,2,3,3,5,8
2505,7,3628,1143,176400,4,5,2,3,3,5,7
2506,7,3316,1247,197000,4,5,2,3,3,5,8
2507,7,3180,1200,151000,4,5,2,2,3,5,7
2508,7,2544,1223,147400,4,5,2,3,3,5,7
2509,7,2544,1223,149900,4,5,2,3,3,5,7
2510,7,3180,1200,144152,4,5,2,3,3,5,7
2511,7,2998,1524,166000,4,5,2,3,3,5,6
2512,7,3735,1452,183900,4,5,2,3,3,5,7
2513,7,2651,1382,165000,4,5,2,3,3,5,7
2514,7,4447,1080,139000,4,5,2,3,3,5,7
2515,7,8314,1694,200000,4,5,2,3,3,5,7
2516,7,7180,1568,221000,4,5,2,3,3,5,8
2517,7,9549,1494,270000,5,5,3,3,4,5,8
2518,7,11250,1208,165000,4,5,2,3,2,6,6
2519,7,3760,1235,214000,4,5,2,3,2,5,8
2520,7,3640,1036,188000,4,5,2,3,3,5,8
2521,7,3874,1226,190000,4,5,2,3,3,5,8
2522,7,3876,1226,170000,4,5,2,3,3,5,8
2523,7,50271,1842,385000,4,5,2,3,3,5,9
2524,7,13110,1193,146500,4,5,2,2,2,6,5
2525,7,10192,1920,170000,4,4,2,2,3,6,7
2526,7,20781,2156,262500,4,4,2,2,2,7,7
2527,7,11700,1416,179900,4,4,2,2,2,6,6
2528,7,11029,2654,250000,4,4,2,2,3,7,6
2529,5,10400,1790,165150,4,4,2,2,2,5,6
2530,7,10140,1334,164500,4,4,2,2,2,6,7
2531,7,9600,1164,140000,4,4,2,2,2,5,7
2532,7,9750,980,135500,4,4,2,2,2,5,5
2533,7,9600,1051,142000,4,4,2,2,2,5,5
2534,7,8640,1770,155000,3,5,2,2,2,5,5
2535,7,9360,976,157500,4,4,2,2,3,7,6
2536,7,8400,1052,138500,4,4,2,2,2,5,5
2537,7,8400,898,140000,4,5,2,2,2,6,5
2538,7,9759,1051,124400,4,4,2,2,2,5,5
2539,7,9600,1141,158000,4,4,2,2,2,7,5
2540,7,9230,1200,146000,4,4,2,2,3,8,5
2541,7,14803,1993,190000,4,4,2,2,2,5,6
2542,7,10659,1050,136500,4,4,2,2,2,6,5
2543,7,9100,864,129900,4,4,2,2,2,5,5
2544,7,8393,1712,145000,4,4,2,2,2,5,5
2545,6,8800,1565,185900,4,4,3,2,3,7,6
2546,7,8800,1251,160000,4,4,2,2,2,6,6
2547,7,10368,1488,167000,4,4,2,2,2,6,6
2548,7,9350,1440,157500,4,4,2,2,2,6,5
2549,7,10382,1095,140000,4,4,1,2,2,5,6
2550,7,8973,1053,150000,4,4,2,2,4,7,5
2551,7,10800,1248,151500,4,4,2,2,2,7,5
2552,7,8550,816,129800,4,4,2,2,2,8,6
2553,7,11425,1008,137000,4,4,2,2,2,6,5
2554,7,9724,1043,137000,4,4,2,2,2,7,5
2555,7,4712,1230,121600,4,4,2,2,2,7,4
2556,7,5900,869,85500,4,5,2,2,1,7,4
2557,7,5825,747,79900,4,3,3,2,2,5,4
2558,7,7438,1252,127000,4,3,2,2,2,8,5
2559,6,9600,1433,161000,4,4,2,2,2,6,5
2560,6,10858,1624,146500,4,4,3,2,2,6,5
2561,7,9600,1216,135000,4,4,2,2,2,5,5
2562,4,10680,2136,137900,3,4,2,2,2,3,5
2563,7,9490,1578,133000,4,4,2,2,1,7,6
2564,6,9462,1728,137000,4,4,2,2,2,6,5
2565,7,9888,936,121000,4,4,3,2,2,6,5
2566,7,8917,1584,119000,4,4,2,2,2,5,5
2567,7,12700,1246,172000,4,4,2,2,2,5,6
2568,7,8500,1235,98600,4,4,2,2,2,3,5
2569,7,14200,2157,226000,4,4,2,2,3,6,7
2570,6,9000,1128,118000,4,4,2,2,2,5,5
2571,7,25419,3112,235000,4,4,3,3,3,4,8
2572,7,9723,1008,135000,4,4,2,2,2,7,6
2573,7,7728,1190,132500,4,4,2,2,2,6,5
2574,7,8163,1144,143000,4,4,3,2,2,6,5
2575,7,8400,1364,132000,4,3,2,2,2,5,5
2576,7,11600,1383,145250,4,4,2,2,2,5,6
2577,7,9610,1336,162000,4,4,2,2,2,6,6
2578,7,10000,1370,148000,4,4,2,2,2,6,5
2579,7,14850,1092,141000,4,4,2,2,2,5,5
2580,7,10152,1124,153000,4,4,2,2,2,6,6
2581,6,10011,1236,134450,4,4,2,2,3,6,5
2582,7,7032,943,135960,4,5,2,2,2,5,5
2583,7,8092,1050,156000,4,4,3,2,3,8,6
2584,7,11310,1375,140000,4,4,2,2,2,5,6
2585,7,12778,1008,139500,4,4,2,2,2,6,5
2586,7,10170,1575,155000,4,4,2,2,3,6,6
2587,5,7700,1145,127000,4,5,2,2,2,7,5
2588,7,11050,1005,133500,4,4,2,2,2,5,5
2589,7,13600,1056,125000,4,4,2,2,2,6,5
2590,7,15428,884,142000,4,4,2,2,2,6,5
2591,6,21299,2039,167000,4,4,2,3,2,5,7
2592,6,13300,1384,159000,4,4,2,2,2,5,5
2593,3,22136,2640,180000,4,4,1,2,2,5,5
2594,7,7500,1312,127000,4,4,2,2,2,6,6
2595,6,7000,1310,112000,4,3,3,2,2,6,6
2596,7,10410,713,99800,4,4,3,2,3,8,3
2597,7,5400,833,117000,4,4,3,2,3,7,5
2598,7,5400,1073,108480,4,4,2,2,2,6,5
2599,7,10914,715,68000,4,4,1,2,2,3,3
2600,7,7008,720,86900,3,3,3,2,1,8,4
2601,7,10800,1130,120000,4,4,2,2,2,6,5
2602,7,7200,1595,155500,4,4,4,2,2,8,6
2603,7,10818,1760,80000,4,3,2,2,2,4,4
2604,7,10410,1214,105000,4,4,2,2,2,4,3
2605,4,10800,2414,160000,3,4,1,2,2,4,5
2606,6,10800,1466,170000,4,3,2,2,3,8,5
2607,7,8658,1324,160000,4,4,2,2,2,5,6
2608,7,13400,1086,159950,4,4,2,2,2,5,5
2609,7,10184,1146,165000,4,4,2,2,2,5,6
2610,7,9786,1734,159000,4,4,2,2,3,7,6
2611,7,9510,1207,147000,4,4,2,2,2,5,6
2612,7,7800,912,115000,4,4,2,2,2,5,5
2613,7,8910,1194,159500,4,4,2,2,2,6,6
2614,7,7332,864,120000,4,4,2,2,3,6,6
2615,7,7100,816,129900,4,4,2,2,2,7,5
2616,5,10800,1773,183000,4,4,2,2,2,6,6
2617,7,11650,1472,157500,0,0,2,2,3,5,7
2618,7,18275,2448,277500,4,4,2,2,2,8,7
2619,7,16321,1600,207500,4,4,2,2,2,6,5
2620,5,12144,1521,147500,4,4,2,2,3,6,4
2621,7,10800,1192,135000,4,4,2,2,2,4,4
2622,7,7200,1040,109500,0,0,2,2,2,7,5
2623,7,7200,1040,109900,0,0,2,2,2,5,4
2624,7,7560,1040,133700,4,4,2,2,2,5,5
2625,7,8544,1040,81400,0,0,2,2,2,4,3
2626,7,8544,1040,87500,0,0,2,2,2,4,3
2627,7,8544,1040,93500,0,0,2,2,2,4,3
2628,7,8512,1556,119000,3,4,2,2,2,5,5
2629,7,7945,1150,141000,4,4,2,2,2,6,5
2630,7,7000,1150,146000,4,4,2,2,2,4,5
2631,7,7590,1348,155000,4,4,2,2,2,5,6
2632,7,10205,999,134500,4,4,2,2,2,5,5
2633,7,7400,1045,120000,4,4,2,2,2,6,7
2634,7,7000,864,105000,4,4,2,2,2,6,5
2635,7,7000,1025,124000,4,4,2,2,2,5,5
2636,7,9856,2014,169000,4,3,3,3,2,8,5
2637,7,9906,1328,107000,4,4,2,2,2,4,4
2638,7,9600,1668,135000,4,4,2,2,2,6,5
2639,7,5520,1657,111500,3,4,2,2,1,6,4
2640,7,9600,1416,156500,4,4,2,2,3,8,6
2641,7,9600,1641,178000,5,4,2,2,4,7,7
2642,7,6451,1428,139900,4,4,2,2,2,7,7
2643,7,3960,1004,105000,4,4,2,2,3,8,7
2644,7,5684,813,110000,4,4,2,2,3,8,6
2645,7,7745,1951,111500,4,4,2,3,1,6,4
2646,7,7741,1032,108000,3,4,2,2,2,5,6
2647,7,5633,844,111500,3,4,2,2,2,7,5
2648,7,9000,1750,124000,3,3,2,2,4,6,5
2649,7,7200,864,105000,4,4,2,2,2,5,4
2650,7,4400,1118,116000,4,3,2,2,2,8,6
2651,7,7614,1376,96900,3,4,2,2,2,5,3
2652,7,6000,960,135500,4,4,2,2,2,7,5
2653,7,6000,1566,139000,4,4,3,2,3,7,5
2654,7,7830,492,61500,4,3,2,2,2,5,3
2655,7,9576,1182,120000,4,3,2,2,2,7,6
2656,7,5820,1163,126175,4,4,3,2,2,8,3
2657,7,5747,840,64000,4,4,2,2,1,4,3
2658,7,9142,1928,137000,4,3,1,2,1,8,6
2659,5,9600,1774,87000,3,4,2,2,2,2,4
2660,7,10800,1768,163000,4,5,2,2,2,7,7
2661,7,6300,2104,155000,4,4,2,2,2,6,7
2662,7,5000,1440,79000,4,4,2,2,2,4,5
2663,7,8850,1690,144000,4,4,2,2,2,6,7
2664,7,3600,1368,114504,4,4,2,2,2,7,6
2665,7,7200,1762,157000,4,3,2,2,3,7,7
2666,7,11340,1200,125000,4,4,2,2,2,5,6
2667,7,22950,3608,475000,4,4,3,3,4,9,10
2668,7,5976,1248,93500,4,4,2,2,2,7,5
2669,7,9750,960,125000,4,4,2,2,2,5,5
2670,7,4761,1020,64500,3,4,1,1,1,3,3
2671,7,7446,788,100000,4,4,2,2,2,5,4
2672,7,6435,1577,140200,4,4,2,2,1,5,6
2673,7,11737,1827,202500,4,4,2,2,2,7,6
2674,7,5000,1664,159000,4,4,3,2,2,7,6
2675,7,7800,1118,119900,4,5,2,2,2,7,5
2676,7,6240,1176,114500,4,4,2,2,2,6,6
2677,7,6240,1344,115000,4,5,2,2,2,4,5
2678,7,6120,1162,75000,4,4,2,3,2,5,3
2679,6,6120,1015,88000,4,4,2,2,2,7,5
2680,7,6240,912,80500,0,0,2,2,2,5,4
2681,7,6240,1576,149000,4,4,2,2,2,6,5
2682,7,6120,1324,110000,4,4,3,2,3,7,5
2683,7,6000,1103,110500,4,4,3,2,3,6,6
2684,7,6000,616,89000,4,4,2,2,2,7,5
2685,7,6380,1048,113000,3,4,2,2,2,6,5
2686,7,11672,816,109000,4,4,2,2,2,5,5
2687,7,33120,2486,220000,4,4,2,2,2,5,6
2688,7,9873,960,129000,4,4,2,2,2,5,4
2689,7,5310,1635,117000,3,4,3,2,3,8,6
2690,7,4118,693,52500,4,4,2,2,1,4,4
2691,7,10320,1430,107000,3,4,2,2,1,5,4
2692,7,7518,1330,116500,3,3,3,1,2,8,5
2693,7,9000,819,72000,4,4,2,2,3,4,5
2694,7,8600,1376,119500,4,4,2,2,2,6,6
2695,7,7200,1360,125500,4,4,2,2,3,6,5
2696,7,9786,1077,91000,3,4,2,2,2,4,3
2697,7,6780,754,84500,4,4,1,2,2,8,6
2698,7,7200,984,90000,4,4,2,2,2,6,6
2699,7,12375,1422,137500,4,4,1,2,2,5,5
2700,7,11136,1921,150000,4,4,2,2,2,5,6
2701,6,21370,1640,131000,0,0,2,2,2,5,5
2702,5,6930,1352,130000,4,4,2,2,3,4,5
2703,7,8250,1032,125000,0,0,2,2,2,7,5
2704,7,5220,879,80000,4,4,2,2,2,3,5
2705,7,5500,1073,157000,5,5,2,2,2,5,7
2706,7,11235,1382,148000,4,4,2,2,2,5,4
2707,7,10791,1296,90000,0,0,2,2,2,5,4
2708,7,8414,1068,154500,4,4,2,2,2,8,6
2709,7,11327,1064,153600,4,4,2,2,2,6,5
2710,7,11777,1320,164500,4,4,2,2,2,6,5
2711,7,10366,934,132000,4,4,3,2,2,7,6
2712,7,9000,1059,142500,4,4,2,2,2,6,5
2713,7,11553,1159,158000,4,4,2,2,2,5,5
2714,7,7844,1400,149500,4,4,2,2,2,7,6
2715,7,9535,1458,165000,4,4,2,2,2,5,5
2716,6,10335,1721,180000,4,4,2,2,2,6,5
2717,7,7176,1040,160500,5,4,2,2,2,6,6
2718,7,9662,1967,156500,4,5,2,2,2,4,5
2719,7,8235,1949,157000,4,4,2,2,2,4,5
2720,7,13650,1920,172500,4,4,3,3,3,5,5
2721,3,13125,1803,155000,4,4,2,2,2,4,5
2722,7,17920,1779,170000,4,4,2,2,2,4,5
2723,4,17529,872,105000,4,4,2,2,1,5,5
2724,7,10246,960,145000,5,4,3,2,2,9,4
2725,5,14175,1437,168000,4,4,2,2,2,6,5
2726,7,20355,1830,278000,4,5,2,2,2,6,7
2727,7,13050,1000,164000,4,5,2,2,2,6,5
2728,7,15593,2287,225000,4,4,2,3,2,4,7
2729,7,10820,810,130000,4,5,2,2,2,7,5
2730,7,13350,894,142500,4,4,2,2,2,5,5
2731,7,1700,1700,148400,4,5,2,3,3,5,7
2732,7,5271,1453,190000,4,5,2,2,3,5,7
2733,7,9375,1350,146000,4,4,3,2,2,5,4
2734,4,6488,1150,128000,4,4,2,2,2,5,5
2735,7,7800,2008,225000,5,4,3,2,4,8,5
2736,7,19690,2201,274970,4,5,3,3,3,7,6
2737,7,19950,2009,235000,4,4,2,2,2,7,6
2738,7,19800,3672,415000,4,4,2,2,3,8,6
2739,5,11679,1560,182000,4,4,2,2,2,5,5
2740,7,12048,1488,135000,0,0,2,2,2,6,5
2741,7,10519,1057,137000,4,4,2,2,3,8,5
2742,7,9525,1855,136900,3,4,2,2,2,4,6
2743,7,9525,1609,149900,4,4,2,2,2,5,6
2744,7,6420,1148,123500,5,5,2,2,2,7,5
2745,5,8335,1124,93000,0,0,2,2,2,5,5
2746,7,7585,1456,91500,3,3,2,2,2,3,5
2747,7,11200,1298,180000,4,5,2,3,3,5,6
2748,7,12128,2559,209000,4,5,2,3,4,4,6
2749,7,9554,1911,215000,4,5,2,3,3,5,8
2750,7,9069,1440,224500,4,5,3,3,3,8,6
2751,7,11003,1876,229800,4,5,2,3,3,5,7
2752,7,7488,1208,183600,4,5,2,3,3,5,7
2753,7,7406,1220,194000,4,5,2,3,3,5,7
2754,7,6762,1294,193879,5,5,2,3,3,5,7
2755,7,11210,1614,221500,4,5,2,3,3,5,7
2756,7,8990,1498,204900,4,5,2,3,3,5,7
2757,7,8760,1962,239799,5,5,2,3,3,5,7
2758,7,13377,1846,233555,4,5,2,3,3,5,6
2759,7,11645,1734,260000,4,5,2,3,3,5,7
2760,7,11645,1590,294900,4,5,2,3,4,5,8
2761,7,10984,1809,209700,4,5,2,3,3,5,7
2762,7,9316,1614,225000,4,5,2,3,3,5,7
2763,7,9316,1596,181000,4,5,2,3,3,5,7
2764,7,10041,1915,220000,4,5,2,3,3,5,8
2765,7,36500,1582,190000,4,4,3,2,2,5,5
2766,7,21453,988,180000,4,4,2,2,2,5,6
2767,7,70761,1533,280000,4,5,2,2,3,5,7
2768,7,12000,1388,158900,3,5,1,2,2,5,6
2769,7,8846,914,148000,4,5,2,3,2,5,5
2770,7,13015,1100,145000,4,5,3,2,2,6,5
2771,7,12438,1499,187000,4,5,2,3,3,5,6
2772,7,8685,1425,193000,4,5,2,2,2,5,7
2773,7,13568,990,156000,4,5,2,2,2,5,5
2774,7,9100,1525,235000,4,5,2,3,3,5,7
2775,7,9236,1494,217000,4,5,3,2,3,5,6
2776,7,10264,1588,214000,4,5,2,3,3,5,7
2777,7,9272,1749,196000,4,5,2,3,3,5,7
2778,7,13426,1779,217000,4,5,2,3,3,5,7
2779,7,13450,1861,200000,4,5,2,3,3,5,7
2780,7,14006,1776,192500,4,5,2,3,3,5,7
2781,7,13704,1541,205000,4,5,2,3,3,5,7
2782,7,10780,954,132500,4,4,2,2,2,5,5
2783,7,8340,1388,157500,4,5,2,2,2,6,6
2784,7,10385,1282,174000,5,4,2,2,2,6,6
2785,7,9920,971,128500,4,5,2,2,2,6,5
2786,7,9560,864,128500,4,4,3,2,2,7,5
2787,7,9800,894,149900,4,4,2,2,2,7,5
2788,7,7200,864,119900,4,4,2,2,2,8,5
2789,7,3612,1320,137000,4,5,2,2,2,5,6
2790,7,11367,1989,255000,4,5,2,3,3,5,8
2791,7,9930,1762,222000,4,5,2,3,3,5,7
2792,7,9468,1755,214000,4,5,2,2,2,5,6
2793,7,11088,1358,220000,4,5,2,3,3,5,8
2794,7,14781,1787,275000,4,5,2,3,3,5,8
2795,7,8726,1909,197000,4,5,2,3,3,5,7
2796,7,8125,1654,230000,4,5,2,3,3,5,7
2797,7,10566,2214,268500,4,5,2,3,3,5,8
2798,7,21533,2049,210900,4,5,2,3,3,5,7
2799,7,11250,1939,227000,4,5,2,2,3,5,7
2800,7,11250,1995,237000,5,5,3,3,3,5,7
2801,7,9750,2097,274300,4,5,2,2,3,6,7
2802,7,9100,1836,216837,4,5,2,3,3,5,7
2803,7,4435,848,133000,4,5,2,3,3,5,6
2804,7,4435,848,155900,4,5,2,3,3,5,6
2805,7,15611,1919,233230,4,5,2,3,3,5,8
2806,7,8810,1390,207000,4,5,2,3,3,5,7
2807,7,12393,1948,195000,4,5,2,3,3,5,7
2808,7,9135,1700,200000,4,5,2,3,3,5,6
2809,7,8581,1737,203160,5,5,2,3,3,5,7
2810,7,8400,1611,195800,4,5,2,3,3,5,7
2811,7,10084,1552,212900,4,5,2,3,3,5,7
2812,7,11645,1720,196500,4,5,2,3,3,5,7
2813,7,8772,1336,198000,4,5,2,3,3,5,7
2814,7,8846,1500,173900,4,5,2,2,3,5,6
2815,7,8461,1456,163990,4,5,2,3,3,5,6
2816,7,8767,1310,164990,4,5,2,3,3,5,7
2817,6,8777,1436,98000,4,5,3,2,2,6,4
2818,7,17755,1466,149900,4,4,2,2,1,4,5
2819,7,8877,1220,102000,3,3,2,2,2,5,4
2820,7,7840,1012,127500,4,5,2,2,2,5,6
2821,7,9400,980,127500,5,5,2,2,2,5,6
2822,7,16133,1176,119900,4,5,2,2,2,4,5
2823,7,7162,1724,196500,4,5,2,3,3,5,7
2824,7,8050,914,117250,4,5,2,2,3,5,6
2825,7,11060,2314,229000,4,5,2,3,3,5,7
2826,7,3675,1072,145000,4,5,2,2,2,5,5
2827,7,3675,1072,140000,4,5,2,2,2,5,6
2828,7,3675,1072,142500,4,5,2,2,2,5,6
2829,3,2522,1709,134000,4,5,2,3,3,5,7
2830,3,2522,1709,130000,4,5,2,3,3,5,7
2831,3,2522,1709,130000,4,5,2,3,3,5,6
2832,3,2522,1709,137500,4,5,2,3,3,5,7
2833,3,3363,1708,130000,4,5,2,3,3,5,7
2834,7,6956,936,97900,4,3,3,2,2,7,4
2835,7,7822,1338,92000,3,3,1,2,2,3,6
2836,5,8707,1669,107000,4,4,2,2,2,5,4
2837,7,8410,1184,81000,4,4,1,2,2,3,5
2838,7,9738,1221,104900,4,4,3,2,2,7,5
2839,7,8172,864,115000,4,4,2,2,2,7,5
2840,6,16012,1482,125000,4,4,2,2,2,4,4
2841,7,8248,1250,116000,4,4,2,2,1,7,5
2842,7,8248,1414,83000,4,4,2,2,2,4,4
2843,7,6204,2230,118500,3,4,2,3,2,5,4
2844,7,8088,498,35000,4,4,2,2,2,3,2
2845,5,11388,1273,121000,4,4,2,2,3,7,4
2846,7,7082,1928,160000,4,4,2,2,2,8,5
2847,7,8400,1595,140000,4,4,2,2,2,5,6
2848,7,10890,1551,137000,4,3,2,2,1,5,5
2849,7,6430,1340,128000,4,4,2,2,2,6,6
2850,7,7000,1479,160000,4,4,2,2,3,8,7
2851,7,13132,1784,138887,4,5,2,2,2,5,5
2852,7,4899,1510,149000,4,4,2,2,2,8,6
2853,7,6000,1522,102000,4,4,1,2,2,5,5
2854,7,9399,1636,167000,4,4,2,2,3,8,7
2855,7,7588,1802,200100,4,3,2,2,2,6,7
2856,7,10164,1465,131000,3,4,2,2,2,5,5
2857,7,6191,1288,112000,3,3,2,2,2,4,5
2858,7,9550,1717,140000,5,4,2,2,3,5,7
2859,5,21780,1550,195000,3,4,2,2,2,5,6
2860,7,11435,1517,230000,4,5,2,2,3,7,8
2861,7,12400,1717,194000,4,5,2,2,2,6,5
2862,7,11600,1180,137500,4,3,2,2,1,5,4
2863,7,11500,2057,250000,4,5,2,3,3,7,7
2864,7,8170,1671,218000,4,4,3,3,2,7,7
2865,7,16560,2345,239000,4,5,2,2,2,8,6
2866,7,12320,1609,199500,4,4,2,2,3,7,7
2867,7,14210,1801,210000,4,4,2,2,2,7,6
2868,7,14115,1811,230000,4,4,2,2,4,7,6
2869,7,12984,1647,217500,4,5,2,2,3,6,5
2870,7,15600,2315,257000,4,5,3,2,2,7,5
2871,7,15750,1336,157000,4,4,2,2,2,5,5
2872,7,16381,1844,223000,4,4,3,3,3,5,6
2873,7,7288,976,102000,4,4,2,2,2,6,5
2874,7,7000,1285,145400,4,4,2,2,2,7,6
2875,6,8534,672,72000,4,3,2,2,2,4,4
2876,7,7030,641,85000,4,4,2,2,1,6,4
2877,7,8765,951,106500,4,4,2,2,2,6,4
2878,7,9060,1638,139000,4,4,2,2,3,5,6
2879,7,11040,1336,108000,4,4,2,2,2,6,4
2880,4,12366,729,51689,0,0,2,2,2,5,3
2881,7,9000,480,35311,4,4,2,2,2,3,2
2882,5,9000,1396,115000,4,4,1,1,2,6,5
2883,7,8520,936,78000,3,3,2,2,2,5,3
2884,7,5748,1778,375000,4,5,2,3,4,5,8
2885,7,3842,1646,300000,4,5,2,3,3,5,8
2886,7,23580,1625,242500,4,5,2,2,1,6,6
2887,7,8385,1664,145000,4,4,2,2,2,5,6
2888,7,9116,1491,209000,4,5,2,3,3,5,8
2889,7,10530,1004,135000,4,5,2,2,2,5,6
2890,7,11080,1210,148000,4,4,2,2,2,6,6
2891,7,11070,1959,171000,4,4,2,2,2,5,7
2892,7,26178,2519,335000,4,5,2,3,3,5,7
2893,7,8239,1295,230000,0,0,2,3,3,5,7
2894,7,50102,1650,250764,4,5,2,2,2,5,6
2895,7,16669,1707,228000,4,5,2,3,2,6,8
2896,7,13811,1137,176000,5,5,2,2,3,6,6
2897,7,8049,1339,180000,4,5,2,2,2,5,7
2898,7,11170,2514,250000,4,5,2,2,2,5,7
2899,7,8098,1403,202000,4,5,2,3,3,5,6
2900,7,14331,1800,312500,4,5,2,3,3,5,8
2901,7,13618,1960,320000,5,5,2,3,3,5,8
2902,7,11443,2028,369900,4,5,2,3,3,5,8
2903,7,11577,1838,359900,4,5,2,4,4,5,9
2904,4,31250,1600,81500,0,0,1,2,2,3,1
2905,7,7020,1368,215000,4,5,3,2,2,5,7
2906,7,4500,1216,164000,4,5,2,2,2,5,6
2907,7,4500,1337,153500,5,5,3,2,2,5,6
2908,7,17217,1140,84500,4,5,2,2,2,5,5
2909,7,2665,1304,104500,4,5,2,2,2,6,5
2910,7,2665,1475,127000,4,4,2,2,2,6,5
2911,3,3964,2521,151400,4,5,2,2,2,4,6
2912,7,10172,874,126500,4,4,2,2,2,7,5
2913,7,11836,1652,146500,4,4,2,2,2,5,5
2914,7,1470,630,73000,4,5,2,2,2,6,4
2915,7,1484,1092,79400,4,4,2,2,2,4,4
2916,7,13384,1360,140000,4,4,2,2,2,5,5
2917,7,1533,630,92000,4,5,2,2,4,7,5
2918,7,1533,1092,87550,4,4,2,2,2,5,4
2919,7,1526,1092,79500,4,4,2,2,2,5,4
2920,7,1936,1092,90500,4,4,2,2,2,7,4
2921,7,1894,1092,71000,4,4,2,2,2,5,4
2922,7,12640,1728,150900,4,4,2,2,2,5,6
2923,7,9297,1728,188000,4,4,2,2,2,5,5
2924,7,17400,1126,160000,4,4,2,2,2,5,5
2925,7,20000,1224,131000,4,4,2,2,2,7,5
2926,7,7937,1003,142500,4,4,2,2,2,6,6
2927,7,8885,902,131000,4,5,2,2,2,5,5
2928,7,10441,970,132000,4,5,2,2,2,5,5
2929,7,10010,1389,170000,4,5,2,2,2,5,5
2930,7,9627,2000,188000,4,5,2,2,2,5,7
