Order,SalePrice,Lot Area,Gr Liv Area,Overall Qual,Exter Qual,Kitchen Qual,Garage Area,PorchSFTotal,BathroomsTotal,HouseAge,HouseRemodelAge,Total Bsmt SF,Railroad_Near,Railroad_Adjacent,Sale Condition_AdjLand,Sale Condition_Alloca,Sale Condition_Normal,Sale Condition_Partial,Sale Type_COD,Sale Type_CWD,Sale Type_Con,Sale Type_ConLD,Sale Type_ConLI,Sale Type_ConLw,Sale Type_New,Sale Type_Oth,Sale Type_VWD,Sale Type_WD
1,215000,381240,19872,72,24,24,6336.0,3264,24.0,600,600,7668.0,0,0,0,0,12,0,0,0,0,0,0,0,0,0,0,12
2,105000,139464,10752,60,24,24,8760.0,3120,12.0,588,588,7344.0,0,0,0,0,12,0,0,0,0,0,0,0,0,0,0,12
3,172000,171204,15948,72,24,36,3744.0,5148,18.0,624,624,11076.0,0,0,0,0,12,0,0,0,0,0,0,0,0,0,0,12
4,244000,133920,25320,84,36,48,6264.0,0,42.0,504,504,12780.0,0,0,0,0,12,0,0,0,0,0,0,0,0,0,0,12
5,189900,221280,26064,80,32,32,7712.0,3936,40.0,208,192,12656.0,0,0,0,0,16,0,0,0,0,0,0,0,0,0,0,16
6,195500,159648,25664,96,32,48,7520.0,6336,40.0,192,192,9632.0,0,0,0,0,16,0,0,0,0,0,0,0,0,0,0,16
7,213500,137760,37464,224,84,84,16296.0,4760,84.0,252,252,17248.0,0,0,0,0,28,0,0,0,0,0,0,0,0,0,0,28
8,191500,140140,35840,224,84,84,14168.0,6328,56.0,504,504,7364.0,0,0,0,0,28,0,0,0,0,0,0,0,0,0,0,28
9,236500,150892,45248,224,84,84,17024.0,10892,84.0,420,392,33040.0,0,0,0,0,28,0,0,0,0,0,0,0,0,0,0,28
10,189000,120000,28864,112,32,48,7072.0,3200,40.0,176,176,0.0,0,0,0,0,16,0,0,0,0,0,0,0,0,0,0,16
11,175900,160000,26480,96,32,32,7040.0,3856,40.0,272,256,0.0,0,0,0,0,16,0,0,0,0,0,0,0,0,0,0,16
12,185000,127680,18992,96,32,32,6720.0,8064,48.0,288,48,14960.0,0,0,0,0,16,0,0,0,0,0,0,0,0,0,0,16
13,180400,134432,23440,96,32,32,6288.0,1200,40.0,192,192,0.0,0,0,0,0,16,0,0,0,0,0,0,0,0,0,0,16
14,171500,162816,21456,112,32,48,8096.0,3072,40.0,320,320,10192.0,0,0,0,0,16,0,0,0,0,0,0,0,0,0,0,16
15,212000,190960,42056,224,84,84,14784.0,5432,70.0,700,700,41664.0,0,0,0,0,28,0,0,0,0,0,0,0,0,0,0,28
16,538000,1498112,91812,224,112,112,23548.0,20972,126.0,196,196,39648.0,0,0,0,0,28,0,0,0,0,0,0,0,0,0,0,28
17,164000,194144,28032,128,48,32,7872.0,5392,32.0,352,80,6832.0,0,0,0,0,16,0,0,0,0,0,0,0,0,0,0,16
18,394432,319032,51968,252,84,112,23352.0,3164,70.0,0,0,40460.0,0,0,0,0,0,28,0,0,0,0,0,0,28,0,0,0
19,141000,306208,13824,64,32,32,6400.0,0,16.0,944,944,1920.0,0,0,0,0,16,0,0,0,0,0,0,0,0,0,0,16
20,210000,197625,31095,90,30,30,7500.0,5235,45.0,480,330,14295.0,0,0,0,0,15,0,0,0,0,0,0,0,0,0,0,15
21,190000,176265,27660,90,30,30,8190.0,1830,30.0,495,495,10575.0,0,0,0,0,15,0,15,0,0,0,0,0,0,0,0,0
22,170000,159375,17595,105,30,45,7920.0,1800,45.0,540,540,15795.0,0,0,0,0,0,0,0,0,0,0,0,0,0,0,0,15
23,216000,165000,36828,154,66,66,14586.0,2112,77.0,220,220,11726.0,0,0,0,0,22,0,0,0,0,0,0,0,0,0,0,22
24,149000,134892,12048,72,24,24,5760.0,0,24.0,480,480,6936.0,0,0,0,0,12,0,0,0,0,0,0,0,0,0,0,12
25,149900,150444,12936,60,24,24,6000.0,0,30.0,468,24,8808.0,0,0,0,0,12,0,0,0,0,0,0,0,0,0,0,12
26,142000,101400,12672,60,24,24,3648.0,3228,24.0,504,504,9300.0,0,0,0,0,12,0,0,0,0,0,0,0,0,0,0,12
27,126000,100800,10584,48,24,24,6300.0,2880,24.0,480,480,10584.0,0,0,0,0,12,0,0,0,0,0,0,0,0,0,0,12
28,115000,126000,10368,48,24,24,0.0,0,12.0,468,468,5184.0,0,0,0,0,12,0,0,0,0,0,12,0,0,0,0,0
29,184000,70296,16044,84,36,36,6132.0,3252,36.0,132,132,12612.0,0,0,0,0,12,0,0,0,0,0,0,0,0,0,0,12
30,96000,5040,2961,18,6,6,792.0,825,4.5,117,117,468.0,0,0,0,0,3,0,3,0,0,0,0,0,0,0,0,0
31,105500,5040,3276,15,6,6,960.0,0,4.5,117,117,900.0,0,0,0,0,3,0,0,0,0,0,0,0,0,0,0,3
32,88000,5040,3276,18,6,6,792.0,0,4.5,117,117,0.0,0,0,0,0,0,0,0,0,0,0,0,0,0,0,0,3
33,127500,40430,10690,60,20,20,4400.0,2200,20.0,330,330,3600.0,0,0,0,0,10,0,0,0,0,0,0,0,0,0,0,10
34,149900,22800,14560,60,20,30,4400.0,1730,25.0,350,350,5140.0,0,0,0,0,10,0,0,0,0,0,0,0,0,0,0,10
35,120000,22800,8360,70,20,20,3080.0,300,10.0,350,350,0.0,0,0,0,0,10,0,0,0,0,0,0,0,0,0,0,10
36,146000,22800,14560,60,20,20,4400.0,260,25.0,320,320,3110.0,0,0,0,0,10,0,0,0,0,0,0,0,0,0,0,10
37,376162,347166,63018,243,108,108,20277.0,7479,67.5,27,0,0.0,0,0,0,0,0,27,0,0,0,0,0,0,27,0,0,0
38,306000,309906,46008,216,81,81,20844.0,1350,81.0,81,54,32886.0,0,0,0,0,27,0,0,0,0,0,0,0,0,0,0,27
39,395192,274293,52380,243,108,108,16362.0,7101,94.5,27,0,44442.0,0,0,0,0,0,27,0,0,0,0,0,0,27,0,0,0
40,290941,347841,41688,216,81,81,23436.0,945,54.0,27,0,0.0,0,0,0,0,0,27,0,0,0,0,0,0,27,0,0,0
41,220000,328914,41607,189,81,81,14364.0,1890,54.0,135,135,32427.0,0,0,0,0,0,27,0,0,0,0,0,0,27,0,0,0
42,275000,311040,45846,243,81,108,19710.0,7182,54.0,135,135,2970.0,0,0,0,0,27,0,0,0,0,0,0,0,0,0,0,27
43,259000,381294,49194,216,81,108,18306.0,3213,54.0,135,108,756.0,0,0,0,0,27,0,0,0,0,0,0,0,0,0,0,27
44,214000,274617,41445,189,81,81,14364.0,0,54.0,162,162,54.0,0,0,0,0,27,0,0,0,0,0,0,0,0,0,0,27
45,611657,348813,63828,243,108,108,22140.0,1809,94.5,27,0,59076.0,0,0,0,0,0,27,0,0,0,0,0,0,27,0,0,0
46,224000,172017,36666,189,81,81,13068.0,6129,81.0,27,0,19791.0,0,0,0,0,0,27,0,0,0,0,0,0,27,0,0,0
47,500000,386100,72792,243,108,108,25866.0,9990,94.5,189,162,37071.0,0,0,0,0,27,0,0,0,0,0,0,0,0,0,0,27
48,320000,368550,60750,216,81,81,20412.0,9936,94.5,216,216,15606.0,0,0,0,0,27,0,0,0,0,0,0,0,0,0,0,27
49,319900,206766,47304,243,108,108,15552.0,7506,81.0,135,135,12312.0,0,0,0,0,27,0,0,0,0,0,0,0,0,0,0,27
50,205000,192564,36990,216,81,81,13068.0,4563,54.0,108,108,648.0,0,0,0,0,27,0,0,0,0,0,0,0,0,0,0,27
51,175500,70956,43902,189,81,81,12798.0,729,67.5,189,189,0.0,0,0,0,0,27,0,0,0,0,0,0,0,0,0,0,27
52,199500,295904,21184,96,48,48,6880.0,944,32.0,80,80,0.0,0,0,0,0,16,0,0,0,0,0,0,0,0,0,0,16
53,160000,57654,20610,126,54,54,7866.0,3888,36.0,72,72,288.0,0,0,0,0,18,0,0,0,0,0,0,0,0,0,0,18
54,192000,57276,22842,144,54,54,7740.0,5580,36.0,108,90,432.0,0,0,0,0,18,0,0,0,0,0,0,0,0,0,0,18
55,184500,212800,21984,112,48,48,6400.0,1600,56.0,96,96,5216.0,0,0,0,0,16,0,0,0,0,0,0,0,0,0,0,16
56,216500,125616,31360,96,48,48,7040.0,5376,56.0,128,128,10000.0,0,0,0,0,16,0,0,0,0,0,0,0,0,0,0,16
57,185088,137232,27728,112,48,48,6928.0,3072,40.0,96,96,0.0,0,0,0,0,16,0,0,0,0,0,0,0,0,0,0,16
58,180000,124000,22880,112,32,32,6400.0,2880,40.0,160,160,4000.0,0,0,0,0,16,0,0,0,0,0,0,0,0,0,0,16
59,222500,152080,32560,112,48,48,6944.0,3072,40.0,144,144,0.0,0,0,0,0,16,0,0,0,0,0,0,0,0,0,0,16
60,333168,384124,67574,234,78,78,20254.0,18148,65.0,286,286,0.0,0,0,0,0,26,0,0,0,0,0,0,0,0,0,0,26
61,355000,453258,64350,208,78,78,25012.0,11726,65.0,312,312,0.0,0,0,0,0,26,0,0,0,0,0,0,0,0,0,0,26
62,260400,275418,44720,182,78,78,13702.0,11700,78.0,364,364,23894.0,0,0,0,0,26,0,0,0,0,0,0,0,0,0,0,26
63,325000,318656,68172,208,78,78,18512.0,5668,91.0,416,390,26832.0,0,0,0,0,26,0,0,0,0,0,0,0,0,0,0,26
64,290000,305864,59020,208,78,78,17446.0,4914,65.0,286,78,13624.0,0,0,0,0,26,0,0,0,0,0,0,0,0,0,0,26
65,221000,436020,47814,182,78,52,12636.0,2106,65.0,312,312,0.0,0,0,0,0,26,0,0,0,0,0,0,0,0,0,0,26
66,410000,382720,84188,208,78,78,17316.0,9594,91.0,390,364,21216.0,0,0,0,0,26,0,0,0,0,0,0,0,0,0,0,26
67,221500,197714,35090,176,66,66,19360.0,3168,44.0,110,88,0.0,0,0,0,0,22,0,0,0,0,0,0,0,0,0,0,22
68,204500,202730,26796,154,66,66,14872.0,2992,44.0,22,0,0.0,0,0,0,0,0,22,0,0,0,0,0,0,22,0,0,0
69,215200,190080,34034,154,44,66,13508.0,4708,55.0,22,22,528.0,0,0,0,0,22,0,0,0,22,0,0,0,0,0,0,0
70,262500,198000,34452,176,66,66,16500.0,6864,66.0,44,44,23716.0,0,0,0,0,22,0,0,0,0,0,0,0,0,0,0,22
71,254900,276144,42834,154,66,66,14916.0,2992,55.0,132,110,4884.0,0,0,0,0,22,0,0,0,0,0,0,0,0,0,0,22
72,271500,229680,32296,132,66,66,11616.0,6996,66.0,110,110,31108.0,0,0,0,0,22,0,0,0,0,0,0,0,0,0,0,22
73,233000,141988,29176,98,42,42,8652.0,630,49.0,84,84,9184.0,0,0,0,0,14,0,0,0,0,0,0,0,0,0,0,14
74,181000,166880,23226,98,42,42,6776.0,2968,35.0,84,84,0.0,0,0,0,0,14,0,0,0,0,0,0,0,0,0,0,14
75,205000,124320,29540,98,42,42,6482.0,1820,49.0,224,112,9730.0,0,0,0,0,14,0,0,0,0,0,0,0,0,0,0,14
76,143000,112168,12922,84,28,28,3696.0,1120,28.0,420,420,9268.0,0,0,0,0,14,0,0,0,0,0,0,0,0,0,0,14
77,189000,157052,25830,84,42,42,6468.0,10346,35.0,252,252,0.0,0,0,0,0,14,0,0,0,0,0,0,0,0,0,0,14
78,99500,110488,12852,84,28,28,3696.0,392,28.0,434,434,0.0,0,0,0,0,14,0,0,0,0,0,0,0,0,0,0,14
79,125000,100450,10528,84,28,28,3696.0,6202,28.0,364,364,10416.0,0,0,0,0,14,0,0,0,0,0,0,0,0,0,0,14
80,194500,132342,24416,98,42,42,6398.0,9492,35.0,238,98,5628.0,14,0,0,0,14,0,0,0,0,0,0,0,0,0,0,14
81,152000,135408,15358,84,28,28,6720.0,0,28.0,364,350,4732.0,0,0,0,0,14,0,0,0,0,0,0,0,0,0,0,14
82,171000,117600,21896,84,28,28,6664.0,3556,35.0,420,406,0.0,0,0,0,0,14,0,0,0,0,0,0,0,0,0,0,14
83,67500,137200,14168,70,28,28,6006.0,2814,14.0,1260,840,0.0,0,0,0,0,14,0,0,0,0,0,0,0,0,0,0,14
84,112000,71440,15216,48,16,16,4312.0,0,16.0,256,256,0.0,0,8,0,0,8,0,0,0,0,0,0,0,0,0,0,8
85,148000,94256,9240,40,16,24,4608.0,1536,16.0,392,120,7192.0,0,0,0,0,8,0,0,0,0,0,0,0,0,0,0,8
86,138500,67600,7152,40,16,16,2688.0,4480,16.0,360,8,5360.0,0,8,0,0,8,0,0,0,0,0,0,0,0,0,0,8
87,122000,78552,7200,40,16,16,2240.0,0,8.0,344,344,3600.0,0,0,0,0,8,0,0,0,0,0,0,0,0,0,0,8
88,133000,60000,8320,40,16,16,2464.0,1760,20.0,376,376,6592.0,0,0,0,0,8,0,0,0,0,0,0,0,0,0,0,8
89,127000,55176,8320,40,16,16,2080.0,832,20.0,384,0,5272.0,0,0,0,0,8,0,0,0,0,0,0,0,0,0,0,8
90,169000,123280,11952,48,16,16,3688.0,3856,24.0,288,64,7880.0,8,0,0,0,0,0,0,0,0,0,0,0,0,0,0,8
91,190000,264836,49998,182,78,78,14664.0,7254,91.0,468,468,17524.0,0,0,0,0,26,0,0,0,0,0,0,0,0,0,0,26
92,362500,341718,61074,208,78,78,19812.0,4212,91.0,442,442,32006.0,0,0,0,0,26,0,0,0,0,0,0,0,0,0,0,26
93,285000,289484,57850,208,78,78,18538.0,5928,91.0,468,442,29354.0,0,0,0,0,26,0,0,0,0,0,0,0,0,0,0,26
94,260000,106370,32736,154,66,66,11132.0,4796,66.0,132,110,28556.0,0,0,0,0,22,0,0,0,0,0,0,0,0,0,0,22
95,190000,77330,36960,154,66,66,12936.0,2442,55.0,132,132,0.0,0,0,0,0,22,0,0,0,0,0,0,0,0,0,0,22
96,155000,70730,26400,154,66,66,10560.0,3784,55.0,132,132,6160.0,0,0,0,0,22,0,0,0,0,22,0,0,0,0,0,0
97,151000,70004,26400,154,66,66,10560.0,3784,55.0,132,110,0.0,0,0,0,0,22,0,0,0,0,0,0,0,0,0,0,22
98,149500,55968,26400,154,66,66,10560.0,3784,77.0,132,110,9020.0,0,0,0,0,22,0,0,0,0,0,0,0,0,0,0,22
99,152000,55968,27192,132,66,66,10560.0,3652,77.0,110,110,8272.0,0,0,0,0,22,0,0,0,0,0,0,0,0,0,0,22
100,222000,96866,32516,154,88,66,10648.0,3168,77.0,22,22,12716.0,0,0,0,0,0,22,0,0,0,0,0,0,22,0,0,0
101,177500,46574,34606,132,66,66,9680.0,704,55.0,220,220,8316.0,0,0,0,0,22,0,0,0,0,0,0,0,0,0,0,22
102,177000,65560,33264,132,66,66,9680.0,704,77.0,220,220,10252.0,0,0,0,0,22,0,0,0,0,0,0,0,0,0,0,22
103,155000,56584,31152,154,66,66,10648.0,968,77.0,242,242,13288.0,0,0,0,0,22,0,0,0,0,0,0,0,0,0,0,22
104,147110,52866,23760,154,66,66,10912.0,1100,55.0,154,154,5368.0,0,0,0,0,22,0,0,0,0,0,0,0,0,0,0,22
105,267916,282766,31196,176,66,66,18744.0,12672,55.0,0,0,22704.0,0,0,0,0,0,22,0,0,0,0,0,0,22,0,0,0
106,254000,162338,40656,176,66,66,13024.0,10208,77.0,220,220,10648.0,0,0,0,0,22,0,0,0,0,0,0,0,0,0,0,22
107,155000,75140,13396,136,51,51,8228.0,2975,34.0,510,510,12376.0,0,0,0,0,17,0,0,0,0,0,0,0,0,0,0,17
108,206000,65960,20842,136,51,51,8228.0,5117,34.0,544,544,17884.0,0,0,0,0,17,0,0,0,0,0,0,0,0,0,0,17
109,130500,108136,11832,48,24,24,3800.0,352,20.0,272,40,4264.0,0,8,0,0,8,0,0,0,0,0,0,0,0,0,0,8
110,230000,176000,32824,154,66,66,13112.0,9108,66.0,176,176,18326.0,0,0,0,0,22,0,0,0,0,0,0,0,0,0,0,22
111,218500,156840,27435,90,30,30,8025.0,1140,45.0,645,645,7590.0,0,0,0,0,15,0,0,0,0,0,0,0,0,0,0,15
112,243500,161865,37425,90,30,45,9900.0,3840,52.5,255,255,17055.0,0,0,0,0,15,0,0,0,0,0,0,0,0,0,0,15
113,205000,159045,24150,90,30,45,7200.0,3540,45.0,495,135,18000.0,0,0,0,0,15,0,0,0,0,0,0,0,0,0,0,15
114,212500,282555,28365,90,30,30,10170.0,1035,52.5,480,480,10995.0,0,0,0,0,15,0,0,0,0,0,0,0,0,0,0,15
115,196500,156315,25710,105,30,30,7440.0,6750,37.5,330,330,5910.0,0,0,0,0,15,0,0,0,0,0,0,0,0,0,0,15
116,197500,140400,20715,90,30,45,10140.0,0,37.5,570,60,14730.0,0,0,0,0,15,0,0,0,0,0,0,0,0,0,0,15
117,171000,144000,24675,90,30,30,6615.0,1170,30.0,585,585,4935.0,0,0,0,0,15,0,0,0,0,0,0,0,0,0,0,15
118,142250,115200,14784,60,24,24,5880.0,2688,30.0,528,528,8376.0,0,0,0,0,12,0,0,0,0,0,0,0,0,0,0,12
119,143000,146850,19920,90,30,30,7920.0,390,37.5,705,705,9750.0,0,0,0,0,15,0,0,0,0,0,0,0,0,0,0,15
120,128950,111840,14700,48,24,24,0.0,4224,30.0,612,612,6828.0,0,0,0,0,12,0,0,0,0,0,0,0,0,0,0,12
121,159000,118800,14508,60,24,24,6048.0,1440,24.0,528,528,12708.0,0,0,0,0,12,0,0,0,0,12,0,0,0,0,0,0
122,178900,116160,18120,60,24,36,6204.0,2928,36.0,516,516,12120.0,0,0,0,0,12,0,0,0,0,0,0,0,0,0,0,12
123,136300,127200,21300,72,24,24,5760.0,2064,24.0,552,552,0.0,0,0,0,0,0,0,12,0,0,0,0,0,0,0,0,0
124,180500,169344,13824,60,24,24,5808.0,2724,24.0,552,552,12168.0,0,0,0,0,12,0,0,0,0,0,0,0,0,0,0,12
125,137500,105600,12648,72,24,36,5760.0,1440,24.0,564,564,9156.0,0,0,0,0,0,0,0,0,0,0,0,0,0,0,0,12
126,84900,159120,20736,60,24,24,0.0,0,48.0,576,108,18000.0,0,0,0,0,0,0,0,0,0,0,0,0,0,12,0,0
127,142125,116604,12936,60,24,36,2880.0,5736,24.0,720,168,12936.0,0,0,0,0,12,0,0,0,0,0,0,0,0,0,0,12
128,197600,116688,29532,60,36,24,4800.0,0,24.0,696,96,8040.0,0,0,0,0,12,0,0,0,0,0,0,0,0,0,0,12
129,172500,208320,18672,72,24,24,5640.0,1800,24.0,732,720,3600.0,0,0,0,0,12,0,0,0,0,0,0,0,0,0,0,12
130,116500,36035,4290,25,10,10,0.0,585,10.0,260,10,3480.0,0,0,0,0,5,0,0,0,0,0,0,0,0,0,0,5
131,76500,26750,6530,15,10,5,0.0,1315,5.0,350,220,0.0,0,0,0,0,5,0,0,0,0,0,0,0,0,0,0,5
132,128000,119040,12756,60,24,24,3360.0,1968,24.0,672,672,7728.0,0,0,0,0,12,0,0,0,0,0,0,0,0,0,0,12
133,153000,115200,18240,72,24,24,4368.0,2268,24.0,660,456,9672.0,0,0,0,0,12,0,0,0,0,0,0,0,0,0,0,12
134,132000,93600,15216,60,24,24,2928.0,1176,12.0,672,672,6480.0,0,0,0,0,12,0,0,0,0,0,0,0,0,0,0,12
135,178000,136560,13536,72,24,36,3780.0,2856,24.0,528,24,11328.0,0,0,0,0,12,0,0,0,0,0,0,0,0,0,0,12
136,154300,139200,27288,60,24,24,5760.0,0,24.0,600,600,5316.0,0,0,0,0,12,0,0,0,0,0,0,0,0,0,0,12
137,180000,238800,26484,84,24,24,6912.0,3612,36.0,480,252,10944.0,0,0,0,0,12,0,0,0,0,0,0,0,0,0,0,12
138,190000,197904,22656,72,36,36,6936.0,0,30.0,528,96,11520.0,0,0,0,0,12,0,0,0,0,0,0,0,0,0,0,12
139,135000,99204,19248,60,24,24,6912.0,504,24.0,624,624,0.0,0,0,0,0,12,0,0,0,0,0,0,0,0,0,0,12
140,214000,98364,17760,84,36,36,7440.0,3900,36.0,84,12,14256.0,0,0,0,0,12,0,0,0,0,0,0,0,0,0,0,12
141,136000,96600,13716,60,24,24,3696.0,0,24.0,612,612,12216.0,0,0,0,0,12,0,0,0,0,0,0,0,0,0,0,12
142,165500,126624,20400,60,24,36,5364.0,456,24.0,612,612,12216.0,0,0,0,0,12,0,0,0,0,0,0,0,0,0,0,12
143,145000,100800,15768,60,24,24,3528.0,3000,24.0,636,636,11064.0,0,0,0,0,12,0,0,0,0,0,0,0,0,0,0,12
144,148000,105120,14328,72,24,24,3744.0,1440,24.0,612,612,0.0,0,0,0,0,12,0,0,0,0,0,0,0,0,0,0,12
145,142000,145920,14256,60,24,24,6372.0,0,24.0,612,612,12000.0,0,0,0,0,0,0,12,0,0,0,0,0,0,0,0,0
146,167500,111600,15168,60,24,24,5532.0,1716,24.0,600,600,8364.0,0,0,0,0,12,0,0,0,0,0,0,0,0,0,0,12
147,108538,128700,14472,60,24,24,3744.0,252,12.0,612,612,11232.0,0,0,0,0,12,0,0,0,0,0,0,0,0,0,0,12
148,159500,120384,18960,72,24,24,5280.0,2256,30.0,612,612,8808.0,0,0,0,0,12,0,0,0,0,0,0,0,0,0,0,12
149,108000,100584,16044,48,24,24,3156.0,0,12.0,648,648,0.0,0,0,0,0,12,0,0,0,0,0,0,0,0,0,0,12
150,135000,131400,12768,60,24,12,3816.0,0,18.0,696,696,4068.0,0,0,0,0,12,0,0,0,0,0,0,0,0,0,0,12
151,122500,130740,11664,60,24,24,3660.0,2460,12.0,660,660,7776.0,0,0,0,0,12,0,0,0,0,0,0,0,0,0,0,12
152,119000,163044,11856,60,24,24,3168.0,0,24.0,624,624,6384.0,0,0,0,0,0,0,0,0,0,0,0,0,0,0,0,12
153,109000,95064,12684,60,24,36,2952.0,624,24.0,684,36,8772.0,0,0,0,0,0,0,0,0,0,0,0,0,0,0,0,12
154,105000,94776,11820,48,24,24,8112.0,0,18.0,1080,192,0.0,0,0,0,0,12,0,0,0,0,0,0,0,0,0,0,12
155,107500,86400,9924,60,24,24,4704.0,0,12.0,660,36,0.0,0,0,0,0,12,0,0,0,0,0,0,0,0,0,0,12
156,144900,122400,13032,60,24,24,5880.0,0,24.0,672,84,8184.0,0,0,0,0,12,0,0,0,0,0,0,0,0,0,0,12
157,129000,70416,11232,60,24,24,3696.0,2880,24.0,648,120,5856.0,0,0,0,0,12,0,0,0,0,0,0,0,0,0,0,12
158,97500,210036,17496,72,24,24,3960.0,2304,18.0,744,720,0.0,0,0,0,0,0,0,0,0,0,0,0,0,0,0,0,12
159,144000,27916,4224,24,8,8,2304.0,1280,8.0,120,120,4224.0,0,0,0,0,4,0,0,0,0,0,0,0,0,0,0,4
160,162000,117960,15444,60,24,36,6912.0,6756,24.0,612,48,3960.0,0,0,0,0,12,0,0,0,0,0,0,0,0,0,0,12
161,242000,135300,35736,84,36,36,6768.0,2880,30.0,516,36,0.0,0,0,0,0,12,0,0,0,0,0,0,0,0,0,0,12
162,132000,96768,14688,72,24,24,3360.0,4968,24.0,744,72,7860.0,0,0,0,0,12,0,0,0,0,0,0,0,0,0,0,12
163,154000,90000,14952,60,24,36,3660.0,2616,30.0,612,192,14952.0,0,0,0,0,12,0,0,0,0,0,0,0,0,0,0,12
164,166000,102240,16620,60,24,24,8640.0,0,24.0,696,696,6084.0,0,0,0,0,12,0,0,0,0,0,0,0,0,0,0,12
165,134800,86400,10800,60,24,36,6912.0,3048,18.0,708,120,8640.0,0,0,0,0,12,0,0,0,0,0,0,0,0,0,0,12
166,160000,120000,13392,72,24,24,5280.0,4620,18.0,576,576,0.0,0,0,0,0,12,0,0,0,0,0,0,0,0,0,0,12
167,148000,91620,14100,60,24,24,5808.0,0,18.0,600,600,11256.0,0,0,0,0,12,0,0,0,0,0,0,0,0,0,0,12
168,192000,117120,16740,72,24,24,5280.0,12120,24.0,564,312,11760.0,0,0,0,0,12,0,0,0,0,0,0,0,0,0,0,12
169,155000,92400,22068,72,24,24,5304.0,4080,18.0,528,528,0.0,0,0,0,0,12,0,0,0,0,0,0,0,0,0,0,12
170,80400,19200,7376,16,8,8,960.0,336,8.0,440,224,192.0,0,0,0,0,0,0,4,0,0,0,0,0,0,0,0,0
171,96500,35200,4560,16,8,8,0.0,640,4.0,400,24,0.0,0,0,0,0,4,0,0,0,0,0,0,0,0,0,0,4
172,109500,17940,3744,20,8,8,0.0,744,8.0,360,240,2316.0,0,0,0,0,4,0,0,0,0,0,0,0,0,0,0,4
173,115000,35840,4112,20,8,8,1440.0,520,4.0,332,240,0.0,0,0,0,0,4,0,0,0,0,0,0,0,0,0,0,4
174,143000,23220,5388,20,8,12,2204.0,0,10.0,212,212,5388.0,0,0,0,0,4,0,0,0,0,0,0,0,0,0,0,4
175,107400,23160,6420,12,12,8,1516.0,808,8.0,380,240,0.0,0,0,0,0,4,0,0,0,0,0,0,0,0,0,0,4
176,80000,18432,2988,16,8,8,880.0,0,4.0,260,240,0.0,0,0,0,0,4,0,0,0,0,0,0,0,0,0,0,4
177,119000,28800,3216,20,8,12,960.0,616,8.0,280,72,2040.0,0,0,0,0,0,0,0,0,0,0,0,0,0,0,0,4
178,130000,22000,5264,20,8,8,1936.0,0,8.0,324,36,3704.0,0,0,0,0,4,0,0,0,0,0,0,0,0,0,0,4
179,119000,27600,5004,24,8,4,960.0,0,4.0,288,40,0.0,0,0,0,0,4,0,0,0,0,0,0,0,0,0,0,4
180,129000,47404,6532,20,8,12,960.0,904,4.0,248,4,3120.0,0,0,0,0,4,0,0,0,0,0,0,0,0,0,0,4
181,100000,32956,4980,20,8,8,1260.0,1336,4.0,360,192,704.0,0,0,0,0,4,0,0,0,0,0,0,0,0,0,0,4
182,12789,38624,3328,8,8,8,3120.0,0,4.0,348,160,0.0,0,0,0,0,0,0,0,0,0,0,0,0,0,0,0,4
183,105900,34080,2880,24,8,8,1936.0,424,4.0,328,28,0.0,0,0,0,0,4,0,0,0,0,0,0,0,0,0,0,4
184,150000,38400,6264,32,12,12,1152.0,2112,8.0,440,28,0.0,0,0,0,0,0,0,0,0,0,0,0,0,0,0,0,4
185,139000,43200,6608,20,8,8,1664.0,784,12.0,380,240,2744.0,0,0,0,0,4,0,0,0,0,0,0,0,0,0,0,4
186,240000,36000,9072,32,12,12,2496.0,432,12.0,480,32,0.0,0,0,0,0,4,0,0,0,0,0,0,0,0,0,0,4
187,76500,36180,9024,20,8,4,0.0,144,8.0,400,240,0.0,0,0,0,0,0,0,0,0,0,0,0,0,0,0,0,4
188,149700,29628,4944,24,8,8,3692.0,1264,8.0,212,56,2400.0,0,0,0,0,4,0,0,0,0,0,0,0,0,0,0,4
189,125500,30960,5452,16,8,8,2112.0,672,4.0,400,240,0.0,0,0,0,0,4,0,0,0,0,0,0,0,0,0,0,4
190,122500,45360,9160,16,8,8,2240.0,456,8.0,500,240,0.0,0,0,0,0,4,0,0,0,0,0,0,0,0,0,0,4
191,140750,42240,5880,24,8,8,2496.0,0,6.0,352,64,1132.0,0,0,0,0,4,0,0,0,0,0,0,0,0,0,0,4
192,128500,29150,8060,25,10,10,1815.0,0,7.5,300,65,3940.0,0,0,0,0,5,0,0,0,0,0,0,0,0,0,0,5
193,209500,38965,10340,35,10,15,1575.0,300,7.5,440,25,2370.0,0,0,0,0,5,0,0,0,0,0,0,0,0,0,0,5
194,87000,25000,3825,20,10,15,1000.0,880,10.0,425,300,940.0,0,0,0,0,5,0,0,0,0,0,0,0,0,0,0,5
195,134000,30000,5660,30,10,10,1200.0,640,10.0,355,300,2320.0,0,0,0,0,0,0,0,0,0,0,0,0,0,0,0,5
196,128000,30000,5980,30,10,10,2880.0,0,10.0,350,300,1320.0,0,0,0,0,5,0,0,0,0,0,0,0,0,0,0,5
197,132000,31800,7265,25,10,15,1200.0,915,7.5,340,300,2595.0,0,0,0,0,5,0,0,0,0,0,0,0,0,0,0,5
198,139900,30000,7080,30,10,10,1560.0,1345,7.5,310,300,1500.0,0,0,0,0,5,0,0,0,0,0,0,0,0,0,0,5
199,123900,31200,5200,25,10,10,3120.0,1690,5.0,370,150,1380.0,0,0,0,0,5,0,0,0,0,0,0,0,0,0,0,5
200,138400,31200,7680,25,10,10,2400.0,50,10.0,400,300,2240.0,0,0,0,0,5,0,0,0,0,0,0,0,0,0,0,5
201,109500,24480,4272,24,8,8,1152.0,512,8.0,348,240,3840.0,0,0,0,0,4,0,0,0,0,0,0,0,0,0,0,4
202,140000,41200,6840,28,8,8,1920.0,348,8.0,356,240,0.0,0,4,0,0,4,0,0,0,0,0,0,0,0,0,0,4
203,149500,32376,7848,16,8,8,2288.0,2096,6.0,380,240,0.0,0,0,0,0,4,0,0,0,0,0,0,0,0,0,0,4
204,159900,51600,6240,24,12,12,0.0,2048,6.0,392,4,0.0,0,0,0,0,4,0,0,0,0,0,0,0,0,0,0,4
205,122000,12272,5296,24,8,8,720.0,448,6.0,360,68,0.0,0,0,0,0,4,0,0,0,0,0,0,0,0,0,0,4
206,110000,16944,1632,10,2,4,1032.0,212,4.0,94,94,1632.0,2,0,0,0,2,0,0,0,0,0,0,0,0,0,0,2
207,55000,11200,2184,8,2,2,0.0,0,4.0,160,120,0.0,0,0,0,0,2,0,0,0,0,0,0,0,0,0,0,2
208,140000,30520,7248,20,8,12,2688.0,1536,8.0,440,56,0.0,0,0,0,0,4,0,0,0,0,0,0,0,0,0,0,4
209,244400,505890,50463,147,42,42,7329.0,7854,42.0,1470,1260,0.0,0,0,0,0,21,0,21,0,0,0,0,0,0,0,0,0
210,173000,320523,35175,105,42,42,7665.0,2772,42.0,1071,1071,16086.0,0,0,0,0,21,0,0,0,0,0,0,0,0,0,0,21
211,107500,223272,25704,105,42,0,3780.0,5208,31.5,1953,1260,0.0,0,0,0,0,21,0,21,0,0,0,0,0,0,0,0,0
212,100000,69300,9744,35,7,14,0.0,1176,14.0,665,420,7182.0,0,0,0,0,7,0,0,0,0,7,0,0,0,0,0,0
213,95000,42007,6433,42,14,14,1617.0,315,7.0,490,420,2576.0,0,0,0,0,7,0,0,0,0,0,0,0,0,0,0,7
214,93369,45143,13188,28,14,14,0.0,1673,10.5,721,420,511.0,0,0,0,0,0,0,0,0,0,0,0,0,0,0,0,7
215,114900,42336,11760,35,14,14,3150.0,1400,21.0,700,420,5152.0,0,0,0,0,7,0,7,0,0,0,0,0,0,0,0,0
216,94000,50736,8160,40,16,16,0.0,1408,8.0,1080,112,0.0,0,0,0,0,8,0,0,0,0,0,0,0,0,0,0,8
217,136000,86184,14656,32,8,16,0.0,464,32.0,344,344,5632.0,0,0,0,0,8,0,0,0,0,0,0,0,0,0,0,8
218,136500,86224,14144,32,16,16,0.0,0,16.0,336,336,0.0,0,0,0,0,8,0,0,0,0,0,0,0,0,0,0,8
219,131500,93000,8312,40,16,16,4032.0,0,20.0,360,360,6728.0,0,0,0,0,8,0,0,0,0,0,0,0,0,0,0,8
220,121500,90728,11136,40,16,16,4224.0,760,20.0,424,112,10416.0,0,0,0,0,8,0,0,0,0,0,0,0,0,0,0,8
221,125000,68168,7296,40,16,16,2688.0,0,8.0,344,344,6736.0,0,0,0,0,8,0,0,0,0,0,0,0,0,0,0,8
222,154000,65968,8480,40,16,24,2160.0,3968,16.0,336,72,6848.0,0,0,0,0,8,0,0,0,0,0,0,0,0,0,0,8
223,137900,62400,7136,40,16,24,3328.0,0,16.0,352,16,5712.0,0,0,0,0,8,0,0,0,0,0,0,0,0,0,0,8
224,158000,74912,10816,48,16,16,2392.0,3320,12.0,328,328,2968.0,0,0,0,0,8,0,0,0,0,0,0,0,0,0,0,8
225,137250,62656,6912,40,16,16,2240.0,1808,16.0,336,336,6200.0,0,0,0,0,8,0,0,0,0,0,0,0,0,0,0,8
226,160250,59392,10984,40,16,16,4728.0,0,16.0,256,256,10552.0,0,0,0,0,8,0,0,0,0,0,0,0,0,0,0,8
227,163000,89816,11520,40,16,16,3840.0,1840,12.0,336,336,5760.0,0,0,0,0,8,0,0,0,0,0,0,0,0,0,0,8
228,158900,92928,11088,48,16,16,3520.0,2680,20.0,256,256,3504.0,0,0,0,0,0,0,0,0,0,0,0,0,0,0,0,8
229,328000,294000,47460,147,63,63,11193.0,7140,73.5,294,273,25221.0,0,0,0,0,21,0,0,0,0,0,0,0,0,0,0,21
230,270000,421302,31143,147,63,42,14490.0,10416,52.5,693,189,22932.0,0,0,0,0,21,0,0,0,0,0,0,0,0,0,0,21
231,85000,74072,6048,32,16,16,3520.0,640,8.0,664,480,0.0,0,0,0,0,8,0,0,0,0,0,0,0,0,0,0,8
232,128000,76800,8536,32,16,24,3488.0,2320,16.0,480,120,3536.0,0,0,0,0,8,0,0,0,0,0,0,0,0,0,0,8
233,260000,495495,32004,147,63,63,12306.0,5628,52.5,651,651,26418.0,0,0,0,0,21,0,0,0,0,0,0,0,0,0,0,21
234,230000,358722,41601,126,42,63,10962.0,9240,73.5,672,378,20244.0,0,0,0,0,21,0,0,0,0,0,0,0,0,0,0,21
235,124000,111600,9660,18,12,6,2880.0,360,15.0,432,120,5832.0,0,0,0,0,6,0,0,0,0,0,0,0,0,0,0,6
236,83000,63750,5010,30,12,12,2196.0,462,6.0,540,360,648.0,0,0,0,0,0,0,6,0,0,0,0,0,0,0,0,0
237,144500,68874,6444,36,12,18,2802.0,624,12.0,360,138,2946.0,0,0,0,0,6,0,0,0,0,0,0,0,0,0,0,6
238,129000,57426,6864,30,12,12,3576.0,264,12.0,324,324,4434.0,0,0,0,0,6,0,0,0,0,0,0,0,0,0,0,6
239,127000,56100,9186,24,12,12,1254.0,0,6.0,378,186,1152.0,0,0,0,0,6,0,0,0,0,0,0,0,0,0,0,6
240,128000,57150,7032,30,12,12,2196.0,1440,12.0,336,72,5724.0,0,0,0,0,6,0,0,0,0,0,0,0,0,0,0,6
241,186000,62520,7272,36,12,18,2760.0,732,12.0,6,6,216.0,0,0,0,0,6,0,0,0,0,0,0,0,0,0,0,6
242,308030,104910,9048,42,18,18,3432.0,0,12.0,6,0,8076.0,0,0,0,0,0,6,0,0,6,0,0,0,0,0,0,0
243,114000,67200,7788,30,12,12,3024.0,864,12.0,276,276,0.0,0,0,0,0,6,0,6,0,0,0,0,0,0,0,0,0
244,84900,66600,5580,24,12,18,1848.0,0,6.0,384,24,0.0,0,0,0,0,0,0,0,0,0,0,0,0,0,0,0,6
245,178000,128884,24248,84,42,42,6664.0,3332,35.0,350,350,0.0,0,0,0,0,14,0,0,0,0,0,0,0,0,0,0,14
246,270000,167720,20062,98,42,42,7392.0,7616,35.0,322,322,20062.0,0,0,0,0,14,0,0,0,0,0,0,0,0,0,0,14
247,218000,173054,25228,84,42,42,14238.0,7588,42.0,238,238,12040.0,0,0,0,0,14,0,0,0,0,0,0,0,0,0,0,14
248,236000,139132,27286,98,42,42,8036.0,3444,49.0,238,224,10500.0,0,0,0,0,14,0,0,0,0,0,0,0,0,0,0,14
249,147000,126966,13944,84,28,42,7896.0,1680,28.0,252,252,10458.0,0,0,0,0,14,0,0,0,0,0,0,0,0,0,0,14
250,245350,199025,32186,152,57,57,14744.0,3667,38.0,38,38,0.0,0,0,0,0,19,0,0,0,0,0,0,0,0,0,0,19
251,206000,128478,22952,133,57,57,12008.0,3154,57.0,76,76,13034.0,0,0,0,0,19,0,0,0,0,0,0,0,0,0,0,19
252,198900,197638,23294,133,38,57,14060.0,684,38.0,19,19,0.0,0,0,0,0,19,0,0,0,0,0,0,0,0,0,0,19
253,187000,139840,23218,133,57,57,11685.0,1026,38.0,0,0,456.0,0,0,0,0,19,0,0,0,0,0,0,0,0,0,0,19
254,320000,173264,45108,98,28,42,8316.0,5138,56.0,280,280,20580.0,0,0,0,0,14,0,0,0,0,0,0,0,0,0,0,14
255,138500,199290,20230,84,28,28,6776.0,826,28.0,1540,238,0.0,0,0,0,0,14,0,0,0,0,0,0,0,0,0,0,14
256,155000,185136,22092,126,42,42,9240.0,0,42.0,819,819,10584.0,0,0,0,0,21,0,0,0,0,0,0,0,0,0,0,21
257,159000,210995,18335,95,38,38,11020.0,1349,38.0,266,266,16530.0,0,0,0,0,19,0,0,0,0,0,0,0,0,0,0,19
258,191000,177403,32148,133,38,38,9747.0,741,47.5,247,228,6707.0,0,0,0,0,19,0,0,0,0,0,0,0,0,0,0,19
259,200500,166250,31958,114,38,57,9937.0,1463,47.5,228,228,9595.0,0,0,0,0,19,0,0,0,0,0,0,0,0,0,0,19
260,150000,289560,19494,95,57,38,5852.0,7619,47.5,627,114,16834.0,0,0,0,0,19,0,0,0,0,0,0,0,0,0,0,19
261,161750,207100,26448,114,38,38,5681.0,684,28.5,627,627,7182.0,0,0,0,0,19,0,0,0,0,0,0,0,0,0,0,19
262,128200,202350,16986,95,38,38,5852.0,6935,38.0,646,646,16986.0,0,0,0,0,19,0,0,0,0,0,0,0,0,0,0,19
263,127000,142120,16644,95,38,38,9196.0,0,38.0,722,722,9120.0,0,0,0,0,19,0,0,0,0,0,0,0,0,0,0,19
264,318000,197391,37582,152,57,57,16150.0,4047,66.5,133,133,31958.0,0,0,0,0,19,0,0,0,0,0,0,0,0,0,0,19
265,272000,217037,30419,152,57,57,12730.0,3420,57.0,171,152,25802.0,0,0,0,0,19,0,0,0,0,0,0,0,0,0,0,19
266,237000,181412,34751,133,57,57,11647.0,4389,66.5,133,133,9177.0,0,0,0,0,19,0,0,0,0,0,0,0,0,0,0,19
267,240000,178125,39862,133,57,57,11799.0,7011,47.5,247,247,0.0,0,0,0,0,19,0,0,0,0,0,0,0,0,0,0,19
268,224900,230603,31559,133,38,57,11362.0,646,38.0,228,228,0.0,0,0,0,0,19,0,0,0,0,0,0,0,0,0,0,19
269,143750,84265,16112,114,57,57,7980.0,2660,38.0,133,133,12768.0,0,0,0,0,19,0,0,0,0,0,0,0,0,0,0,19
270,143000,84094,16112,114,57,57,7980.0,3040,38.0,114,114,12578.0,0,0,0,0,19,0,0,0,0,0,0,0,0,0,0,19
271,232000,202065,31692,152,57,57,9538.0,4978,57.0,133,133,25498.0,0,0,0,0,19,0,0,0,0,0,0,0,0,0,0,19
272,213000,159600,28196,133,57,57,11514.0,3401,57.0,114,95,13528.0,0,0,0,0,19,0,0,0,0,0,0,0,0,0,0,19
273,185500,166687,26866,133,57,57,9386.0,4503,38.0,114,114,456.0,0,0,0,0,19,0,0,0,0,0,0,0,0,0,0,19
274,84900,52662,3840,18,12,12,1440.0,0,6.0,390,18,0.0,0,0,0,0,6,0,0,0,0,6,0,0,0,0,0,0
275,155891,53052,5952,30,12,12,1914.0,696,6.0,336,336,0.0,0,0,0,0,0,0,0,0,0,0,0,0,0,6,0,0
276,100000,58950,9984,30,12,12,0.0,0,12.0,270,270,0.0,0,0,0,0,6,0,0,0,0,0,0,0,0,0,0,6
277,144000,60264,7176,30,12,12,2016.0,2550,12.0,252,252,6420.0,0,0,0,0,6,0,0,0,0,0,0,0,0,0,0,6
278,64000,70752,6720,24,12,6,2880.0,960,6.0,372,360,0.0,0,0,0,0,0,0,0,0,0,0,0,0,0,0,0,6
279,125200,37830,6576,36,12,12,2112.0,0,12.0,210,210,3168.0,0,0,0,0,6,0,0,0,0,0,0,0,0,0,0,6
280,107000,46914,6702,36,12,12,4032.0,864,12.0,204,204,3294.0,0,0,0,0,0,0,0,0,0,0,0,0,0,0,0,6
281,90000,38460,5760,24,12,12,0.0,0,6.0,312,312,0.0,0,0,0,0,6,0,0,0,0,0,0,0,0,0,0,6
282,140000,51276,6726,24,12,12,2640.0,1176,12.0,42,36,0.0,0,0,0,0,6,0,0,0,0,0,0,0,0,0,0,6
283,113000,52446,8922,36,12,12,1320.0,840,9.0,390,360,564.0,0,0,0,0,6,0,0,0,0,0,0,0,0,0,0,6
284,80000,73080,5544,24,12,6,1680.0,0,12.0,414,360,2088.0,0,0,0,0,6,0,0,0,0,0,0,0,0,0,0,6
285,144500,51372,9156,30,12,12,2184.0,1164,6.0,318,48,2298.0,0,0,0,0,6,0,0,0,0,0,0,0,0,0,0,6
286,104000,33971,9072,35,14,7,1820.0,252,14.0,602,77,931.0,0,0,0,0,7,0,0,0,0,0,0,0,0,0,0,7
287,128000,48006,11529,42,14,7,1512.0,1414,17.5,665,420,0.0,0,0,0,0,7,0,0,0,0,0,0,0,0,0,0,7
288,58500,49272,5184,18,12,12,1200.0,576,12.0,576,360,1218.0,0,0,0,0,6,0,0,0,0,0,0,0,0,0,0,6
289,127000,35000,11837,35,14,21,2156.0,1694,14.0,602,420,1526.0,0,0,0,0,7,0,0,0,0,0,0,0,0,0,0,7
290,126000,55230,5992,42,14,14,2793.0,1162,14.0,497,420,1666.0,0,0,0,0,7,0,0,0,0,0,0,0,0,0,0,7
291,160000,50400,18550,28,14,14,0.0,0,21.0,301,301,0.0,0,0,0,0,7,0,0,0,0,0,0,0,0,0,0,7
292,100000,68873,11662,35,14,14,0.0,1092,14.0,553,420,0.0,0,0,0,0,7,0,0,0,0,0,0,0,0,0,0,7
293,169000,67466,17129,42,14,21,2352.0,3010,14.0,637,140,0.0,0,0,0,0,7,0,0,0,0,0,0,0,0,0,0,7
294,257500,209040,42660,140,60,40,6240.0,1720,50.0,1380,500,13560.0,0,0,0,0,20,0,0,0,0,0,0,0,0,0,0,20
295,215000,312000,43540,100,40,40,9680.0,0,50.0,1200,380,7500.0,0,0,0,0,20,0,0,0,0,0,0,0,0,0,0,20
296,266500,180840,46800,140,80,60,5040.0,1200,40.0,1380,80,5500.0,0,0,0,0,20,0,0,0,0,0,0,0,0,0,0,20
297,335000,350000,38040,140,60,80,11340.0,7380,60.0,1020,160,28120.0,0,0,0,0,20,0,0,0,0,0,0,0,0,0,0,20
298,203135,392900,33040,140,40,60,9460.0,0,70.0,320,60,6860.0,0,0,0,0,20,0,0,0,0,0,0,0,0,0,0,20
299,185000,42977,11374,88,33,33,6578.0,1947,22.0,231,231,8217.0,0,0,0,0,11,0,0,0,0,0,0,0,0,0,0,11
300,162500,42977,13101,88,33,33,5841.0,2123,22.0,231,231,836.0,0,0,0,0,11,0,0,0,0,0,0,0,0,0,0,11
301,289000,312040,36020,140,40,40,9680.0,4300,60.0,1020,260,24940.0,0,0,0,0,20,0,0,0,0,0,0,0,0,0,0,20
302,125500,10872,2308,8,4,6,480.0,192,4.0,176,6,1470.0,0,0,0,0,2,0,0,0,0,0,0,0,0,0,0,2
303,82000,16308,1080,4,4,4,400.0,0,2.0,138,120,960.0,0,0,0,0,2,0,0,0,0,0,0,2,0,0,0,0
304,110000,18280,2214,12,4,4,1250.0,512,2.0,178,70,616.0,0,0,0,0,2,0,2,0,0,0,0,0,0,0,0,0
305,68400,15000,2256,8,4,4,1056.0,388,2.0,180,120,0.0,0,0,0,0,0,0,2,0,0,0,0,0,0,0,0,0
306,102776,17424,2356,8,4,4,768.0,332,2.0,220,120,0.0,0,0,0,0,0,0,0,0,0,0,0,0,0,0,0,2
307,55993,17424,2088,10,2,2,1008.0,0,2.0,116,116,0.0,0,0,0,2,0,0,0,0,0,0,0,0,0,0,0,2
308,50138,17424,1904,8,2,4,660.0,530,2.0,228,120,0.0,0,0,0,2,0,0,0,0,0,0,0,0,0,0,0,2
309,246000,76220,32920,160,60,60,10500.0,6720,70.0,120,100,27460.0,0,0,0,0,20,0,0,0,0,0,0,0,0,0,0,20
310,254900,143650,24908,104,39,39,9633.0,910,45.5,156,143,7995.0,0,0,0,0,13,0,0,0,0,0,0,0,0,0,0,13
311,190000,125060,16705,78,26,39,6149.0,5213,32.5,429,429,8827.0,0,0,0,0,13,0,0,0,0,0,0,0,0,0,0,13
312,201000,119548,20280,91,39,39,7449.0,3250,26.0,91,91,0.0,0,0,0,0,13,0,0,0,0,0,0,0,0,0,0,13
313,169900,160264,13442,78,26,26,11544.0,0,26.0,442,442,7007.0,0,0,0,0,13,0,0,0,0,0,0,0,0,0,0,13
314,170000,165880,26624,78,26,26,10088.0,0,39.0,442,442,0.0,0,0,0,0,13,0,0,0,0,13,0,0,0,0,0,0
315,160000,1315600,38801,115,46,46,13156.0,1150,46.0,1426,1380,15801.0,0,0,0,0,23,0,0,0,0,0,0,0,0,0,0,23
316,220000,273608,30958,161,69,69,15180.0,3404,69.0,46,46,1794.0,0,0,0,0,23,0,0,0,0,0,0,0,0,0,0,23
317,179781,225469,27922,161,69,69,11960.0,575,46.0,23,0,0.0,0,0,0,0,0,23,0,0,0,0,0,0,23,0,0,0
318,174000,225446,33212,115,46,46,9200.0,2300,57.5,92,69,0.0,0,0,0,0,23,0,0,0,0,0,0,0,0,0,0,23
319,269500,276069,45264,184,69,92,15640.0,1725,57.5,23,0,0.0,0,0,0,0,0,23,0,0,0,0,0,0,23,0,0,0
320,214900,260268,43562,161,69,69,11730.0,920,80.5,184,161,14352.0,0,0,0,0,23,0,0,0,0,0,0,0,0,0,0,23
321,202900,326393,43884,184,69,69,9913.0,3105,57.5,184,184,0.0,0,0,0,0,23,0,0,0,0,0,0,0,0,0,0,23
322,378500,303922,46414,207,92,92,17158.0,5060,46.0,46,23,0.0,0,0,0,0,23,0,0,0,0,0,0,0,0,0,0,23
323,169000,198900,16432,65,26,26,6864.0,0,26.0,585,429,546.0,0,0,0,0,13,0,0,0,0,0,0,0,0,0,0,13
324,173500,131482,18590,65,26,39,8112.0,0,26.0,78,65,0.0,0,0,0,0,13,0,0,0,0,0,0,0,0,0,0,13
325,139000,122200,23712,78,26,26,0.0,1664,39.0,507,507,0.0,0,0,0,0,13,0,0,0,0,0,0,0,0,0,0,13
326,166500,154375,17472,65,26,26,8918.0,4264,26.0,143,143,0.0,0,0,0,0,13,0,0,0,0,0,0,0,0,0,0,13
327,83500,1974,1092,4,2,2,286.0,216,1.5,37,37,334.0,0,0,0,0,1,0,0,0,0,0,0,0,0,0,0,1
328,119500,2394,945,5,2,2,253.0,338,2.5,37,37,915.0,0,0,0,0,1,0,0,0,0,0,0,0,0,0,0,1
329,85000,2592,1112,5,2,2,336.0,182,1.5,34,34,361.0,0,0,0,0,1,0,0,0,0,0,0,0,0,0,0,1
330,76000,1476,1092,4,2,2,0.0,226,1.5,40,40,176.0,0,0,0,0,1,0,0,0,0,0,0,0,0,0,0,1
331,75500,1491,630,4,2,2,0.0,120,2.0,38,38,630.0,0,0,0,0,1,0,0,0,0,0,0,0,0,0,0,1
332,88250,1900,1092,4,2,2,0.0,0,1.5,40,40,0.0,0,0,0,0,1,0,0,0,0,0,0,0,0,0,0,1
333,85500,1890,1092,4,2,2,286.0,64,1.5,38,38,294.0,0,0,0,0,1,0,0,0,0,0,0,0,0,0,0,1
334,130000,90389,11362,65,26,26,4576.0,0,13.0,507,78,6097.0,0,0,0,0,13,0,0,0,0,13,0,0,0,0,0,0
335,157900,339846,15444,65,26,26,4056.0,3900,13.0,624,624,7709.0,0,0,0,0,13,0,0,0,0,0,0,0,0,0,0,13
336,149900,167531,10829,65,26,39,6435.0,5603,26.0,338,338,10361.0,0,0,0,0,13,0,0,0,0,0,0,0,0,0,0,13
337,159000,100100,31616,65,26,26,8008.0,2600,65.0,325,312,0.0,0,0,0,0,13,0,0,0,0,0,0,0,0,0,0,13
338,136000,136175,16562,65,26,26,7488.0,286,19.5,247,247,5954.0,0,0,0,0,13,0,0,0,0,0,0,0,0,0,0,13
339,161000,137072,19227,65,26,26,3575.0,7371,26.0,533,533,6188.0,0,0,0,0,13,0,0,0,0,0,0,0,0,0,0,13
340,285000,128596,23439,104,39,39,6266.0,5395,52.0,208,195,21125.0,0,0,0,0,13,0,0,0,0,0,0,0,0,0,0,13
341,231000,168493,23361,78,39,39,8008.0,6162,45.5,221,208,12272.0,0,0,0,0,13,0,0,0,0,0,0,0,0,0,0,13
342,124500,156096,10584,72,24,24,6024.0,0,12.0,636,636,6768.0,0,0,0,0,12,0,0,0,0,0,0,0,0,0,0,12
343,157000,122400,17208,72,24,24,6336.0,1212,36.0,420,420,10128.0,0,0,0,0,12,0,0,0,0,0,0,0,0,0,0,12
344,345000,166320,32448,96,36,48,6456.0,4560,42.0,444,168,16920.0,0,0,0,0,12,0,0,0,0,0,0,0,0,0,0,12
345,189500,162864,25728,96,32,32,7520.0,4512,40.0,192,192,13552.0,0,0,0,0,16,0,0,0,0,0,0,0,0,0,0,16
346,270000,188672,36528,128,48,48,10112.0,2656,40.0,96,96,13600.0,0,0,0,0,16,0,0,0,0,0,0,0,0,0,0,16
347,189000,134400,26048,112,32,32,6240.0,1920,40.0,208,192,4544.0,0,0,0,0,16,0,0,0,0,0,0,0,0,0,0,16
348,377500,238272,27936,144,64,64,12128.0,3840,48.0,48,32,21120.0,0,0,0,0,16,0,0,0,0,0,0,0,0,0,0,16
349,168500,136480,23584,112,32,32,6400.0,3072,40.0,224,208,0.0,0,0,0,0,16,0,0,0,0,0,0,0,0,0,0,16
350,375000,204288,70616,224,84,84,15792.0,6692,84.0,140,112,55020.0,0,0,0,0,28,0,0,0,0,0,0,0,0,0,0,28
351,278000,158592,46452,224,84,112,13972.0,7588,84.0,252,252,32424.0,0,0,0,0,28,0,0,0,0,0,0,0,0,0,0,28
352,240000,206640,41384,224,56,56,13860.0,5908,84.0,308,308,9548.0,0,0,0,0,28,0,0,0,0,0,0,0,0,0,0,28
353,239500,224364,48552,224,84,84,14784.0,2856,84.0,392,364,20748.0,0,0,0,0,28,0,0,0,0,0,0,0,0,0,0,28
354,177500,142768,22112,112,48,32,6336.0,4096,40.0,176,176,3024.0,0,0,0,0,16,0,0,0,0,0,0,0,0,0,0,16
355,185000,162256,27488,112,32,32,6832.0,6160,40.0,176,176,0.0,0,0,0,0,16,0,0,0,0,0,0,0,0,0,0,16
356,191000,120000,26176,96,48,32,7040.0,1344,56.0,176,160,7616.0,0,0,0,0,16,0,0,0,0,0,0,0,0,0,0,16
357,178000,125392,25136,96,48,32,6080.0,640,40.0,256,240,0.0,0,0,0,0,16,0,0,0,0,0,0,0,0,0,0,16
358,185000,156240,23520,96,64,32,6720.0,4720,40.0,256,256,4960.0,0,0,0,0,16,0,0,0,0,0,0,0,0,0,0,16
359,181316,140848,24256,96,32,48,6544.0,736,56.0,240,224,9600.0,0,0,0,0,16,0,0,0,0,0,0,0,0,0,0,16
360,166000,116000,19040,96,32,48,6880.0,336,32.0,256,256,0.0,0,0,0,0,16,0,0,0,0,0,0,0,0,0,0,16
361,178000,154176,25488,96,32,32,6224.0,6112,40.0,272,256,0.0,0,0,0,0,16,0,0,0,0,0,0,0,0,0,0,16
362,174000,130000,23696,96,32,32,5488.0,576,40.0,240,224,0.0,0,0,0,0,16,0,0,0,0,0,0,0,0,0,0,16
363,173000,147968,18672,96,32,48,6400.0,2336,48.0,272,272,8960.0,0,0,0,0,16,0,0,0,0,0,0,0,0,0,0,16
364,225000,172192,31728,112,48,48,7840.0,0,40.0,160,160,11104.0,0,0,0,0,16,0,0,0,0,0,0,0,0,0,0,16
365,180500,189616,23072,112,32,32,8000.0,8672,32.0,304,304,0.0,0,0,0,0,16,0,0,0,0,0,0,0,0,0,0,16
366,187500,162792,38080,224,84,84,15820.0,1764,56.0,700,700,29008.0,0,0,0,0,0,0,28,0,0,0,0,0,0,0,0,0
367,501837,487844,62552,252,112,112,32648.0,1680,84.0,28,0,53312.0,0,0,0,0,0,28,0,0,0,0,0,0,28,0,0,0
368,372500,331632,57288,224,84,84,23352.0,11312,70.0,28,28,0.0,0,0,0,0,0,28,0,0,0,0,0,0,28,0,0,0
369,260000,452424,42840,196,84,84,12040.0,5712,84.0,112,112,35672.0,0,0,0,0,28,0,0,0,0,0,0,0,0,0,0,28
370,185000,190400,30944,80,32,32,9072.0,6016,56.0,512,512,6400.0,0,0,0,0,16,0,0,0,0,0,0,0,0,0,0,16
371,260000,195075,35295,105,45,60,7260.0,7245,52.5,435,435,10380.0,0,0,0,0,15,0,0,0,0,0,0,0,0,0,0,15
372,181000,255645,23790,90,30,30,6525.0,2880,30.0,450,165,0.0,0,0,0,0,15,0,0,0,0,0,0,0,0,0,0,15
373,82500,178500,21165,105,30,30,8160.0,2880,30.0,480,480,12330.0,0,0,0,0,0,0,0,0,0,0,0,0,0,0,0,15
374,215000,249525,24030,90,45,45,7935.0,3600,37.5,480,135,18690.0,0,0,0,0,15,0,0,0,0,0,0,0,0,0,0,15
375,154000,198750,30750,105,30,45,7935.0,5760,37.5,465,465,0.0,15,0,0,0,0,0,0,0,0,0,0,0,0,0,0,15
376,200000,163920,25065,90,30,30,7260.0,4605,30.0,465,345,5445.0,0,0,0,0,15,0,0,0,0,0,0,0,0,0,0,15
377,249000,185820,40095,105,30,45,6615.0,3930,37.5,435,270,9030.0,0,0,0,0,15,0,0,0,0,0,0,0,0,0,0,15
378,187500,211725,22080,105,30,30,8820.0,4215,45.0,435,435,15540.0,0,0,0,0,15,0,0,0,0,0,0,0,0,0,0,15
379,184000,166320,25605,90,30,30,7185.0,0,30.0,465,165,12480.0,0,0,0,0,15,0,0,0,0,0,0,0,0,0,0,15
380,278000,144000,37860,120,45,45,8130.0,8910,52.5,420,420,16560.0,0,0,0,0,15,0,0,0,0,0,0,0,0,0,0,15
381,157000,178200,24015,105,30,30,7170.0,0,30.0,465,465,10560.0,0,15,0,0,0,0,15,0,0,0,0,0,0,0,0,0
382,152000,156000,20550,105,30,30,7185.0,0,30.0,495,495,0.0,0,0,0,0,0,0,0,0,0,0,0,0,0,0,0,15
383,197500,154560,28020,75,30,45,7260.0,8160,52.5,495,495,5715.0,0,0,0,0,15,0,0,0,0,0,0,0,0,0,0,15
384,240900,154000,41448,154,66,88,12782.0,770,77.0,132,132,13684.0,0,0,0,0,22,0,0,0,0,0,0,0,0,0,0,22
385,263435,176088,42570,176,66,44,12144.0,3300,77.0,0,0,11968.0,0,22,0,0,0,22,0,0,0,0,0,0,22,0,0,0
386,220000,165000,41228,176,66,66,12936.0,2948,55.0,198,176,0.0,22,0,0,0,22,0,0,0,0,0,0,0,0,0,0,22
387,235000,186340,39842,176,66,66,12430.0,6006,55.0,154,154,11022.0,0,0,0,0,22,0,0,0,0,0,0,0,0,0,0,22
388,213000,140595,24315,75,30,30,7170.0,7350,45.0,510,510,22515.0,0,0,0,0,15,0,0,0,0,0,0,0,0,0,0,15
389,167900,152100,16740,90,30,30,7920.0,0,45.0,525,525,13320.0,0,0,0,0,15,0,0,0,0,0,0,0,0,0,0,15
390,158000,165750,17895,105,30,30,7590.0,600,30.0,510,510,9540.0,0,0,0,0,15,0,0,0,0,0,0,0,0,0,0,15
391,165000,152100,20250,90,30,30,7170.0,0,30.0,525,525,0.0,0,0,0,0,15,0,0,0,0,0,0,0,0,0,0,15
392,158000,156720,31785,90,30,30,8745.0,1560,37.5,555,555,0.0,0,0,0,0,0,0,15,0,0,0,0,0,0,0,0,0
393,136000,108000,21504,60,24,24,0.0,924,36.0,420,420,0.0,0,0,0,0,12,0,0,0,0,0,0,0,0,0,0,12
394,148500,105000,12024,60,24,24,10824.0,0,24.0,468,468,9936.0,0,0,0,0,12,0,0,0,0,0,0,0,0,0,0,12
395,156000,95160,12312,72,24,36,5280.0,2628,24.0,480,48,10932.0,0,0,0,0,12,0,0,0,0,0,0,0,0,0,0,12
396,128000,93960,14160,60,24,24,5724.0,540,18.0,468,468,0.0,0,0,0,0,12,0,12,0,0,0,0,0,0,0,0,0
397,143000,102120,12600,60,24,24,4032.0,0,30.0,456,456,6000.0,0,0,0,0,12,0,0,0,0,0,0,0,0,0,0,12
398,76500,84456,10368,48,24,24,6912.0,2520,24.0,468,468,8712.0,0,0,0,0,0,0,0,0,0,0,0,0,0,0,0,12
399,120500,83520,10368,48,24,36,7920.0,1152,12.0,468,468,7368.0,0,0,0,0,12,0,0,0,0,0,0,0,0,0,0,12
400,124500,97440,10368,48,24,24,5556.0,0,12.0,468,468,2292.0,0,0,0,0,12,0,0,0,0,0,0,0,0,0,0,12
401,97000,126000,10368,48,24,24,6912.0,2592,12.0,456,456,8448.0,0,0,0,0,0,0,0,0,0,0,0,0,0,0,0,12
402,130000,108000,10368,48,24,24,6912.0,2400,12.0,456,36,2880.0,0,0,0,0,12,0,0,0,0,0,0,0,0,0,0,12
403,111000,5040,2961,18,6,6,792.0,0,7.5,108,108,762.0,0,0,0,0,3,0,0,0,0,0,0,0,0,0,0,3
404,125000,7104,4095,15,6,6,1320.0,108,4.5,117,117,2295.0,0,0,0,0,3,0,0,0,0,0,0,0,0,0,0,3
405,112000,5040,3906,15,6,6,840.0,0,7.5,114,114,0.0,0,0,0,0,0,0,3,0,0,0,0,0,0,0,0,0
406,97000,5040,2961,18,6,6,864.0,0,7.5,111,111,1212.0,0,0,0,0,3,0,0,0,0,0,0,0,0,0,0,3
407,118000,5040,2961,18,6,9,792.0,750,4.5,111,6,486.0,0,0,0,0,3,0,0,0,0,0,0,0,0,0,0,3
408,119500,5040,3906,15,6,6,792.0,555,7.5,111,111,693.0,0,0,0,0,3,0,0,0,0,0,0,0,0,0,0,3
409,143750,49280,9580,60,20,20,4400.0,600,20.0,330,330,9580.0,0,0,0,0,10,0,0,0,0,0,0,0,0,0,0,10
410,146000,23080,15480,60,20,20,4400.0,1080,25.0,330,330,3060.0,0,0,0,0,10,0,0,0,0,0,0,0,0,0,0,10
411,148500,22800,14560,60,20,20,4400.0,870,25.0,330,330,5660.0,0,0,0,0,10,0,0,0,0,0,0,0,0,0,0,10
412,123000,22800,10550,70,20,20,4400.0,270,25.0,340,340,10570.0,0,0,0,0,10,0,0,0,0,0,0,0,0,0,0,10
413,147000,23080,13220,60,20,20,4400.0,2600,30.0,350,350,7520.0,0,0,0,0,10,0,0,0,0,0,0,0,0,0,0,10
414,137900,23490,14560,60,20,20,4400.0,280,25.0,320,320,3890.0,0,0,0,0,10,0,0,0,0,0,0,0,0,0,0,10
415,147000,23640,15480,60,20,20,4400.0,1080,30.0,310,310,3200.0,0,0,0,0,10,0,0,0,0,0,0,0,0,0,0,10
416,148500,22890,14410,60,20,20,4400.0,280,25.0,310,310,3110.0,0,0,0,0,10,0,0,0,0,0,0,0,0,0,0,10
417,138000,23640,14560,60,30,20,4400.0,1470,25.0,310,310,2790.0,0,0,0,0,10,0,0,0,0,0,0,0,0,0,0,10
418,128500,21040,8360,70,20,20,3450.0,1700,15.0,330,330,5360.0,0,0,0,0,10,0,0,0,0,0,0,0,0,0,0,10
419,100000,85800,10704,60,24,24,3456.0,0,12.0,504,504,5184.0,0,0,0,0,12,0,0,0,0,0,0,0,0,0,0,12
420,148800,128520,13440,60,36,24,7872.0,1944,18.0,516,60,7728.0,0,0,0,0,12,0,0,0,0,0,0,0,0,0,0,12
421,337500,336312,46386,270,108,108,21222.0,7128,81.0,81,54,31644.0,0,0,0,0,27,0,0,0,0,0,0,0,0,0,0,27
422,462000,384939,74844,243,108,108,20358.0,5373,121.5,54,54,36720.0,0,0,0,0,27,0,0,0,0,0,0,0,0,0,0,27
423,485000,364986,84780,243,108,108,22140.0,5994,94.5,27,0,0.0,0,0,0,0,0,27,0,0,0,0,0,0,27,0,0,0
424,555000,416637,64854,270,108,108,18144.0,6534,81.0,27,27,62262.0,0,0,0,0,27,0,0,0,0,0,0,0,0,0,0,27
425,325000,355671,44604,243,81,108,22680.0,13662,81.0,81,54,42444.0,0,0,0,0,27,0,0,0,0,0,0,0,0,0,0,27
426,256300,384210,43200,216,81,81,24030.0,1512,54.0,54,54,0.0,0,0,0,0,27,0,0,0,0,0,0,0,0,0,0,27
427,253293,343008,55134,216,108,108,37530.0,2430,67.5,27,0,0.0,0,0,0,0,0,27,0,0,0,0,0,0,27,0,0,0
428,398800,333450,72630,243,81,108,23328.0,5319,94.5,0,0,26622.0,0,0,0,0,0,27,0,0,0,0,0,0,27,0,0,0
429,335000,305316,58968,243,108,108,22572.0,2754,94.5,27,27,25272.0,0,0,0,0,27,0,0,0,0,0,0,0,0,0,0,27
430,404000,333450,54540,243,108,108,24192.0,7830,81.0,27,27,33264.0,0,0,0,0,27,0,0,0,0,0,0,0,0,0,0,27
431,402861,329940,54540,270,108,108,24300.0,5670,94.5,0,0,38772.0,0,0,0,0,0,27,0,0,0,0,0,0,27,0,0,0
432,451950,363906,61992,270,108,108,22734.0,17712,94.5,27,27,36126.0,0,0,0,0,27,0,0,0,0,0,27,0,0,0,0,0
433,610000,369711,72198,270,108,108,20574.0,11070,121.5,54,54,61776.0,0,0,0,0,27,0,0,0,0,0,0,0,0,0,0,27
434,582933,375057,76194,243,108,108,27540.0,11178,94.5,27,0,0.0,0,0,0,0,0,27,0,0,0,0,0,0,27,0,0,0
435,360000,312606,46872,243,108,108,22518.0,11043,54.0,27,27,0.0,0,0,0,0,27,0,0,0,0,0,0,0,0,0,0,27
436,296000,455490,48114,216,81,81,25164.0,4887,81.0,135,108,41337.0,0,0,0,0,27,0,0,0,0,0,0,0,0,0,0,27
437,409900,629181,68040,216,81,108,17280.0,12555,94.5,54,54,33210.0,0,0,0,0,0,0,0,0,0,0,0,0,0,0,0,27
438,255500,300942,46359,216,81,81,24516.0,5616,54.0,81,81,0.0,0,0,0,0,27,0,0,0,0,0,0,0,0,0,0,27
439,335000,279909,47061,243,108,108,25029.0,5751,81.0,27,27,27405.0,0,0,0,0,27,0,0,0,0,0,27,0,0,0,0,0
440,274900,258957,46251,216,81,108,23112.0,5292,81.0,135,108,29376.0,0,0,0,0,27,0,0,0,0,0,0,0,0,0,0,27
441,300000,293544,41337,243,81,108,18900.0,6372,81.0,81,81,27999.0,0,0,0,0,27,0,0,0,0,0,0,0,0,0,0,27
442,324000,364878,48816,243,108,108,22950.0,6102,81.0,27,27,30834.0,0,0,0,0,27,0,0,0,0,0,0,0,0,0,0,27
443,350000,238518,60048,243,81,108,19926.0,4968,94.5,135,108,31590.0,0,0,0,0,27,0,0,0,0,0,0,0,0,0,0,27
444,280000,306774,49572,216,81,81,23274.0,8370,81.0,135,108,28053.0,0,0,0,0,27,0,0,0,0,0,0,0,0,0,0,27
445,284000,287685,43983,216,81,81,23760.0,0,81.0,162,135,43281.0,0,0,0,0,27,0,0,0,0,0,0,0,0,0,0,27
446,269500,347706,47520,189,81,81,15741.0,9585,81.0,162,135,34074.0,0,0,0,0,27,0,0,0,0,0,0,0,0,0,0,27
447,233170,257607,40554,189,81,81,17388.0,3078,54.0,0,0,0.0,0,0,0,0,0,27,0,0,0,0,0,0,27,0,0,0
448,386250,363744,64584,270,108,108,26136.0,9531,54.0,162,162,1512.0,0,0,0,0,27,0,0,0,0,0,0,0,0,0,0,27
449,445000,412398,66204,243,81,108,23922.0,3132,108.0,162,162,53244.0,0,0,0,0,27,0,0,0,0,0,0,0,0,0,0,27
450,290000,358074,64800,216,81,81,19710.0,4158,94.5,162,135,0.0,0,0,0,0,27,0,0,0,0,0,0,0,0,0,0,27
451,255900,260766,43362,216,81,81,23517.0,7830,54.0,81,81,0.0,0,0,0,0,27,0,0,0,0,0,0,0,0,0,0,27
452,213000,186408,36666,162,81,81,13068.0,6156,54.0,108,108,22572.0,0,0,0,0,27,0,0,0,0,0,0,0,0,0,0,27
453,196000,145287,35262,162,81,81,16848.0,6291,81.0,108,108,24300.0,0,0,0,0,27,0,0,0,0,0,0,0,0,0,0,27
454,184500,138294,35262,162,81,81,16848.0,6291,81.0,108,108,23787.0,0,0,0,0,27,0,0,0,0,0,0,0,0,0,0,27
455,212500,278289,36666,189,81,81,13068.0,5886,81.0,54,27,23652.0,0,0,0,0,27,0,0,0,0,0,0,0,0,0,0,27
456,230000,135027,35478,189,81,81,16902.0,6318,81.0,54,27,24408.0,0,0,0,0,27,0,0,0,0,0,0,0,0,0,0,27
457,552000,400572,67284,270,108,108,25623.0,12447,94.5,135,108,57942.0,0,0,0,0,0,0,0,0,0,0,0,0,0,0,0,27
458,382500,412074,59400,216,81,108,18495.0,7101,94.5,162,135,42039.0,0,0,0,0,27,0,0,0,0,0,0,0,0,0,0,27
459,320000,199530,50868,243,108,108,17523.0,8667,81.0,27,0,21600.0,0,0,0,0,0,27,0,0,0,0,0,0,27,0,0,0
460,248500,174744,39312,243,108,108,14553.0,6318,54.0,27,27,0.0,0,0,0,0,27,0,0,0,0,0,0,0,0,0,0,27
461,286500,452790,46224,216,81,81,18927.0,10827,81.0,189,162,32292.0,0,0,0,0,27,0,0,0,0,0,0,0,0,0,0,27
462,254000,168480,35748,216,81,81,14850.0,6210,81.0,81,81,23301.0,0,0,0,0,27,0,0,0,0,0,0,0,0,0,0,27
463,173000,93960,37935,189,81,81,12906.0,4968,54.0,162,162,0.0,0,0,0,0,27,0,0,0,0,0,0,0,0,0,0,27
464,173000,61236,43902,189,81,81,12798.0,729,54.0,162,135,15309.0,0,0,0,0,27,0,0,0,0,0,0,0,0,0,0,27
465,184000,174848,23296,112,48,48,6240.0,1600,40.0,64,64,0.0,0,16,0,0,16,0,0,0,0,0,0,0,0,0,0,16
466,167800,142688,23840,96,48,48,6272.0,896,40.0,64,48,0.0,0,0,0,0,16,0,0,0,0,0,0,0,0,0,0,16
467,174000,201424,23744,96,48,48,6240.0,960,40.0,64,64,0.0,0,0,0,0,16,0,0,0,0,0,0,0,0,0,0,16
468,174000,190576,24960,96,48,48,6400.0,2208,40.0,64,64,0.0,0,0,0,0,16,0,0,0,0,0,0,0,0,0,0,16
469,174000,66312,27990,126,54,54,11880.0,2934,36.0,36,36,0.0,0,0,0,0,18,0,0,0,0,0,0,0,0,0,0,18
470,175900,65430,28242,126,54,54,11880.0,2934,45.0,36,36,17784.0,0,0,0,0,18,0,0,0,0,0,0,0,0,0,0,18
471,192500,57276,27990,126,54,54,7740.0,2934,36.0,72,54,288.0,0,0,0,0,18,0,0,0,0,0,0,0,0,0,0,18
472,181000,57276,27072,126,54,54,8226.0,2808,36.0,72,54,288.0,0,0,0,0,18,0,0,0,0,0,0,0,0,0,0,18
473,180000,57276,21960,126,54,54,7146.0,2088,36.0,72,54,288.0,0,0,0,0,18,0,0,0,0,0,0,0,0,0,0,18
474,160200,57276,20610,126,54,54,7146.0,2088,36.0,72,54,288.0,0,0,0,0,18,0,0,0,0,0,0,0,0,0,0,18
475,188500,124720,22912,112,48,48,6912.0,2416,56.0,80,64,6800.0,0,0,0,0,16,0,0,0,0,0,0,0,0,0,0,16
476,200000,129088,36272,96,48,48,6240.0,2656,40.0,112,112,0.0,0,0,0,0,16,0,0,0,0,0,16,0,0,0,0,0
477,170000,150944,21984,112,48,48,6400.0,1600,40.0,80,64,0.0,0,0,0,0,16,0,0,0,0,0,0,0,0,0,0,16
478,189500,127744,26080,112,48,48,6976.0,2688,40.0,80,64,0.0,0,0,0,0,16,0,0,0,0,0,0,0,0,0,0,16
479,184100,124000,22704,128,48,48,8432.0,1920,56.0,112,112,5648.0,0,0,0,0,16,0,0,0,0,0,0,0,0,0,0,16
480,195500,162000,25504,112,48,48,6944.0,5568,40.0,80,80,0.0,0,0,0,0,16,0,0,0,0,0,0,0,0,0,0,16
481,192000,143440,23824,112,48,48,6400.0,1200,56.0,96,96,10432.0,0,0,0,0,16,0,0,0,0,0,0,0,0,0,0,16
482,178000,130784,21472,112,48,48,6288.0,2496,56.0,96,96,7904.0,0,0,0,0,16,0,0,0,0,0,0,0,0,0,0,16
483,207500,136701,35478,189,81,81,16902.0,6318,81.0,54,27,24408.0,0,0,0,0,27,0,0,0,0,0,0,27,0,0,0,0
484,236000,140720,36096,112,48,48,8864.0,4448,40.0,144,144,4800.0,0,0,0,0,16,0,0,0,0,0,0,0,0,0,0,16
485,257500,206256,32064,128,48,48,10304.0,768,56.0,112,112,10416.0,0,0,0,0,16,0,0,0,0,0,0,0,0,0,0,16
486,244000,195584,32864,96,48,48,6240.0,1152,56.0,144,144,11120.0,0,0,0,0,16,0,0,0,0,0,0,0,0,0,0,16
487,167000,155744,21984,112,48,48,6400.0,0,40.0,80,80,5664.0,0,16,0,0,16,0,0,0,0,0,0,0,0,0,0,16
488,179000,129968,28800,96,32,32,7408.0,2608,40.0,144,144,0.0,0,16,0,0,16,0,0,0,0,0,0,0,0,0,0,16
489,190000,134928,24224,96,32,32,6304.0,1152,56.0,144,144,10928.0,0,0,0,0,16,0,0,0,0,0,0,0,0,0,0,16
490,156000,124000,22880,112,32,32,6400.0,0,40.0,160,144,0.0,0,0,0,0,16,0,0,0,0,0,0,0,0,0,0,16
491,245000,254336,36992,112,48,48,10528.0,4768,56.0,160,160,14608.0,16,0,0,0,16,0,0,0,0,0,0,0,0,0,0,16
492,181000,394912,26800,96,32,32,8032.0,1648,40.0,160,160,0.0,0,16,0,0,16,0,0,0,0,0,0,0,0,0,0,16
493,214000,140080,32960,112,48,48,6240.0,2688,56.0,160,160,12352.0,16,0,0,0,16,0,0,0,0,0,0,0,0,0,0,16
494,168000,125568,22880,112,32,32,6560.0,0,40.0,160,160,0.0,0,0,0,0,16,0,0,0,0,0,0,0,0,0,0,16
495,337000,245180,61490,208,78,78,22256.0,8008,91.0,260,260,30238.0,0,0,0,0,26,0,0,0,0,0,0,0,0,0,0,26
496,403000,393588,72644,208,78,104,21060.0,9048,91.0,364,338,17914.0,0,0,0,0,26,0,0,0,0,0,0,0,0,0,0,26
497,327000,330720,69862,208,78,78,21060.0,7332,91.0,234,234,30498.0,0,0,0,0,26,0,0,0,0,0,0,0,0,0,0,26
498,340000,430170,63700,208,78,78,27794.0,3276,91.0,286,286,20306.0,0,0,0,0,26,0,0,0,0,0,0,0,0,0,0,26
499,336000,317278,67912,208,78,78,17576.0,6500,91.0,286,260,22204.0,0,0,0,0,26,0,0,0,0,0,0,0,0,0,0,26
500,265000,265408,60944,182,78,78,23114.0,5720,65.0,338,312,0.0,0,0,0,0,26,0,0,0,0,0,0,0,0,0,0,26
501,315000,279500,53638,208,78,78,21190.0,6188,78.0,390,364,45812.0,0,0,0,0,26,0,0,0,0,0,0,0,0,0,0,26
502,260000,257400,68796,182,78,78,17056.0,14144,91.0,416,416,25662.0,0,0,0,0,26,0,0,0,0,0,0,0,0,0,0,26
503,260000,236210,53586,182,78,78,16822.0,15782,91.0,364,338,21216.0,0,0,0,0,26,0,0,0,0,0,0,0,0,0,0,26
504,263550,303992,58032,208,78,78,16198.0,8788,91.0,416,390,16224.0,0,0,0,0,26,0,0,0,0,0,0,0,0,0,0,26
505,402000,1211314,63648,208,78,78,18486.0,15418,91.0,390,104,40066.0,0,0,0,0,26,0,0,0,0,0,0,0,0,0,0,26
506,248000,778934,48100,182,78,78,12142.0,6916,65.0,390,390,15470.0,0,0,0,0,26,0,0,0,0,0,0,0,0,0,0,26
507,244600,211464,32296,176,66,66,19756.0,7920,44.0,22,0,0.0,0,0,0,0,0,22,0,0,0,0,0,0,22,0,0,0
508,275000,246268,37312,176,66,66,21384.0,3872,44.0,22,22,0.0,0,0,0,0,22,0,0,0,0,0,0,0,0,0,0,22
509,257500,224532,36476,176,66,66,15972.0,4136,55.0,22,22,0.0,0,0,0,0,22,0,0,0,0,0,0,0,0,0,0,22
510,287090,203764,34716,176,66,88,18480.0,792,44.0,22,0,0.0,0,0,0,0,0,22,0,0,0,0,0,0,22,0,0,0
511,275500,222860,37444,176,66,66,18568.0,1518,66.0,44,44,28468.0,0,0,0,0,22,0,0,0,0,0,0,0,0,0,0,22
512,245000,201058,31504,176,66,66,10824.0,7634,44.0,66,66,8338.0,0,0,0,0,22,0,0,0,0,0,0,0,0,0,0,22
513,253000,212850,43362,154,66,66,15158.0,1056,55.0,88,88,7502.0,0,0,0,0,22,0,0,0,0,0,0,0,0,0,0,22
514,468000,244816,54780,198,88,88,17490.0,6512,66.0,88,66,47476.0,0,0,0,0,22,0,0,0,0,0,0,0,0,0,0,22
515,252678,190080,40744,154,44,66,14168.0,6072,77.0,0,0,18084.0,0,0,0,0,0,22,0,0,0,0,0,0,22,0,0,0
516,210000,198000,34980,176,66,66,14872.0,660,55.0,22,22,0.0,0,0,0,0,22,0,0,0,0,0,0,0,0,0,0,22
517,208300,172964,26796,132,66,66,14872.0,2244,44.0,0,0,594.0,0,0,0,0,0,22,0,0,0,0,0,0,22,0,0,0
518,225000,175846,31592,154,66,66,11638.0,2662,44.0,22,0,0.0,0,0,0,0,0,22,0,0,0,0,0,0,22,0,0,0
519,229456,190080,28908,176,66,66,12144.0,5434,66.0,0,0,20592.0,0,0,0,0,0,22,0,0,0,0,0,0,22,0,0,0
520,229800,190080,30844,154,66,66,13750.0,7282,44.0,22,22,0.0,0,0,0,0,22,0,0,0,0,0,0,0,0,0,0,22
521,250000,277332,33660,198,66,66,21648.0,7656,44.0,44,22,0.0,0,0,0,0,22,0,0,0,0,0,0,0,0,0,0,22
522,370878,202114,38852,198,88,88,10516.0,7150,77.0,0,0,24662.0,0,0,0,0,0,22,0,0,0,0,0,0,22,0,0,0
523,238500,165000,31856,176,66,66,15224.0,3080,44.0,66,44,528.0,0,0,0,0,22,0,0,0,0,0,0,0,0,0,0,22
524,310000,242066,44154,220,88,88,17864.0,4840,77.0,22,22,16830.0,0,0,0,0,22,0,0,0,0,0,0,0,0,0,0,22
525,270000,233266,39490,176,66,66,17204.0,4686,77.0,66,66,15004.0,0,0,0,0,22,0,0,0,0,0,0,0,0,0,0,22
526,252000,232628,42966,176,66,66,22946.0,4620,55.0,88,66,0.0,0,0,0,0,22,0,0,0,0,0,0,0,0,0,0,22
527,241000,178750,34100,154,66,66,9636.0,3696,66.0,66,44,17864.0,0,0,0,0,22,0,0,0,0,0,0,0,0,0,0,22
528,264500,178750,40392,176,66,66,11374.0,3850,44.0,22,0,0.0,0,0,0,0,0,22,0,0,0,0,0,0,22,0,0,0
529,291000,233750,36564,154,66,88,15642.0,6336,66.0,66,44,31460.0,0,0,0,0,22,0,0,0,0,0,0,0,0,0,0,22
530,263000,206250,46068,154,66,66,13530.0,8008,55.0,132,110,0.0,0,0,0,0,22,0,0,0,0,0,0,0,0,0,0,22
531,185000,165000,26862,154,66,66,8800.0,2486,66.0,110,88,9020.0,0,0,0,0,22,0,0,0,0,0,0,0,0,0,0,22
532,234500,192192,34166,154,66,66,12936.0,6160,66.0,132,110,24882.0,0,0,0,0,22,0,0,0,0,0,0,0,0,0,0,22
533,209000,178794,36366,154,66,66,13816.0,990,77.0,132,132,9020.0,0,0,0,0,22,0,0,0,0,0,0,0,0,0,0,22
534,159000,134470,17052,98,42,42,8064.0,2492,21.0,28,28,0.0,0,0,0,0,14,0,0,0,0,0,0,0,0,0,0,14
535,152000,105000,15974,98,42,42,6776.0,2548,35.0,42,42,756.0,0,0,0,0,14,0,0,0,0,0,0,0,0,0,0,14
536,143500,105000,16212,84,28,42,0.0,700,21.0,70,70,0.0,0,0,0,0,14,0,0,0,0,0,0,0,0,0,0,14
537,193000,148792,25368,98,42,42,6692.0,3318,35.0,70,70,0.0,0,0,0,0,14,0,0,0,0,0,0,0,0,0,0,14
538,203000,141974,21168,112,42,42,11830.0,3444,28.0,70,70,18060.0,0,0,0,0,14,0,0,0,0,0,0,0,0,0,0,14
539,184900,141162,16800,98,42,42,7770.0,574,42.0,84,84,11662.0,0,0,0,0,14,0,0,0,0,0,0,0,0,0,0,14
540,159000,183008,15596,98,42,42,8064.0,4900,21.0,70,56,0.0,0,14,0,0,14,0,0,0,0,0,0,0,0,0,0,14
541,142000,183008,15596,70,28,42,0.0,546,21.0,70,70,0.0,0,14,0,0,14,0,0,0,0,0,0,0,0,0,0,14
542,153000,174300,15596,70,28,42,8064.0,588,42.0,84,70,11704.0,0,14,0,0,14,0,0,0,0,0,0,0,0,0,0,14
543,224243,102592,20300,98,42,42,11032.0,1302,28.0,14,0,0.0,0,0,0,0,0,14,0,0,0,0,0,0,14,0,0,0
544,220000,160888,29708,98,42,42,7826.0,1036,49.0,182,168,8918.0,0,0,0,0,14,0,0,0,0,0,0,0,0,0,0,14
545,257000,153916,25816,112,42,42,8680.0,2926,42.0,56,42,13664.0,0,0,0,0,0,0,14,0,0,0,0,0,0,0,0,0
546,189000,119406,20076,98,42,42,7378.0,4606,28.0,112,112,280.0,0,0,0,0,14,0,0,0,0,0,0,0,0,0,0,14
547,171500,107842,24220,84,42,42,7392.0,3626,35.0,238,238,5824.0,0,0,0,0,14,0,0,0,0,0,0,0,0,0,0,14
548,120000,150668,17038,84,28,28,4032.0,392,21.0,406,406,0.0,0,0,0,0,14,0,0,0,0,0,0,0,0,0,0,14
549,145000,100450,18648,84,42,42,7588.0,840,28.0,266,252,0.0,0,0,0,0,14,0,0,0,0,0,0,0,0,0,0,14
550,184000,127526,21560,98,42,42,6930.0,2408,49.0,210,210,8848.0,0,14,0,0,14,0,0,0,0,0,0,0,0,0,0,14
551,162000,143836,19600,84,28,28,6510.0,672,35.0,322,322,4634.0,0,0,0,0,14,0,0,0,0,0,0,0,0,0,0,14
552,160000,115500,26348,84,28,28,8568.0,0,28.0,392,392,0.0,0,0,0,0,14,0,0,0,0,0,0,0,0,0,0,14
553,82000,117600,11774,56,14,28,4116.0,3836,14.0,826,826,0.0,0,0,0,0,14,0,0,0,0,0,0,0,0,0,0,14
554,76000,126000,10976,84,28,28,5040.0,1274,14.0,1134,826,0.0,0,0,0,0,14,0,0,0,0,0,0,0,0,0,0,14
555,110000,78000,7840,40,16,16,3200.0,224,16.0,376,376,7616.0,0,0,0,0,8,0,0,0,0,0,0,0,0,0,0,8
556,135000,56512,7840,40,16,16,3872.0,1536,8.0,256,256,4480.0,0,0,0,0,8,0,0,0,0,0,0,0,0,0,0,8
557,141000,67992,6912,40,16,16,5856.0,2496,16.0,384,384,5280.0,0,0,0,0,8,0,0,0,0,0,0,0,0,0,0,8
558,122000,72632,6912,40,16,16,3520.0,1264,8.0,384,384,6912.0,0,0,0,0,8,0,0,0,0,0,0,0,0,0,0,8
559,124100,74528,8160,40,16,16,2304.0,1368,16.0,352,352,4352.0,0,0,0,0,0,0,0,0,0,0,0,0,0,8,0,0
560,129000,62328,7296,40,24,24,2400.0,0,16.0,368,112,4992.0,0,8,0,0,8,0,0,0,0,0,0,0,0,0,0,8
561,131400,80000,9152,40,16,16,2112.0,1320,16.0,384,208,4752.0,0,0,0,0,8,0,0,0,0,0,0,0,0,0,0,8
562,62383,66248,6912,40,16,16,2880.0,1888,8.0,352,352,6912.0,0,0,0,0,8,0,0,0,0,0,0,0,0,0,0,8
563,123000,57200,7296,40,16,16,2016.0,0,12.0,376,376,5840.0,0,0,0,0,8,0,0,0,0,0,0,0,0,0,0,8
564,275000,376224,48336,192,72,72,20736.0,17208,72.0,696,696,43800.0,0,0,0,0,24,0,0,0,0,0,0,0,0,0,0,24
565,235000,310674,45630,182,78,78,13624.0,14612,78.0,468,26,21242.0,0,0,0,0,26,0,0,0,0,0,0,0,0,0,0,26
566,280750,63360,66110,154,66,66,15488.0,3894,55.0,110,88,0.0,0,0,0,0,22,0,0,0,0,0,0,0,0,0,0,22
567,164500,86922,26928,132,66,66,11616.0,5148,55.0,0,0,0.0,0,0,0,0,0,22,0,0,0,0,0,0,22,0,0,0
568,173733,66000,26928,132,66,66,11616.0,5148,55.0,0,0,6468.0,0,0,0,0,0,22,0,0,0,0,0,0,22,0,0,0
569,222000,84260,37972,132,66,66,12342.0,5588,55.0,22,22,0.0,0,0,0,0,0,22,0,0,0,0,0,0,22,0,0,0
570,195000,92774,27632,132,66,66,14102.0,3718,55.0,22,22,21164.0,0,0,0,0,22,0,0,0,0,0,0,0,0,0,0,22
571,172500,71060,32362,132,44,44,9680.0,528,55.0,220,220,8382.0,0,0,0,0,22,0,0,0,0,0,0,0,0,0,0,22
572,180000,65956,33264,132,66,66,9680.0,704,77.0,198,198,11154.0,0,0,0,0,22,0,0,0,0,0,0,0,0,0,0,22
573,156000,82896,31944,154,66,66,11132.0,748,77.0,220,220,12078.0,0,0,0,0,22,0,0,0,0,0,0,0,0,0,0,22
574,172500,58190,38258,176,66,66,10560.0,2530,77.0,220,198,14278.0,0,0,0,0,0,0,0,0,0,0,0,0,0,0,0,22
575,318750,352656,40656,192,96,96,15408.0,20304,72.0,768,24,33312.0,0,0,0,0,24,0,0,0,0,0,0,0,0,0,0,24
576,211500,64294,20842,136,51,51,8228.0,3587,34.0,476,476,16320.0,0,0,0,0,17,0,0,0,0,0,0,0,0,0,0,17
577,241600,370008,41760,168,72,72,12960.0,11184,36.0,672,672,2904.0,0,0,0,0,24,0,0,0,0,0,0,0,0,0,0,24
578,180500,230400,59976,192,72,48,12648.0,1536,60.0,792,792,0.0,0,0,0,0,0,0,0,0,0,0,0,0,0,0,0,24
579,150000,79928,12960,32,16,16,3920.0,1584,24.0,264,128,8928.0,0,0,0,0,8,0,0,0,0,0,0,0,0,0,0,8
580,154000,175500,23340,90,30,30,6615.0,0,22.5,615,615,4470.0,0,15,0,0,15,0,0,0,0,0,0,0,0,0,0,15
581,185000,175755,21630,90,30,30,9225.0,5565,30.0,585,585,0.0,0,0,0,0,15,0,0,0,0,0,0,0,0,0,0,15
582,185750,137340,22335,90,30,45,6930.0,0,30.0,615,615,0.0,0,0,0,0,15,0,0,0,0,0,0,0,0,0,0,15
583,200000,155730,31350,105,30,30,7260.0,10005,52.5,540,540,13365.0,0,0,0,0,15,0,0,0,0,0,0,0,0,0,0,15
584,206000,190980,31005,105,30,45,11760.0,5055,37.5,525,525,9030.0,0,0,0,0,15,0,0,0,0,0,0,0,0,0,0,15
585,162000,194040,20925,90,30,30,7455.0,6150,30.0,555,555,8895.0,0,0,0,0,15,0,0,0,0,0,0,0,0,0,0,15
586,256900,156000,39600,90,30,45,7725.0,4320,37.5,630,180,0.0,0,0,0,0,15,0,0,0,0,0,0,0,0,0,0,15
587,197900,268065,25860,90,30,30,7200.0,0,37.5,630,495,7920.0,0,0,0,0,15,0,0,0,0,0,0,0,0,0,0,15
588,163000,144000,20040,75,30,30,7530.0,4845,37.5,600,600,10500.0,0,0,0,0,15,0,0,0,0,0,0,0,0,0,0,15
589,113000,135000,18240,90,30,30,5040.0,0,30.0,600,600,14325.0,0,0,0,0,0,0,0,0,0,0,0,0,0,0,0,15
590,230000,206610,34320,105,30,45,7800.0,8235,30.0,480,255,6480.0,0,0,0,0,15,0,0,0,0,0,0,0,0,0,0,15
591,167900,144750,20010,90,30,30,9450.0,240,37.5,480,480,10290.0,0,0,0,0,15,0,0,0,0,0,0,0,0,0,0,15
592,213250,152100,25200,105,45,45,8745.0,2265,45.0,165,150,19065.0,0,15,0,0,15,0,0,0,0,0,0,0,0,0,0,15
593,227000,126000,24975,120,45,45,7920.0,675,52.5,120,120,9645.0,0,0,0,0,15,0,0,0,0,0,0,0,0,0,0,15
594,130000,85560,10368,60,24,24,3744.0,0,18.0,504,504,7776.0,0,0,0,0,12,0,0,0,0,0,0,0,0,0,0,12
595,143000,115200,18816,60,24,24,5280.0,2400,18.0,504,504,0.0,0,0,0,0,12,0,12,0,0,0,0,0,0,0,0,0
596,117500,109200,11100,60,24,24,5148.0,0,18.0,528,528,9648.0,0,0,0,0,12,0,0,0,0,0,0,0,0,0,0,12
597,168500,144000,30915,105,30,30,7470.0,4095,45.0,525,525,10470.0,0,0,0,0,0,0,15,0,0,0,0,0,0,0,0,0
598,172500,247500,19800,90,30,30,7425.0,300,37.5,570,570,14430.0,0,0,0,0,15,0,0,0,0,0,0,0,0,0,0,15
599,161500,146850,20130,90,30,30,6855.0,2955,30.0,630,630,13215.0,0,0,0,0,15,0,0,0,0,0,0,0,0,0,0,15
600,141500,89232,10728,48,24,24,4752.0,4320,24.0,588,588,8808.0,0,0,0,0,12,0,0,0,0,0,0,0,0,0,0,12
601,118000,97500,10368,60,24,24,3696.0,0,12.0,600,600,4836.0,0,0,0,0,12,0,0,0,0,0,0,0,0,0,0,12
602,127500,109200,10368,72,24,24,3600.0,0,12.0,600,600,7344.0,0,0,0,0,12,0,0,0,0,0,0,0,0,0,0,12
603,140000,113400,16344,48,24,24,9216.0,1008,24.0,624,624,9300.0,0,0,0,0,12,0,0,0,0,0,0,0,0,0,0,12
604,177625,161940,20736,60,24,24,6912.0,1188,36.0,636,636,9912.0,0,0,0,0,12,0,0,0,0,0,0,0,0,0,0,12
605,110000,137700,21312,60,24,24,10656.0,300,36.0,612,612,0.0,0,0,0,0,0,0,12,0,0,0,0,0,0,0,0,0
606,167000,120048,18192,72,24,24,5664.0,1824,18.0,540,540,6492.0,0,0,0,0,12,0,0,0,0,0,0,0,0,0,0,12
607,153000,112200,15756,60,24,36,7320.0,3852,30.0,576,168,9864.0,0,0,0,0,12,0,0,0,0,0,0,0,0,0,0,12
608,145100,126000,15504,60,24,24,6240.0,1488,30.0,540,540,11976.0,0,0,0,0,0,0,12,0,0,0,0,0,0,0,0,0
609,154000,132000,13848,60,24,24,5760.0,696,18.0,516,516,11640.0,0,0,0,0,12,0,0,0,0,0,0,0,0,0,0,12
610,177500,107640,25680,60,24,24,6588.0,3648,30.0,528,528,4656.0,0,0,0,0,12,0,0,0,0,0,0,0,0,0,0,12
611,158000,145140,17340,72,24,24,7740.0,2160,18.0,540,540,6768.0,0,0,0,0,12,0,0,0,0,0,0,0,0,0,0,12
612,124500,115200,12492,60,24,24,3240.0,3744,24.0,600,600,11892.0,0,0,0,0,12,0,0,0,0,0,0,0,0,0,0,12
613,174500,137700,18912,72,24,36,4416.0,1020,24.0,576,576,6816.0,0,0,0,0,12,0,0,0,0,0,0,0,0,0,0,12
614,122000,117216,11520,60,24,24,3960.0,840,24.0,648,648,4164.0,0,0,0,0,12,0,0,0,0,0,0,0,0,0,0,12
615,82500,26650,3540,20,5,5,0.0,820,5.0,345,295,1400.0,0,0,0,0,5,0,0,0,0,0,0,0,0,0,0,5
616,110000,35075,6015,25,10,15,1760.0,1240,10.0,295,295,925.0,0,0,0,0,5,0,0,0,0,0,0,0,0,0,0,5
617,149500,145920,18060,72,24,24,6060.0,1944,24.0,672,672,12288.0,0,0,0,0,12,0,0,0,0,0,0,0,0,0,0,12
618,175000,118800,20292,72,36,24,6600.0,3924,24.0,504,504,14076.0,0,0,0,0,12,0,0,0,0,0,0,0,0,0,0,12
619,167000,115200,19728,72,24,24,5016.0,1320,24.0,672,672,15420.0,0,0,0,0,12,0,0,0,0,0,0,0,0,0,0,12
620,128900,115200,12600,60,24,24,4056.0,0,12.0,636,636,6048.0,0,0,0,0,12,0,0,0,0,0,0,0,0,0,0,12
621,140000,115200,20016,72,24,24,3252.0,0,18.0,708,48,1440.0,0,0,0,0,12,0,0,0,0,0,0,0,0,0,0,12
622,147000,115200,13356,60,36,36,3168.0,2400,12.0,708,24,7284.0,0,0,0,0,12,0,0,0,0,0,0,0,0,0,0,12
623,124000,107328,19008,60,24,24,9504.0,1824,24.0,504,504,0.0,0,0,0,0,12,0,0,0,0,0,0,0,0,0,0,12
624,187500,126876,17436,72,24,24,6360.0,4044,36.0,576,576,15744.0,0,0,0,0,12,0,0,0,0,0,0,0,0,0,0,12
625,159000,114000,16728,72,24,24,6168.0,3132,30.0,552,552,7308.0,0,0,0,0,12,0,0,0,0,0,0,0,0,0,0,12
626,256000,176340,18804,72,24,36,6504.0,5424,36.0,516,12,16644.0,0,0,0,0,12,0,0,0,0,0,0,0,0,0,0,12
627,205000,163200,23832,84,24,24,5832.0,2772,30.0,528,228,5448.0,0,0,0,0,12,0,0,0,0,0,0,0,0,0,0,12
628,193500,156000,25704,72,24,36,6108.0,3888,30.0,492,492,5376.0,0,0,0,0,12,0,0,0,0,0,0,0,0,0,0,12
629,110000,162720,16704,72,24,24,6912.0,2880,24.0,492,492,0.0,0,0,0,0,12,0,0,0,0,0,0,0,0,0,0,12
630,104900,150156,20856,48,24,24,4416.0,660,24.0,1068,24,0.0,0,0,0,0,12,0,0,0,0,0,0,0,0,0,0,12
631,150000,105120,13728,60,36,24,3432.0,3084,24.0,636,636,10272.0,0,0,0,0,12,0,0,0,0,0,0,0,0,0,0,12
632,156500,100800,17736,72,24,24,5304.0,3960,30.0,624,624,10200.0,0,0,0,0,12,0,0,0,0,0,0,0,0,0,0,12
633,176000,147420,15948,84,24,24,5292.0,2436,18.0,588,588,6528.0,0,0,0,0,12,0,0,0,0,0,0,0,0,0,0,12
634,149500,110880,11856,72,36,36,3564.0,1872,36.0,600,132,8496.0,0,0,0,0,12,0,0,0,0,0,0,0,0,0,0,12
635,139000,115200,19584,72,24,24,4056.0,3468,36.0,612,252,14880.0,0,0,0,0,12,0,0,0,0,0,0,0,0,0,0,12
636,155000,148800,14580,72,24,24,3564.0,2808,12.0,612,132,7020.0,0,0,0,0,12,0,0,0,0,0,0,0,0,0,0,12
637,120000,105000,14424,60,24,24,3648.0,1860,18.0,636,636,7644.0,0,0,0,0,0,0,12,0,0,0,0,0,0,0,0,0
638,153000,105000,16584,60,24,36,4200.0,3360,18.0,648,648,7860.0,0,0,0,0,12,0,0,0,0,0,0,0,0,0,0,12
639,144000,124800,14400,48,24,24,3528.0,3948,24.0,636,636,10860.0,0,0,0,0,0,0,0,0,0,0,0,0,0,0,0,12
640,176000,231552,16584,72,24,24,10608.0,3024,24.0,564,564,16344.0,0,0,0,0,12,0,0,0,0,0,0,0,0,0,0,12
641,153000,102384,15564,60,24,24,5976.0,0,18.0,660,228,14556.0,0,0,0,0,12,0,0,0,0,0,0,0,0,0,0,12
642,135000,113784,22392,60,24,24,5940.0,0,24.0,612,612,0.0,0,0,0,0,12,0,0,0,0,0,0,0,0,0,0,12
643,131000,97536,12744,72,24,24,3564.0,0,24.0,660,660,5880.0,0,0,0,0,12,0,0,0,0,0,0,0,0,0,0,12
644,123000,127608,15828,60,24,24,3240.0,792,24.0,672,672,7296.0,0,0,0,0,12,0,0,0,0,0,0,0,0,0,0,12
645,126000,156840,13344,60,24,24,5760.0,3060,12.0,696,696,3696.0,0,0,0,0,12,0,0,0,0,0,0,0,0,0,0,12
646,115000,125208,12060,48,24,12,8064.0,0,12.0,648,648,0.0,0,0,0,0,12,0,0,0,0,0,0,0,0,0,0,12
647,164900,174708,16356,60,36,24,3456.0,6408,24.0,696,108,9960.0,0,0,0,0,12,0,0,0,0,0,0,0,0,0,0,12
648,113000,101760,9516,60,24,12,2880.0,0,24.0,768,708,8400.0,0,0,0,0,12,0,0,0,0,0,0,0,0,0,0,12
649,145500,91512,12372,60,36,36,2760.0,0,24.0,684,48,11172.0,0,0,0,0,12,0,0,0,0,0,0,0,0,0,0,12
650,102900,114396,14520,60,24,24,7392.0,3696,18.0,672,672,0.0,0,0,0,0,12,0,0,0,0,12,0,0,0,0,0,0
651,95000,42460,6796,12,8,8,1680.0,296,12.0,436,156,1760.0,0,0,0,0,0,0,0,0,0,0,0,0,0,0,0,4
652,152500,137028,18324,84,24,24,4920.0,1608,30.0,732,120,8388.0,0,0,0,0,12,0,0,0,0,0,0,0,0,0,0,12
653,129900,115200,14400,60,24,24,2952.0,1512,12.0,708,708,4680.0,0,0,0,0,12,0,0,0,0,0,0,0,0,0,0,12
654,132000,96000,11664,72,24,24,2880.0,0,24.0,732,84,8160.0,0,0,0,0,12,0,0,0,0,0,0,0,0,0,0,12
655,99900,21880,3168,12,8,8,1464.0,360,4.0,204,204,0.0,0,0,0,0,4,0,0,0,0,0,0,0,0,0,0,4
656,135000,41640,6624,20,8,8,720.0,560,10.0,372,88,0.0,0,0,0,0,4,0,0,0,0,0,0,0,0,0,0,4
657,149000,43200,5408,20,8,12,2880.0,1260,10.0,280,12,0.0,0,0,0,0,4,0,0,0,0,0,0,0,0,0,0,4
658,114000,32584,4156,16,12,8,1124.0,1116,4.0,436,24,0.0,0,0,0,0,4,0,0,0,0,0,0,0,0,0,0,4
659,109500,36088,3168,20,12,12,960.0,1744,4.0,340,12,0.0,0,0,0,0,4,0,0,0,0,0,0,0,0,0,0,4
660,125000,40920,4312,20,8,16,1056.0,448,4.0,336,236,0.0,0,0,0,0,4,0,0,0,0,0,0,0,0,0,0,4
661,142900,41640,9508,16,8,12,2112.0,1728,8.0,376,236,0.0,0,0,0,0,4,0,0,0,0,0,0,0,0,0,0,4
662,156500,28800,6760,28,12,12,2496.0,448,8.0,396,4,0.0,0,0,0,0,4,0,0,0,0,0,0,0,0,0,0,4
663,59000,21600,2396,8,4,12,0.0,324,8.0,276,236,0.0,0,0,0,0,4,0,0,0,0,0,0,0,0,0,0,4
664,105000,21600,5496,16,4,8,1352.0,792,4.0,356,236,1680.0,0,0,0,0,4,0,0,0,0,0,0,0,0,0,0,4
665,106000,43200,3384,20,8,12,2304.0,0,4.0,356,236,0.0,0,0,0,0,4,0,0,0,0,0,0,0,0,0,0,4
666,78500,43200,2900,12,8,8,1280.0,120,6.0,476,44,0.0,0,0,0,0,4,0,0,0,0,0,0,0,0,0,0,4
667,190000,116052,30528,72,24,24,10884.0,0,36.0,480,480,0.0,0,0,0,0,12,0,0,0,0,0,0,0,0,0,0,12
668,154000,121716,16560,72,24,24,4368.0,2592,18.0,552,552,4608.0,0,0,0,0,12,0,0,0,0,0,0,0,0,0,0,12
669,163000,138000,12480,72,12,24,5760.0,1872,24.0,504,504,11184.0,0,0,0,0,12,0,0,0,0,0,0,0,0,0,0,12
670,200000,139716,31608,60,24,24,11616.0,0,54.0,480,480,6000.0,0,0,0,0,12,0,0,0,0,0,0,0,0,0,0,12
671,143500,96120,11412,72,36,36,5760.0,504,24.0,612,24,8940.0,0,0,0,0,12,0,0,0,0,0,0,0,0,0,0,12
672,135000,125448,13260,72,24,24,3696.0,0,12.0,624,624,6552.0,0,0,0,0,12,0,0,0,0,0,0,0,0,0,0,12
673,153000,104544,15672,60,24,24,9072.0,0,24.0,624,108,10320.0,0,0,0,0,12,0,0,0,0,0,0,0,0,0,0,12
674,157500,211200,17736,72,24,24,5976.0,480,36.0,588,588,15240.0,0,0,0,0,12,0,0,0,0,0,0,0,0,0,0,12
675,113500,108000,13704,72,24,24,4608.0,1104,12.0,612,612,0.0,0,0,0,0,12,0,0,0,0,0,0,0,0,0,0,12
676,133000,145728,15216,60,36,24,3456.0,336,12.0,720,708,4500.0,0,0,0,0,12,0,0,0,0,0,0,0,0,0,0,12
677,92900,102528,12480,36,24,24,4800.0,0,24.0,708,708,0.0,0,0,0,0,12,0,0,0,0,0,0,0,0,0,0,12
678,128500,96768,13596,72,24,24,10800.0,2772,12.0,708,708,7452.0,0,0,0,0,0,0,12,0,0,0,0,0,0,0,0,0
679,90000,86400,12480,48,24,24,5040.0,0,24.0,720,708,0.0,0,0,0,0,12,0,0,0,0,0,0,0,0,0,0,12
680,138000,86400,22848,60,24,24,2880.0,2016,30.0,708,324,6384.0,0,0,0,0,12,0,0,0,0,0,0,0,0,0,0,12
681,128000,88200,12492,60,24,24,3528.0,0,12.0,612,612,0.0,0,0,0,0,12,0,0,0,0,0,0,0,0,0,0,12
682,139000,90720,16068,60,24,24,3528.0,0,12.0,612,528,6048.0,0,0,0,0,0,0,12,0,0,0,0,0,0,0,0,0
683,118900,86400,8784,60,24,24,2880.0,816,24.0,684,684,8784.0,0,0,0,0,12,0,0,0,0,0,0,0,0,0,0,12
684,138000,96000,14196,60,24,24,3456.0,0,24.0,600,600,6336.0,0,0,0,0,12,0,0,0,0,0,0,0,0,0,0,12
685,132500,95172,13776,60,24,24,8064.0,0,24.0,600,600,13776.0,0,0,0,0,12,0,0,0,0,0,0,0,0,0,0,12
686,133500,129600,17532,48,24,24,4608.0,2448,24.0,720,156,0.0,0,0,0,0,12,0,0,0,0,0,0,0,0,0,0,12
687,135000,96768,17940,72,24,24,6912.0,2592,12.0,732,180,1440.0,0,0,0,0,0,0,12,0,0,0,0,0,0,0,0,0
688,144750,90840,21672,72,24,24,5796.0,660,18.0,540,540,0.0,0,0,0,0,12,0,0,0,0,0,0,0,0,0,0,12
689,145000,103248,11292,60,24,36,6768.0,480,24.0,372,372,11292.0,0,0,0,0,12,0,0,0,0,0,0,0,0,0,0,12
690,127000,95232,12540,72,24,24,3168.0,0,24.0,552,552,9912.0,0,0,0,0,12,0,0,0,0,0,0,0,0,0,0,12
691,109500,79200,10728,60,24,24,3696.0,0,12.0,564,564,0.0,0,0,0,0,12,0,0,0,0,0,0,0,0,0,0,12
692,115000,15800,4896,24,8,8,840.0,464,4.0,332,20,1872.0,0,0,0,0,4,0,0,0,0,0,0,0,0,0,0,4
693,110000,41760,4920,20,8,8,1760.0,808,6.0,396,112,0.0,0,0,0,0,4,0,0,0,0,0,0,0,0,0,0,4
694,128900,16320,5512,24,8,12,648.0,376,4.0,296,44,0.0,0,0,0,0,4,0,0,0,0,0,0,0,0,0,0,4
695,103500,41228,7776,24,8,8,1296.0,788,12.0,396,236,2532.0,0,0,0,0,4,0,0,0,0,0,0,0,0,0,0,4
696,66500,22880,4524,20,8,8,800.0,104,6.0,272,236,0.0,0,0,0,0,0,0,0,0,0,0,0,0,0,0,0,4
697,130000,62640,5224,20,8,12,1888.0,0,6.0,396,24,0.0,0,0,0,0,4,0,0,0,0,0,0,0,0,0,0,4
698,129000,39600,5856,20,12,8,0.0,704,8.0,396,28,0.0,0,0,0,0,4,0,0,0,0,0,0,0,0,0,0,4
699,150000,25624,6232,20,8,8,1600.0,872,6.0,280,236,1684.0,0,0,0,0,4,0,0,0,0,0,0,0,0,0,0,4
700,107500,26400,9488,20,8,8,1728.0,1148,8.0,468,176,0.0,0,0,0,0,4,0,0,0,0,0,0,0,0,0,0,4
701,94550,30508,6804,16,4,4,0.0,592,8.0,356,236,0.0,0,0,0,0,4,0,0,0,0,0,0,0,0,0,0,4
702,124500,30384,7840,20,8,8,1600.0,0,8.0,228,228,0.0,0,0,0,0,4,0,4,0,0,0,0,0,0,0,0,0
703,135000,13512,5556,28,8,8,960.0,504,6.0,252,68,0.0,0,0,0,0,4,0,0,0,0,0,0,0,0,0,0,4
704,103000,40536,5788,20,8,8,0.0,1296,4.0,396,236,0.0,0,0,0,0,4,0,0,0,0,0,0,0,0,0,0,4
705,93000,24000,3744,16,4,8,2304.0,576,4.0,224,224,0.0,0,0,0,0,4,0,0,0,0,0,0,0,0,0,0,4
706,129500,24000,5312,20,8,8,1232.0,48,6.0,236,156,1536.0,0,0,0,0,4,0,0,0,0,0,0,0,0,0,0,4
707,93000,24000,5548,20,8,12,1024.0,0,8.0,220,220,0.0,0,0,0,0,4,0,0,0,0,0,0,0,0,0,0,4
708,80000,29616,3444,16,8,8,1152.0,512,4.0,356,236,0.0,0,0,0,0,4,0,0,0,0,0,0,0,0,4,0,0
709,45000,23700,2448,8,8,8,1232.0,100,4.0,276,236,0.0,0,0,0,0,4,0,0,0,0,0,0,0,0,0,0,4
710,37900,23700,3872,12,8,8,0.0,0,4.0,396,236,0.0,0,0,0,0,0,0,0,0,0,0,0,0,0,0,0,4
711,91300,23136,3544,20,8,8,1092.0,976,4.0,284,52,0.0,0,0,0,0,4,0,0,0,0,0,0,0,0,0,0,4
712,99500,34080,3168,20,12,8,1148.0,324,4.0,344,236,0.0,0,0,0,0,4,0,0,0,0,0,0,0,0,0,0,4
713,113000,17824,5808,16,8,8,0.0,408,8.0,356,4,0.0,0,0,0,0,0,4,0,0,0,0,0,0,4,0,0,0
714,87500,38400,6040,16,12,12,2880.0,640,8.0,396,236,0.0,0,0,0,0,4,0,0,0,0,0,0,0,0,0,0,4
715,110000,14000,5136,20,8,8,960.0,140,6.0,248,236,1248.0,0,0,0,0,4,0,0,0,0,0,0,0,0,0,0,4
716,106000,32400,8552,20,8,8,1440.0,784,8.0,444,176,0.0,0,0,0,0,4,0,0,0,0,0,0,0,0,0,0,4
717,265979,46800,10560,28,12,12,3456.0,2268,6.0,516,24,0.0,0,0,0,0,4,0,0,0,0,0,0,0,0,0,0,4
718,160000,33600,8028,24,8,16,1428.0,940,8.0,436,236,0.0,0,0,0,0,4,0,0,0,0,0,0,0,0,0,0,4
719,119000,14400,5152,24,8,16,1120.0,412,8.0,368,8,0.0,0,0,0,0,4,0,0,0,0,0,0,0,0,0,0,4
720,168000,70684,6968,32,12,12,1696.0,676,6.0,508,92,864.0,0,0,0,0,4,0,0,0,0,0,0,0,0,0,0,4
721,58500,13200,3264,16,8,8,0.0,132,4.0,396,236,0.0,0,0,0,0,4,0,0,0,0,0,0,0,0,0,0,4
722,143000,36000,5928,28,8,8,1296.0,0,6.0,356,84,2496.0,0,0,0,0,4,0,0,0,0,0,0,0,0,0,0,4
723,85000,28800,4088,20,8,8,1120.0,1024,8.0,396,12,2848.0,0,0,0,0,4,0,0,0,0,0,0,0,0,0,0,4
724,124900,35280,7476,20,8,8,1824.0,1168,4.0,476,52,4352.0,0,0,0,0,4,0,0,0,0,0,0,0,0,0,0,4
725,119000,21600,5920,24,4,8,828.0,704,4.0,356,236,0.0,0,0,0,0,0,0,0,0,0,0,4,0,0,0,0,0
726,146500,38880,6084,24,8,12,2560.0,952,4.0,396,28,0.0,0,0,0,0,4,0,0,0,0,0,0,0,0,0,0,4
727,34900,15758,1440,8,4,4,0.0,1276,2.0,178,118,990.0,0,0,0,0,0,0,0,0,0,0,0,0,0,0,0,2
728,44000,18784,1594,6,4,4,0.0,260,2.0,218,118,0.0,0,0,0,0,0,0,0,0,0,0,0,0,0,0,0,2
729,223500,106920,7880,25,10,15,2640.0,1560,17.5,430,25,6545.0,0,0,0,0,5,0,0,0,0,0,0,0,0,0,0,5
730,149000,33075,7160,30,10,15,1080.0,1635,5.0,430,295,0.0,0,0,0,0,5,0,0,0,0,0,0,0,0,0,0,5
731,205000,36320,7740,35,15,20,3360.0,1090,12.5,420,10,0.0,0,0,0,0,5,0,0,0,0,0,0,0,0,0,0,5
732,137000,24800,8270,25,10,10,1680.0,1520,10.0,395,135,0.0,0,5,0,0,5,0,0,0,0,0,0,0,0,0,0,5
733,121000,44270,4760,30,10,5,960.0,690,5.0,465,295,0.0,0,0,0,0,5,0,0,0,0,0,0,0,0,0,0,5
734,128000,30000,6620,20,10,10,1200.0,0,5.0,365,295,3360.0,0,0,0,0,5,0,0,0,0,0,0,0,0,0,0,5
735,134900,30000,5880,30,15,10,3120.0,1050,5.0,360,45,0.0,0,0,0,0,5,0,0,0,0,0,0,0,0,0,0,5
736,117000,30000,6740,25,10,10,1080.0,1040,10.0,420,60,0.0,0,0,0,0,5,0,0,0,0,0,0,0,0,0,0,5
737,132500,30000,7060,30,10,10,1400.0,225,5.0,350,295,0.0,0,0,0,0,5,0,0,0,0,0,0,0,0,0,0,5
738,93000,30000,5710,25,10,10,1600.0,490,5.0,425,295,1100.0,0,0,0,0,5,0,0,0,0,0,0,0,0,0,0,5
739,119000,30000,4520,30,15,10,900.0,525,5.0,415,25,0.0,0,0,0,0,5,0,0,0,0,0,0,0,0,0,0,5
740,100000,34555,6505,25,10,5,2200.0,0,5.0,425,295,2025.0,0,0,0,0,5,0,0,0,0,0,0,0,0,0,0,5
741,141500,30600,7695,25,10,10,2880.0,560,7.5,365,295,0.0,0,0,0,0,5,0,0,0,0,0,0,0,0,0,0,5
742,133000,30600,7865,20,10,15,1200.0,870,5.0,370,70,0.0,0,0,0,0,5,0,0,0,0,0,0,0,0,0,0,5
743,60000,30600,4000,10,5,5,0.0,0,5.0,365,295,0.0,0,0,0,0,5,0,0,0,0,0,0,5,0,0,0,0
744,105000,30600,4375,25,10,10,900.0,240,10.0,390,80,1045.0,0,0,0,0,5,0,0,0,0,0,0,0,0,0,0,5
745,115000,30600,4975,25,10,10,1320.0,330,5.0,420,50,0.0,0,0,0,0,0,0,0,0,0,0,0,0,0,0,0,5
746,150000,30600,7910,25,10,10,1250.0,1865,10.0,355,295,1365.0,0,0,0,0,5,0,0,0,0,0,0,0,0,0,0,5
747,126500,43175,5360,25,10,10,5920.0,525,10.0,420,295,670.0,0,0,0,0,5,0,0,0,0,0,0,0,0,0,0,5
748,214500,59440,10670,30,10,15,2205.0,1640,10.0,465,75,0.0,0,0,0,0,5,0,0,0,0,0,0,0,0,0,0,5
749,167500,57070,10095,35,10,15,2660.0,3220,5.0,495,80,0.0,0,5,0,0,5,0,0,0,0,0,0,0,0,0,0,5
750,155000,32376,7072,24,8,8,2304.0,600,8.0,376,236,0.0,0,0,0,0,4,0,0,0,0,0,0,0,0,0,0,4
751,155000,10000,7304,28,12,16,656.0,0,10.0,376,16,1196.0,0,0,0,0,4,0,0,0,0,0,0,0,0,0,0,4
752,179900,39712,7776,28,8,8,864.0,208,8.0,376,60,0.0,0,0,0,0,4,0,0,0,0,0,0,0,0,0,0,4
753,104000,22080,8916,24,8,8,0.0,912,4.0,388,236,0.0,0,0,0,0,0,0,0,0,0,0,0,0,0,0,0,4
754,62500,12000,8512,20,8,8,0.0,224,8.0,348,236,0.0,0,0,0,0,0,0,0,0,0,0,0,0,0,0,0,4
755,149000,13752,3860,12,4,4,632.0,426,6.0,164,118,1044.0,0,0,0,0,2,0,0,0,0,0,0,0,0,0,0,2
756,103000,12480,2416,8,4,4,1078.0,270,2.0,168,118,304.0,0,0,0,0,2,0,0,0,0,0,0,0,0,0,0,2
757,123000,23100,5708,24,8,12,1516.0,544,4.0,376,28,0.0,0,0,0,0,4,0,0,0,0,0,0,0,0,0,0,4
758,97500,23408,7456,28,8,8,0.0,1160,10.0,428,36,676.0,0,0,0,0,4,0,0,0,0,0,0,0,0,0,0,4
759,135000,10320,3332,12,4,4,768.0,296,2.0,164,118,0.0,0,0,0,0,2,0,0,0,0,0,0,0,0,0,0,2
760,70000,10320,1784,8,4,6,0.0,530,4.0,172,118,1624.0,0,0,0,0,0,0,2,0,0,0,0,0,0,0,0,0
761,116000,20640,2806,12,4,4,616.0,576,5.0,188,88,1076.0,0,0,0,0,2,0,0,0,0,0,0,0,0,0,0,2
762,88750,34240,5632,32,16,8,1760.0,192,12.0,504,64,0.0,0,0,0,0,8,0,0,0,0,0,0,0,0,0,0,8
763,179000,64800,7200,30,12,12,0.0,720,36.0,132,126,7200.0,0,0,0,6,0,0,0,0,0,0,0,0,0,0,0,6
764,179000,64800,7200,30,12,12,0.0,720,36.0,132,126,7200.0,0,0,0,6,0,0,0,0,0,0,0,0,0,0,0,6
765,159900,63282,6912,30,12,12,1512.0,0,24.0,186,186,6912.0,0,0,0,0,6,0,0,0,0,0,0,0,0,0,0,6
766,61000,60120,5424,6,6,6,0.0,0,9.0,522,354,2100.0,0,0,0,0,6,0,0,0,0,0,0,0,0,0,0,6
767,103600,39774,8214,36,12,12,1800.0,882,18.0,504,354,3306.0,0,0,0,0,6,0,0,0,0,0,0,0,0,0,0,6
768,63000,58680,6672,30,12,12,1356.0,0,18.0,450,354,0.0,0,0,0,0,6,0,0,0,0,0,0,0,0,0,0,6
769,175000,103088,11712,40,16,16,3840.0,3216,20.0,368,80,3552.0,0,0,0,0,8,0,0,0,0,0,0,0,0,0,0,8
770,139000,70528,8968,40,16,16,3840.0,640,16.0,368,368,5208.0,0,0,0,0,8,0,0,0,0,0,0,0,0,0,0,8
771,172500,89472,13464,48,16,16,3520.0,1944,20.0,248,248,5808.0,0,0,0,0,8,0,0,0,0,0,0,0,0,0,0,8
772,113500,93000,8416,40,16,16,5344.0,1720,12.0,336,336,4216.0,0,0,0,0,0,0,0,0,0,0,0,0,0,0,0,8
773,130000,62400,7192,40,16,24,2304.0,512,8.0,336,40,3600.0,0,0,0,0,8,0,0,0,0,0,0,0,0,0,0,8
774,149900,64112,8272,48,16,16,4032.0,0,12.0,248,248,3648.0,0,0,0,0,8,0,0,0,0,0,0,0,0,0,0,8
775,134900,58016,6864,40,16,16,4608.0,960,16.0,216,216,5480.0,0,0,0,0,8,0,0,0,0,0,0,0,0,0,0,8
776,137000,69920,6880,40,16,16,4224.0,0,16.0,216,216,5376.0,0,0,0,0,8,0,0,0,0,0,0,0,0,0,0,8
777,139000,92928,8736,40,16,16,2304.0,1312,12.0,376,376,6720.0,0,0,0,0,8,0,0,0,0,0,0,0,0,0,0,8
778,165000,123200,14192,40,16,16,3072.0,2640,16.0,384,384,0.0,0,0,0,0,8,0,0,0,0,0,0,0,0,0,0,8
779,148000,122496,9104,48,16,16,3840.0,1120,12.0,392,392,4704.0,0,0,0,0,8,0,8,0,0,0,0,0,0,0,0,0
780,165000,327264,43491,105,42,42,7056.0,3339,42.0,1113,1113,0.0,0,0,0,0,21,0,0,0,0,0,0,0,0,0,0,21
781,63900,72000,5280,16,16,8,0.0,800,8.0,496,472,0.0,0,0,0,0,8,0,0,0,0,0,0,0,0,0,0,8
782,161500,236250,37548,84,42,42,6384.0,2520,42.0,1092,420,0.0,0,0,0,0,21,0,0,0,0,0,0,0,0,0,0,21
783,143000,526995,30933,105,42,84,9492.0,2268,63.0,861,126,27804.0,0,0,0,0,0,21,0,0,0,0,0,0,0,0,0,21
784,135000,102840,7374,24,12,12,1704.0,0,6.0,318,318,6354.0,0,0,0,0,6,0,0,0,0,0,0,0,0,0,0,6
785,82500,74052,5166,24,12,12,3234.0,948,6.0,414,354,1572.0,0,0,0,0,6,0,0,0,0,0,0,0,0,0,0,6
786,190000,224868,39207,105,63,42,6363.0,12978,42.0,1134,336,24087.0,0,0,0,0,21,0,21,0,0,0,0,0,0,0,0,0
787,139600,82080,10398,18,12,12,2712.0,0,12.0,324,324,0.0,0,0,0,0,6,0,0,0,0,0,0,0,0,0,0,6
788,122000,93810,8298,24,12,12,2988.0,1200,6.0,330,330,0.0,0,0,0,0,6,0,0,0,0,0,0,0,0,0,0,6
789,127500,59130,10134,36,12,12,2880.0,0,6.0,318,318,0.0,0,0,0,0,6,0,6,0,0,0,0,0,0,0,0,0
790,121500,57426,6438,30,12,12,2040.0,0,12.0,318,318,1542.0,0,0,0,0,6,0,0,0,0,0,0,0,0,0,0,6
791,60000,57426,7656,30,12,12,2100.0,0,6.0,306,306,0.0,0,0,0,0,0,0,6,0,0,0,0,0,0,0,0,0
792,154400,56100,9834,36,12,18,1440.0,300,9.0,378,354,2052.0,0,0,0,0,6,0,0,0,0,0,0,0,0,0,0,6
793,113000,56040,4032,24,12,12,1404.0,678,12.0,408,354,2064.0,0,0,0,0,6,0,0,0,0,0,0,0,0,0,0,6
794,125000,44640,6534,30,12,12,1512.0,1968,12.0,330,330,1038.0,0,0,0,0,6,0,0,0,0,0,0,0,0,0,0,6
795,84000,69000,5070,24,12,12,1740.0,1116,6.0,312,312,0.0,0,0,0,0,6,0,0,0,0,0,0,0,0,0,0,6
796,139500,25410,6294,30,18,18,1596.0,630,18.0,150,150,5670.0,0,0,0,0,6,0,0,0,0,0,0,0,0,0,0,6
797,131000,68454,10296,30,12,12,1686.0,960,9.0,360,6,1752.0,0,0,0,0,6,0,0,0,0,0,0,0,0,0,0,6
798,105000,54360,7548,36,12,12,1680.0,0,6.0,420,354,1224.0,0,0,0,0,6,0,0,0,0,0,0,0,0,0,0,6
799,108000,54504,9060,24,12,12,1776.0,720,12.0,414,354,0.0,0,0,0,0,6,0,0,0,0,0,0,0,0,0,0,6
800,162000,150892,14854,98,42,42,6468.0,2100,35.0,266,252,10444.0,0,0,0,0,14,0,0,0,0,0,0,0,0,0,0,14
801,156500,269570,18732,84,42,42,8064.0,0,21.0,364,364,7280.0,0,0,0,0,14,0,0,0,0,0,0,0,0,0,0,14
802,316600,172578,29848,112,42,42,8568.0,5446,35.0,364,0,20174.0,0,0,0,0,14,0,0,0,0,0,0,0,0,0,0,14
803,271900,205576,30744,98,42,42,9814.0,2156,28.0,266,252,9268.0,0,0,0,0,14,0,0,0,0,0,0,0,0,0,0,14
804,213000,130438,24850,98,42,42,5950.0,6972,49.0,224,224,7182.0,0,0,0,0,14,0,0,0,0,0,0,0,0,0,0,14
805,239900,147840,26306,98,42,42,6622.0,9016,49.0,224,210,6636.0,0,0,0,0,14,0,0,0,0,0,0,0,0,0,0,14
806,239500,137592,28280,112,42,42,6524.0,2170,35.0,196,196,8176.0,0,0,0,0,14,0,0,0,0,0,0,0,0,0,0,14
807,131000,369600,28224,70,42,28,8064.0,0,14.0,1806,28,0.0,0,0,0,0,14,0,0,0,0,0,0,0,0,0,0,14
808,118964,98252,21490,70,28,28,5740.0,0,28.0,420,420,0.0,0,0,0,14,0,0,0,0,0,0,0,0,0,0,0,14
809,153337,98252,17136,70,28,28,7392.0,1680,42.0,420,420,15204.0,0,0,0,14,0,0,0,0,0,0,0,0,0,0,0,14
810,147983,98252,31192,70,28,28,10080.0,1022,28.0,420,420,0.0,0,0,0,14,0,0,0,0,0,0,0,0,0,0,0,14
811,118858,98252,21490,70,28,28,5600.0,0,28.0,420,420,0.0,0,0,0,14,0,0,0,0,0,0,0,0,0,0,0,14
812,118858,98252,21490,70,28,28,5600.0,0,28.0,420,420,0.0,0,0,0,14,0,0,0,0,0,0,0,0,0,0,0,14
813,142953,98252,31360,70,28,28,7392.0,2156,28.0,420,420,0.0,0,0,0,14,0,0,0,0,0,0,0,0,0,0,0,14
814,148325,98560,17206,70,28,42,9408.0,1680,42.0,420,420,15316.0,0,0,0,14,0,0,0,0,0,0,0,0,0,0,0,14
815,113722,98098,21182,70,28,28,5600.0,0,28.0,420,420,0.0,0,0,0,14,0,0,0,0,0,0,0,0,0,0,0,14
816,269500,165970,39018,98,28,28,11480.0,4368,98.0,126,126,11480.0,0,0,0,0,14,0,0,0,0,0,0,0,0,0,0,14
817,269500,111146,39018,98,28,28,11480.0,4368,98.0,126,126,11480.0,0,0,0,0,14,0,0,0,0,0,0,0,0,0,0,14
818,269500,111664,39018,98,28,28,11480.0,4368,98.0,126,126,11480.0,0,0,0,0,14,0,0,0,0,0,0,0,0,0,0,14
819,323262,207727,31920,171,76,76,21622.0,3971,47.5,0,0,19399.0,0,0,0,0,0,19,0,0,0,0,0,0,19,0,0,0
820,297000,202103,32642,152,57,57,15694.0,4788,57.0,38,19,24472.0,0,0,0,0,19,0,0,0,0,0,0,0,0,0,0,19
821,295493,194294,30970,152,57,76,16340.0,4066,57.0,19,19,0.0,0,0,0,0,19,0,0,0,0,0,0,0,0,0,0,19
822,332000,205504,32680,171,76,76,16074.0,5928,57.0,19,19,20976.0,0,0,0,0,19,0,0,0,0,0,0,0,0,0,0,19
823,239900,174382,27892,152,57,57,17176.0,6346,38.0,19,19,0.0,0,0,0,0,19,0,0,0,0,0,0,0,0,0,0,19
824,212000,204611,33592,152,57,57,10982.0,4731,47.5,38,38,380.0,0,0,0,0,19,0,0,0,0,0,0,0,0,0,0,19
825,272500,217018,34922,152,57,57,9956.0,7144,57.0,38,19,25821.0,0,0,0,0,19,0,0,0,0,0,0,0,0,0,0,19
826,239000,226537,34200,171,57,76,13338.0,8056,38.0,38,38,0.0,0,0,0,0,19,0,0,0,0,0,0,0,0,0,0,19
827,220000,167466,30476,133,57,57,12540.0,4427,66.5,57,57,25346.0,0,0,0,0,0,0,0,0,0,0,0,0,0,0,0,19
828,200000,128478,24510,133,57,57,12578.0,3192,57.0,38,38,17138.0,0,0,0,0,19,0,0,0,0,0,0,0,0,0,0,19
829,221800,196156,23826,152,57,57,15390.0,4940,57.0,19,19,16568.0,0,0,0,0,19,0,0,0,0,0,0,0,0,0,0,19
830,194500,138966,23408,133,57,57,12008.0,2508,57.0,38,38,13756.0,0,0,0,0,19,0,0,0,0,0,0,0,0,0,0,19
831,237000,221255,28462,152,57,57,16036.0,4598,38.0,76,57,456.0,0,0,0,0,19,0,0,0,0,0,0,0,0,0,0,19
832,173000,221274,27018,114,57,57,8360.0,1216,47.5,76,57,0.0,0,0,0,0,19,0,0,0,0,0,0,0,0,0,0,19
833,275000,179200,23016,98,42,42,7966.0,6664,49.0,280,280,21252.0,0,0,0,0,14,0,0,0,0,0,0,0,0,0,0,14
834,233500,350658,36939,147,63,63,11025.0,7203,73.5,357,336,16800.0,0,0,0,0,21,0,0,0,0,0,0,0,0,0,0,21
835,185000,602658,44646,105,42,42,11298.0,14931,63.0,882,882,21273.0,0,0,0,0,0,0,0,0,0,0,0,0,0,0,0,21
836,152000,236816,19760,95,38,57,10944.0,3192,38.0,247,247,13908.0,0,0,0,0,19,0,0,0,0,0,0,0,0,0,0,19
837,143000,185383,18810,95,38,38,8360.0,3002,38.0,285,285,14345.0,0,0,0,0,19,0,0,0,0,0,0,0,0,0,0,19
838,231500,293094,33516,114,38,57,8930.0,7125,66.5,228,228,15599.0,0,0,0,0,19,0,0,0,0,0,0,0,0,0,0,19
839,212000,202673,31559,133,57,57,10450.0,4161,66.5,247,247,13851.0,0,0,0,0,19,0,0,0,0,0,0,19,0,0,0,0
840,207000,280307,27797,133,38,38,10241.0,1539,57.0,209,209,18050.0,0,0,0,0,19,0,0,0,0,0,0,0,0,0,0,19
841,145000,206321,20843,95,38,38,12768.0,8664,28.5,285,266,0.0,0,0,0,0,19,0,0,0,0,0,0,0,0,0,0,19
842,138000,153368,18810,95,38,38,9120.0,1216,38.0,285,266,14174.0,0,0,0,0,19,0,0,0,0,0,0,0,0,0,0,19
843,197900,197600,33801,133,38,57,10374.0,4446,47.5,209,209,0.0,0,0,0,0,19,0,0,0,0,0,0,0,0,0,0,19
844,204000,196365,28519,133,57,57,10963.0,3287,57.0,190,190,12901.0,0,0,0,0,19,0,0,0,0,0,0,0,0,0,0,19
845,192000,171323,27189,133,57,57,12654.0,665,57.0,190,190,10640.0,0,0,0,0,19,0,0,0,0,0,0,0,0,0,0,19
846,200000,166250,33668,114,38,38,9348.0,4674,66.5,209,209,11514.0,0,0,0,0,19,0,0,0,0,0,0,0,0,0,0,19
847,195000,169765,31540,133,57,57,9367.0,4028,47.5,133,133,0.0,0,0,0,0,19,0,0,0,0,0,0,0,0,0,0,19
848,227000,186352,29887,133,57,57,10336.0,1368,57.0,133,133,14972.0,0,0,0,0,19,0,0,0,0,0,0,0,0,0,0,19
849,230000,235980,34960,133,57,57,11818.0,855,66.5,152,152,12654.0,0,0,0,0,19,0,0,0,0,0,0,0,0,0,0,19
850,187100,309415,27170,133,57,57,11495.0,627,38.0,152,133,0.0,0,0,0,0,19,0,0,0,0,0,0,0,0,0,0,19
851,203000,204041,27436,133,57,57,10963.0,3496,57.0,133,152,23921.0,0,0,0,0,19,0,0,0,0,0,0,0,0,0,0,19
852,201000,212154,28348,133,57,57,11552.0,5358,38.0,152,152,456.0,0,0,0,0,0,0,0,0,0,0,0,0,0,0,0,19
853,124000,160170,19760,95,38,38,0.0,0,38.0,589,589,11704.0,0,0,0,0,19,0,0,0,0,0,0,0,0,0,0,19
854,140000,309111,17233,95,38,38,6517.0,1368,19.0,589,589,11875.0,0,0,0,0,19,0,0,0,0,0,0,0,0,0,0,19
855,134900,132050,17366,95,38,38,8436.0,0,38.0,570,570,14858.0,0,0,0,0,19,0,0,0,0,0,0,0,0,0,0,19
856,150500,167200,19760,95,38,57,9196.0,5472,38.0,608,19,12844.0,0,0,0,0,19,0,0,0,0,0,0,0,0,0,0,19
857,136500,133000,16416,95,57,38,6384.0,0,38.0,589,76,12274.0,0,0,0,0,19,0,0,0,0,0,0,0,0,0,0,19
858,143500,176434,24092,95,38,57,4788.0,3287,28.5,608,380,3724.0,0,0,0,0,19,0,0,0,0,0,0,0,0,0,0,19
859,133500,294937,16416,95,38,38,6422.0,0,38.0,703,703,8740.0,0,0,0,0,19,0,0,0,0,0,0,0,0,0,0,19
860,123000,136800,16986,95,38,38,11400.0,4085,19.0,703,703,14763.0,0,0,0,0,19,0,0,0,0,0,0,0,0,0,0,19
861,133900,136800,14592,95,38,38,7524.0,3648,28.5,703,114,12540.0,0,0,0,0,19,0,0,0,0,0,0,0,0,0,0,19
862,133000,160455,14592,95,38,38,7524.0,1102,38.0,703,38,12464.0,0,0,0,0,19,0,0,0,0,0,0,0,0,0,0,19
863,250000,221616,30609,133,57,57,23389.0,6745,57.0,133,133,23446.0,0,0,0,0,19,0,0,0,0,0,0,0,0,0,0,19
864,254750,234346,41496,152,57,57,10830.0,6156,47.5,114,114,0.0,0,0,0,0,19,0,0,0,0,0,0,0,0,0,0,19
865,236500,224922,33972,152,57,76,9918.0,6707,38.0,152,152,0.0,0,0,0,0,19,0,0,0,0,0,0,0,0,0,0,19
866,261500,225815,35568,152,57,76,10089.0,5358,66.5,152,152,18810.0,0,0,0,0,19,0,0,0,0,0,0,0,0,0,0,19
867,313000,209950,40907,171,57,76,13984.0,7505,66.5,171,171,17176.0,0,0,0,0,19,0,0,0,0,0,0,0,0,0,0,19
868,198500,166231,32775,133,57,57,10450.0,912,47.5,133,133,0.0,0,0,0,0,19,0,0,0,0,0,0,0,0,0,0,19
869,211000,213750,35530,133,57,57,11552.0,5681,47.5,152,152,0.0,0,0,0,0,19,0,0,0,0,0,0,0,0,0,0,19
870,220000,299250,28747,152,57,57,9899.0,3211,57.0,190,171,23674.0,0,0,0,0,19,0,0,0,0,0,0,0,0,0,0,19
871,203000,225777,28576,133,57,57,9082.0,3439,57.0,247,247,13110.0,0,0,0,0,19,0,0,0,0,0,0,0,0,0,0,19
872,279500,242858,34732,152,57,57,9937.0,6422,57.0,133,114,25840.0,0,0,0,0,19,0,0,0,0,0,0,0,0,0,0,19
873,210000,166250,26923,133,57,57,9709.0,3363,57.0,228,209,21109.0,0,0,0,0,19,0,0,0,0,0,0,0,0,0,0,19
874,219500,178125,38646,133,38,57,12255.0,11628,66.5,228,209,14041.0,0,0,0,0,19,0,0,0,0,0,0,0,0,0,0,19
875,191000,166250,32604,133,57,57,9728.0,2280,47.5,247,247,0.0,0,0,0,0,19,0,0,0,0,0,0,0,0,0,0,19
876,178000,172900,23028,133,57,57,10887.0,6764,38.0,152,152,0.0,0,0,0,0,19,0,0,0,0,0,0,0,0,0,0,19
877,213000,185250,30970,133,57,57,8569.0,5852,38.0,171,152,0.0,0,0,0,0,19,0,0,0,0,0,0,0,0,0,0,19
878,144000,84265,16112,114,57,57,7980.0,2660,38.0,114,95,13015.0,0,0,0,0,19,0,0,0,0,0,0,0,0,0,0,19
879,140000,84265,16112,114,57,57,7980.0,2660,38.0,114,114,13015.0,0,0,0,0,19,0,0,0,0,0,0,0,0,0,0,19
880,293200,193800,30438,152,57,57,15390.0,4617,57.0,38,38,28082.0,0,0,0,0,19,0,0,0,0,0,0,0,0,0,0,19
881,190000,176947,32832,133,57,57,10868.0,4617,47.5,95,95,0.0,0,0,0,0,19,0,0,0,0,0,0,0,0,0,0,19
882,190000,161253,28500,133,57,57,10830.0,4332,38.0,95,95,380.0,0,0,0,0,19,0,0,0,0,0,0,0,0,0,0,19
883,173500,164027,28044,114,57,57,10260.0,2565,66.5,76,76,3667.0,0,0,0,0,19,0,0,0,0,0,0,0,0,0,0,19
884,170000,210311,26524,114,57,57,8360.0,2584,47.5,38,38,0.0,0,0,0,0,19,0,0,0,0,0,0,0,0,0,0,19
885,108000,52662,6756,24,12,18,3120.0,576,12.0,360,36,0.0,0,0,0,0,6,0,0,0,0,0,0,0,0,0,0,6
886,167000,59622,8916,30,12,12,2880.0,0,12.0,270,60,3822.0,0,0,0,0,6,0,0,0,0,0,0,0,0,0,0,6
887,100000,53262,4896,24,12,12,1728.0,0,12.0,426,306,4140.0,0,0,0,0,6,0,0,0,0,0,0,0,0,0,0,6
888,198500,43806,11532,42,18,18,4032.0,1062,18.0,36,36,0.0,0,0,0,0,6,0,0,0,0,6,0,0,0,0,0,0
889,159500,47700,8556,36,12,12,2640.0,1512,9.0,192,192,3210.0,0,0,0,0,6,0,0,0,0,0,0,0,0,0,0,6
890,127000,64092,6894,24,12,12,3264.0,1440,12.0,294,228,2394.0,0,0,0,0,6,0,0,0,0,0,0,0,0,0,0,6
891,125000,43200,6750,36,12,12,2112.0,1776,12.0,198,198,3786.0,0,0,0,0,0,0,0,0,0,0,0,0,0,0,0,6
892,320000,79716,10188,54,24,24,4608.0,2346,18.0,12,6,7404.0,0,0,0,0,6,0,0,0,0,0,0,0,0,0,0,6
893,145500,22050,6432,36,12,12,3150.0,168,12.0,24,18,3282.0,0,0,0,0,6,0,0,0,0,0,0,0,0,0,0,6
894,118000,56430,4188,30,12,12,0.0,1200,9.0,372,6,0.0,0,0,0,0,6,0,0,0,0,0,0,0,0,0,0,6
895,85000,38460,5256,24,12,12,1920.0,0,6.0,300,300,3450.0,0,0,0,0,6,0,0,0,0,0,0,0,0,0,0,6
896,120000,70602,8208,30,12,12,1170.0,1512,12.0,354,354,6468.0,0,0,0,0,6,0,0,0,0,0,0,0,0,0,0,6
897,98000,50430,9174,24,12,12,1440.0,1662,12.0,384,354,0.0,0,0,0,0,6,0,0,0,0,0,0,0,0,0,0,6
898,99900,24360,5184,30,12,12,0.0,576,6.0,522,354,0.0,0,0,0,0,6,0,0,0,0,0,0,0,0,0,0,6
899,82000,61236,5664,18,12,6,3168.0,0,6.0,342,342,0.0,0,0,0,0,6,0,0,0,0,0,0,0,0,0,0,6
900,119900,65556,10068,30,12,12,0.0,0,12.0,300,300,0.0,0,0,0,0,6,0,0,0,0,0,0,0,0,0,0,6
901,103500,70602,9360,30,12,12,1878.0,0,6.0,318,318,3276.0,0,0,0,0,6,0,0,0,0,0,0,0,0,0,0,6
902,112000,53556,5760,24,12,12,1728.0,1344,6.0,318,318,0.0,0,0,0,0,0,0,6,0,0,0,0,0,0,0,0,0
903,110000,74124,7176,36,12,18,3168.0,276,6.0,534,54,0.0,0,0,0,0,6,0,0,0,0,0,6,0,0,0,0,0
904,122000,49272,7788,30,12,12,1536.0,504,6.0,408,354,3756.0,0,0,0,0,6,0,0,0,0,0,0,0,0,0,0,6
905,117000,65988,9624,30,12,12,3960.0,408,12.0,408,294,4968.0,0,0,0,0,6,0,0,0,0,0,0,0,0,0,0,6
906,160000,44100,8876,35,14,14,1750.0,385,10.5,497,413,5824.0,0,0,0,0,0,0,0,0,0,0,0,0,0,0,0,7
907,159434,31500,10640,35,14,14,1967.0,392,7.0,539,63,1274.0,0,0,0,0,0,0,0,0,0,0,0,0,0,0,0,7
908,60000,58800,3066,14,14,7,1722.0,0,7.0,623,413,2030.0,0,0,0,0,7,0,0,0,0,0,0,0,0,0,0,7
909,139500,69300,10423,42,14,14,1680.0,2345,14.0,483,413,0.0,0,0,0,0,7,0,0,0,0,0,0,0,0,0,0,7
910,197000,111041,21574,49,14,14,4704.0,1393,24.5,623,273,3661.0,0,0,0,0,7,0,0,0,0,0,0,0,0,0,0,7
911,105000,39949,8694,42,14,14,1260.0,2975,10.5,518,413,0.0,0,0,0,0,7,0,0,0,0,0,0,0,0,0,0,7
912,135000,54628,13867,28,14,21,4032.0,3325,21.0,567,413,4354.0,0,0,0,0,7,0,0,0,0,0,0,0,0,0,0,7
913,147500,171480,24640,120,60,60,8800.0,3600,20.0,1860,180,0.0,0,0,0,0,20,0,0,0,0,0,0,0,0,0,0,20
914,137450,43197,11256,42,14,21,1512.0,1141,17.5,588,133,1848.0,0,0,0,0,7,0,0,0,0,0,0,0,0,0,0,7
915,155000,50400,7945,49,21,21,4032.0,1792,14.0,511,14,3920.0,0,0,0,0,7,0,0,0,0,0,0,0,0,0,0,7
916,177000,151160,38260,120,40,40,6840.0,0,30.0,1620,1180,0.0,0,0,0,0,20,0,0,0,0,0,0,0,0,0,0,20
917,145000,44044,10339,49,14,14,1512.0,350,17.5,567,413,0.0,0,0,0,0,7,0,0,0,0,0,0,0,0,0,0,7
918,137000,143100,24560,140,40,40,4300.0,6160,20.0,1820,380,0.0,0,0,0,0,20,0,0,0,0,0,0,0,0,0,0,20
919,234000,218360,41600,140,60,60,5640.0,2900,30.0,1660,100,0.0,0,0,0,0,20,0,0,0,0,0,0,0,0,0,0,20
920,205000,273600,31340,100,40,40,8800.0,3420,50.0,1380,1180,14560.0,0,0,0,0,20,0,0,0,0,0,0,0,0,0,0,20
921,177500,150000,29880,120,40,60,4260.0,4480,20.0,1340,1180,10940.0,0,0,0,0,20,0,0,0,0,0,0,0,0,0,0,20
922,160000,192000,26160,100,60,40,5120.0,1400,50.0,1380,1180,8560.0,0,0,0,0,20,0,0,0,0,0,0,0,0,0,0,20
923,155000,293600,25460,100,40,40,6140.0,11960,20.0,980,980,15860.0,0,0,0,0,20,0,0,0,0,0,0,0,0,0,0,20
924,163500,267200,19280,100,40,40,8640.0,880,40.0,1760,60,14260.0,0,0,0,0,20,0,0,0,0,0,0,0,0,0,0,20
925,154900,153620,26860,100,40,40,3720.0,5880,30.0,1760,1180,0.0,0,0,0,0,20,0,0,0,0,0,0,0,0,0,0,20
926,205000,162900,49600,140,40,40,8000.0,1140,50.0,1380,1180,4920.0,0,0,0,0,20,0,0,0,0,0,0,0,0,0,0,20
927,144800,182000,22240,100,40,40,7800.0,0,40.0,1100,1100,16960.0,0,0,0,0,0,0,0,0,0,0,0,0,0,0,0,20
928,174500,240000,31280,140,40,20,4680.0,0,30.0,1360,1180,5500.0,0,0,0,0,20,0,0,0,0,0,0,0,0,0,0,20
929,193000,266780,31220,120,40,40,9260.0,5360,60.0,980,980,18800.0,0,0,0,0,20,0,0,0,0,0,0,0,0,0,0,20
930,158000,312000,30460,100,40,20,5900.0,1620,60.0,1200,80,16380.0,0,0,0,0,20,0,0,0,0,0,0,0,0,0,0,20
931,158500,280000,23040,120,40,60,6000.0,720,30.0,1180,100,0.0,0,0,0,0,0,0,0,0,0,0,0,0,0,0,0,20
932,224000,350000,38120,120,40,40,11520.0,4020,50.0,1100,1100,24380.0,0,0,0,0,20,0,0,0,0,0,0,0,0,0,0,20
933,115000,19063,11352,66,22,22,4972.0,3069,11.0,319,319,0.0,0,0,0,0,11,0,0,0,0,0,0,0,0,0,0,11
934,137000,16368,13519,66,22,33,5082.0,1936,27.5,319,187,5181.0,0,0,0,0,11,0,0,0,0,0,0,0,0,0,0,11
935,121000,17732,13519,66,22,22,5082.0,1694,16.5,319,319,0.0,0,0,0,0,11,0,0,0,0,0,0,0,0,0,0,11
936,124000,14300,13519,66,22,22,5082.0,1650,16.5,319,319,3135.0,0,0,0,0,11,0,0,0,0,0,0,0,0,0,0,11
937,208000,272140,39640,120,40,40,10020.0,10240,70.0,460,460,9080.0,0,0,0,0,20,0,0,0,0,0,0,0,0,0,0,20
938,315000,351940,47300,140,60,80,11020.0,6880,60.0,760,0,24440.0,0,0,0,0,20,0,0,0,0,0,0,0,0,0,0,20
939,222000,433900,33600,120,60,60,10800.0,10360,60.0,420,40,16160.0,0,0,0,0,20,0,0,0,0,0,0,0,0,0,0,20
940,147000,21380,2688,10,4,4,936.0,692,2.0,178,24,912.0,0,0,0,0,2,0,0,0,0,0,0,0,0,0,0,2
941,123000,17320,4336,10,4,6,1152.0,1410,4.0,218,32,0.0,0,0,0,0,2,0,0,0,0,0,0,0,0,0,0,2
942,78000,12804,2384,10,4,4,378.0,274,2.0,178,118,0.0,0,0,0,0,2,0,0,0,0,0,0,0,0,0,0,2
943,85000,16940,3052,6,2,2,0.0,312,2.0,188,54,0.0,0,0,0,0,0,0,0,0,0,2,0,0,0,0,0,0
944,75000,20400,1144,8,4,4,400.0,144,2.0,168,118,0.0,0,0,0,0,2,0,0,0,0,0,0,0,0,0,0,2
945,230000,76860,32960,160,80,80,9640.0,7360,70.0,40,20,29520.0,0,0,0,0,0,20,0,0,0,0,0,0,20,0,0,0
946,57625,43560,1620,4,2,4,560.0,286,2.0,198,118,0.0,0,0,0,0,2,0,0,0,0,2,0,0,0,0,0,0
947,251000,131625,26676,104,39,39,8346.0,3913,32.5,117,104,9035.0,0,0,0,0,13,0,0,0,0,0,0,0,0,0,0,13
948,239686,166686,27937,91,39,39,8710.0,5317,32.5,78,78,17563.0,0,0,0,0,0,0,0,0,0,0,0,0,0,0,0,13
949,240000,157534,22230,91,39,39,7150.0,4264,26.0,65,52,0.0,0,0,0,0,13,0,0,0,0,0,0,0,0,0,0,13
950,215000,158717,25493,78,26,39,7280.0,4121,45.5,104,91,8970.0,0,0,0,0,13,0,0,0,0,0,0,0,0,0,0,13
951,156450,126750,12038,78,26,26,4563.0,4147,26.0,416,416,9971.0,0,0,0,0,13,0,0,0,0,0,0,0,0,0,0,13
952,173000,121680,16731,78,26,26,7033.0,5993,32.5,416,416,12441.0,0,0,0,0,13,0,0,0,0,0,0,0,0,0,0,13
953,126000,131625,22542,65,26,39,7007.0,0,26.0,416,416,0.0,0,0,0,0,13,0,13,0,0,0,0,0,0,0,0,0
954,173000,129311,15821,91,26,39,6461.0,2535,39.0,247,234,7943.0,0,0,0,0,13,0,0,0,0,0,0,0,0,0,0,13
955,152000,143910,20735,65,26,26,8736.0,0,39.0,234,234,715.0,0,0,0,0,0,0,13,0,0,0,0,0,0,0,0,0
956,137500,330625,30912,138,46,69,12075.0,8073,34.5,1173,1173,10695.0,0,0,0,0,0,0,23,0,0,0,0,0,0,0,0,0
957,375000,4950635,46828,161,46,46,11799.0,0,92.0,1012,1012,47288.0,0,0,0,0,23,0,0,0,0,0,0,0,0,0,0,23
958,315500,296654,37260,207,69,92,20976.0,5244,69.0,46,23,23506.0,0,0,0,0,23,0,0,0,0,0,0,0,0,0,0,23
959,224500,302657,38916,161,46,69,14950.0,7406,57.5,0,0,0.0,0,0,0,0,0,23,0,0,0,0,0,0,23,0,0,0
960,410000,309074,46828,207,92,92,17940.0,5612,69.0,23,23,40434.0,0,0,0,0,23,0,0,0,0,0,0,0,0,0,0,23
961,316500,332649,37743,207,92,92,20355.0,2185,69.0,23,23,25645.0,0,0,0,0,23,0,0,0,0,0,0,0,0,0,0,23
962,201000,205275,33718,184,69,69,14030.0,2714,46.0,46,46,368.0,0,0,0,0,23,0,0,0,0,0,0,0,0,0,0,23
963,175000,263511,32476,138,46,69,13248.0,3887,69.0,483,483,23115.0,0,0,0,0,23,0,0,0,0,0,0,0,0,0,0,23
964,204000,226297,51451,138,46,69,10120.0,7567,57.5,667,69,10626.0,0,0,0,0,23,0,0,0,0,0,0,0,0,0,0,23
965,213500,331637,34017,161,46,69,13294.0,10626,103.5,506,460,35144.0,0,0,0,0,23,0,0,0,0,0,0,0,0,0,0,23
966,220000,157619,29808,184,69,69,10833.0,4991,69.0,184,161,23115.0,0,0,0,0,23,0,0,0,0,0,0,0,0,0,0,23
967,170000,210611,46322,161,69,69,11178.0,5474,57.5,138,138,0.0,0,0,0,0,0,0,0,0,0,0,0,0,0,0,0,23
968,315000,335823,42274,207,92,92,17595.0,7774,69.0,69,69,28980.0,0,0,0,0,23,0,0,0,0,0,0,0,0,0,0,23
969,425000,290559,45494,207,92,92,21160.0,8280,69.0,46,46,37720.0,0,0,0,0,23,0,0,0,0,0,0,0,0,0,0,23
970,139500,162734,13104,65,26,39,4992.0,1872,13.0,533,533,6916.0,0,0,0,0,13,0,0,0,0,0,0,0,0,0,0,13
971,115000,282750,23023,65,26,26,4368.0,0,13.0,637,39,0.0,0,0,0,0,13,0,0,0,0,0,0,0,0,0,0,13
972,162000,58500,15652,78,26,26,5356.0,3211,39.0,143,143,11258.0,0,0,0,0,13,0,0,0,0,0,0,0,0,0,0,13
973,165000,58500,15912,78,26,26,5226.0,3952,39.0,130,130,11479.0,0,0,0,0,13,0,0,0,0,0,0,0,0,0,0,13
974,91000,1596,988,4,2,2,297.0,221,2.0,36,36,462.0,0,0,0,0,1,0,0,0,0,0,0,0,0,0,0,1
975,130000,128154,11362,65,26,26,3744.0,429,26.0,533,533,6630.0,0,0,0,0,13,0,0,0,0,0,0,0,0,0,0,13
976,86000,1526,630,4,2,3,286.0,0,2.0,39,7,515.0,0,0,0,0,1,0,0,0,0,0,0,0,0,0,0,1
977,160000,173979,18252,65,26,26,6552.0,208,26.0,520,117,7722.0,0,0,0,0,13,0,0,0,0,0,0,0,0,0,0,13
978,80000,1477,630,4,2,2,286.0,0,2.0,39,39,509.0,0,0,0,0,1,0,0,0,0,0,0,0,0,0,0,1
979,97000,1533,1344,4,2,2,0.0,0,1.5,39,1,0.0,0,0,0,0,1,0,0,0,0,0,0,0,0,0,0,1
980,88000,2217,1092,4,2,2,286.0,238,1.5,39,39,546.0,0,0,0,0,1,0,0,0,0,0,0,0,0,0,0,1
981,131900,99957,10348,65,26,26,4368.0,1794,19.5,481,481,10348.0,0,0,0,0,13,0,0,0,0,0,0,0,0,0,0,13
982,131250,100178,14183,78,26,26,5577.0,3640,19.5,208,169,4992.0,0,0,0,0,13,0,0,0,0,0,0,0,0,0,0,13
983,165500,118313,14430,65,26,39,7826.0,4329,26.0,403,403,14261.0,0,0,0,0,13,0,0,0,0,0,0,0,0,0,0,13
984,112000,114140,10829,65,26,26,0.0,0,26.0,312,312,8125.0,0,0,0,0,13,0,0,0,0,0,0,0,0,0,0,13
985,149000,99697,11479,65,26,26,9074.0,1716,26.0,221,208,10764.0,0,0,0,0,13,0,0,0,0,0,0,0,0,0,0,13
986,143000,183495,17706,65,26,26,6240.0,5070,32.5,208,182,9516.0,0,0,0,0,13,0,0,0,0,0,0,0,0,0,0,13
987,130000,135577,16731,65,26,26,5720.0,1950,19.5,221,221,4290.0,0,0,0,0,13,0,0,0,0,0,0,0,0,0,0,13
988,196000,127647,20371,78,26,39,9282.0,3848,39.0,416,416,20371.0,0,0,0,0,13,0,0,0,0,0,0,0,0,0,0,13
989,173000,135941,21216,65,39,26,11674.0,7033,19.5,520,520,10192.0,0,0,0,0,13,0,0,0,0,0,0,0,0,0,0,13
990,176500,132348,16968,72,48,24,7212.0,2892,24.0,600,72,11268.0,0,0,0,0,12,0,0,0,0,0,0,0,0,0,0,12
991,237500,155100,25404,72,24,24,6600.0,504,30.0,456,456,10380.0,0,0,0,0,12,0,0,0,0,0,0,0,0,0,0,12
992,206900,132900,25344,72,24,24,6912.0,3360,30.0,468,468,9312.0,0,0,0,0,12,0,0,0,0,0,0,0,0,0,0,12
993,187500,139232,25664,96,32,32,7520.0,576,40.0,176,160,11296.0,0,0,0,0,16,0,0,0,0,0,0,0,0,0,0,16
994,165000,130224,23520,96,32,32,6720.0,3856,40.0,208,192,7616.0,0,0,0,0,16,0,0,0,0,0,0,0,0,0,0,16
995,195500,152560,25664,96,32,32,7552.0,2912,40.0,160,160,13616.0,0,0,0,0,16,0,0,0,0,0,0,0,0,0,0,16
996,192000,144672,26208,96,32,32,7552.0,2208,56.0,160,160,13248.0,0,0,0,0,16,0,0,0,0,0,0,0,0,0,0,16
997,173000,240608,26176,96,32,32,6176.0,4032,40.0,192,192,2208.0,0,0,0,0,16,0,0,0,0,0,0,0,0,0,0,16
998,177900,226192,22144,80,48,48,6464.0,624,48.0,192,176,7200.0,0,0,0,0,16,0,0,0,0,0,0,0,0,0,0,16
999,175000,349952,23136,112,32,32,6496.0,4576,48.0,192,176,9664.0,0,0,0,0,16,0,0,0,0,0,0,0,0,0,0,16
1000,286000,137844,44604,224,84,112,19096.0,9632,70.0,196,168,32284.0,0,0,0,0,28,0,0,0,0,0,0,0,0,0,0,28
1001,247900,175392,47096,224,84,84,14784.0,0,70.0,308,308,18368.0,0,0,0,0,28,0,0,0,0,0,0,0,0,0,0,28
1002,180000,151060,37436,224,84,84,12936.0,9352,84.0,420,420,20524.0,0,0,0,0,28,0,0,0,0,0,0,0,0,0,0,28
1003,180000,141960,35840,224,84,84,14168.0,6328,56.0,448,448,0.0,0,0,0,0,28,0,0,0,0,0,0,0,0,0,0,28
1004,181000,173424,25664,96,32,32,7520.0,576,40.0,176,160,0.0,0,0,0,0,16,0,0,0,0,0,0,0,0,0,0,16
1005,183000,178944,26128,96,32,32,7360.0,624,40.0,160,160,0.0,0,0,0,0,0,0,0,0,0,0,0,0,0,0,0,16
1006,188000,128000,26528,96,32,32,6896.0,4928,56.0,208,192,3504.0,0,0,0,0,16,0,0,0,0,0,0,0,0,0,0,16
1007,194500,173312,30320,112,48,48,6544.0,3024,40.0,224,192,0.0,0,0,0,0,16,0,0,0,0,0,0,0,0,0,0,16
1008,185000,225072,27344,96,32,48,6656.0,640,56.0,272,272,8064.0,0,0,0,0,16,0,0,0,0,0,0,0,0,0,0,16
1009,189000,130788,34384,224,84,84,13216.0,8064,84.0,560,532,21476.0,0,0,0,0,28,0,0,0,0,0,0,0,0,0,0,28
1010,188500,166600,37436,224,84,84,12936.0,6356,84.0,532,532,8932.0,0,0,0,0,28,0,0,0,0,0,0,0,0,0,0,28
1011,355000,379204,70000,224,84,112,19124.0,6272,98.0,84,84,448.0,0,0,0,0,28,0,0,0,0,0,0,0,0,0,0,28
1012,325000,313544,70112,252,84,112,18368.0,5124,70.0,84,28,0.0,0,0,0,0,28,0,0,0,0,0,0,0,0,0,0,28
1013,387000,431228,52752,252,112,112,18760.0,8120,84.0,112,112,37436.0,0,0,0,0,28,0,0,0,0,0,0,0,0,0,0,28
1014,115000,499520,23584,96,32,32,7920.0,2304,16.0,896,896,0.0,0,0,0,0,16,0,0,0,0,0,0,0,0,0,0,16
1015,334000,227304,47880,252,112,112,15596.0,5712,84.0,28,28,28952.0,0,0,0,0,28,0,0,0,0,0,0,0,0,0,0,28
1016,133000,756480,23808,96,32,32,11808.0,2880,40.0,928,928,0.0,0,0,0,0,0,0,0,0,0,0,0,0,0,0,0,16
1017,215000,308160,31395,105,30,30,8130.0,6405,37.5,330,255,0.0,0,0,0,0,15,0,0,0,0,0,0,0,0,0,0,15
1018,226500,190200,25320,105,45,60,7920.0,2835,45.0,300,300,14745.0,0,0,0,0,15,0,0,0,0,0,0,0,0,0,0,15
1019,175500,181350,21330,90,30,45,8640.0,4140,30.0,405,405,12240.0,0,0,0,0,15,0,0,0,0,0,0,0,0,0,0,15
1020,181900,162375,18900,105,45,30,8970.0,2280,45.0,375,375,11205.0,0,0,0,0,15,0,0,0,0,0,0,0,0,0,0,15
1021,235000,278385,30960,105,45,45,8250.0,3000,45.0,450,450,20880.0,0,0,0,0,15,0,0,0,0,0,0,0,0,0,0,15
1022,220000,216750,26730,105,45,45,8265.0,7005,37.5,435,435,19695.0,0,0,0,0,15,0,0,0,0,0,0,0,0,0,0,15
1023,272000,183405,43080,90,30,30,9285.0,12480,52.5,465,195,13440.0,0,0,0,0,15,0,0,0,0,0,0,0,0,0,0,15
1024,161000,196020,18165,90,30,45,6915.0,2610,45.0,480,480,14070.0,0,0,0,0,15,0,0,0,0,0,0,0,0,0,0,15
1025,175000,234165,16890,75,30,60,8100.0,2700,37.5,465,465,12900.0,0,0,0,0,0,0,0,0,0,0,0,0,0,0,0,15
1026,185000,156000,30660,105,30,30,7335.0,1515,37.5,420,300,0.0,0,0,0,0,15,0,0,0,0,0,0,0,0,0,0,15
1027,146900,146145,19620,75,30,30,7260.0,0,22.5,585,585,4200.0,0,0,0,0,15,0,0,0,0,0,0,0,0,0,0,15
1028,292500,187665,42600,105,45,45,19710.0,3360,45.0,450,450,14820.0,0,0,0,0,15,0,0,0,0,0,0,0,0,0,0,15
1029,180000,170415,22845,90,30,30,7170.0,2835,37.5,480,480,9660.0,0,0,0,0,0,0,15,0,0,0,0,0,0,0,0,0
1030,159900,156000,21660,90,30,30,7095.0,360,30.0,480,480,0.0,0,0,0,0,15,0,0,0,0,0,0,0,0,0,0,15
1031,205000,157200,29460,105,30,30,7245.0,1035,37.5,480,480,6045.0,0,0,0,0,15,0,0,0,0,0,0,0,0,0,0,15
1032,157000,150000,17670,75,30,45,6585.0,3360,30.0,525,120,16260.0,0,0,0,0,15,0,0,0,0,0,0,0,0,0,0,15
1033,306000,214665,35100,120,45,45,11805.0,8850,52.5,180,180,15345.0,0,0,0,0,15,0,0,0,0,0,0,0,0,0,0,15
1034,133000,108000,21504,60,24,24,5760.0,540,36.0,408,408,0.0,0,0,0,0,12,0,0,0,0,0,0,0,0,0,0,12
1035,151000,117000,12648,72,24,24,5520.0,3120,30.0,468,468,12480.0,0,0,0,0,12,0,0,0,0,0,0,0,0,0,0,12
1036,111900,123540,11232,48,24,24,3456.0,192,12.0,468,468,3024.0,0,0,0,0,12,0,12,0,0,0,0,0,0,0,0,0
1037,123000,90720,10368,60,24,24,6912.0,0,24.0,444,444,8784.0,0,0,0,0,12,0,0,0,0,0,0,0,0,0,0,12
1038,111250,152820,10368,48,24,24,6912.0,2592,12.0,432,432,7200.0,0,0,0,0,12,0,12,0,0,0,0,0,0,0,0,0
1039,181000,48720,16044,72,36,36,6132.0,2544,36.0,120,108,3192.0,0,0,0,0,0,0,12,0,0,0,0,0,0,0,0,0
1040,103400,5040,2961,18,6,6,792.0,156,6.0,105,105,1374.0,0,0,0,0,3,0,0,0,0,0,0,0,0,0,0,3
1041,100000,5040,2961,18,6,6,792.0,0,7.5,105,105,990.0,0,0,0,0,3,0,0,0,0,0,0,0,0,0,0,3
1042,100500,5670,2961,18,6,6,1056.0,1233,4.5,108,108,1449.0,0,0,0,0,3,0,0,0,0,0,0,0,0,0,0,3
1043,106000,5607,2961,18,6,6,840.0,0,4.5,114,114,963.0,0,0,0,0,3,0,0,0,0,0,0,0,0,0,0,3
1044,85400,5040,2961,18,6,6,792.0,0,4.5,111,111,1161.0,0,0,0,0,0,0,3,0,0,0,0,0,0,0,0,0
1045,89500,5040,2961,18,6,6,792.0,0,4.5,111,111,1074.0,0,0,0,0,3,0,0,0,0,0,0,0,0,0,0,3
1046,111750,5040,3906,15,6,6,792.0,0,7.5,108,108,1050.0,0,0,0,0,3,0,0,0,0,0,0,0,0,0,0,3
1047,140000,40430,10690,60,20,20,4400.0,2550,20.0,310,310,5590.0,0,0,0,0,0,0,10,0,0,0,0,0,0,0,0,0
1048,143000,23080,14560,60,20,20,4600.0,0,25.0,330,330,5800.0,0,0,0,0,10,0,0,0,0,0,0,0,0,0,0,10
1049,148500,25290,10550,70,20,20,4400.0,380,20.0,310,310,3780.0,0,0,0,0,10,0,0,0,0,0,0,0,0,0,0,10
1050,110000,113724,10704,60,24,24,3168.0,0,12.0,504,504,4080.0,0,0,0,0,12,0,0,0,0,0,0,0,0,0,0,12
1051,394617,335988,52164,216,108,108,20898.0,9990,81.0,0,0,36072.0,0,0,0,0,0,27,0,0,0,0,0,0,27,0,0,0
1052,426000,336798,62964,270,108,108,22842.0,8910,94.5,27,0,34560.0,0,0,0,0,0,27,0,0,0,0,0,0,27,0,0,0
1053,385000,399681,56268,270,108,108,32940.0,6291,81.0,27,0,44172.0,0,0,0,0,0,27,0,0,0,0,0,0,27,0,0,0
1054,446261,403596,73251,243,108,108,23166.0,5184,94.5,0,0,35910.0,0,0,0,0,0,27,0,0,0,0,0,0,27,0,0,0
1055,317500,343008,42714,216,81,81,24435.0,8208,81.0,27,27,27324.0,0,0,0,0,0,27,0,0,0,0,0,0,27,0,0,0
1056,372402,375057,46170,216,81,81,23382.0,2754,81.0,27,0,37800.0,0,0,0,0,0,27,0,0,0,0,0,0,27,0,0,0
1057,417500,369711,66528,216,81,108,17550.0,11772,94.5,27,27,60021.0,0,0,0,0,27,0,0,0,0,0,0,0,0,0,0,27
1058,383000,389286,52650,243,108,108,19062.0,9801,81.0,27,27,37125.0,0,0,0,0,27,0,0,0,0,0,0,0,0,0,0,27
1059,390000,362286,74196,243,81,108,22950.0,10638,94.5,54,54,38340.0,0,0,0,0,0,0,0,0,0,0,0,0,0,0,0,27
1060,460000,338553,75330,270,108,108,31050.0,11394,94.5,81,54,29214.0,0,0,0,0,27,0,0,0,0,0,0,0,0,0,0,27
1061,379000,328077,62937,243,81,108,27081.0,6885,94.5,81,81,33723.0,0,0,0,0,27,0,0,0,0,0,0,0,0,0,0,27
1062,250000,240273,56376,216,108,81,17712.0,3348,67.5,27,27,1080.0,0,0,0,0,27,0,0,0,0,0,0,0,0,0,0,27
1063,316000,285498,62964,216,81,108,20412.0,9882,94.5,108,108,23112.0,0,0,0,0,27,0,0,0,0,0,0,0,0,0,0,27
1064,615000,343440,66690,270,108,108,21303.0,11745,94.5,135,135,60939.0,0,0,0,0,27,0,0,0,0,0,0,0,0,0,0,27
1065,412500,369576,72036,243,81,108,19602.0,10800,94.5,135,108,27432.0,0,0,0,0,27,0,0,0,0,0,0,0,0,0,0,27
1066,284000,286875,55242,189,81,81,23517.0,10314,94.5,135,108,23382.0,0,0,0,0,27,0,0,0,0,0,0,0,0,0,0,27
1067,284000,292815,42525,216,81,81,19764.0,6588,81.0,135,108,31023.0,0,0,0,0,27,0,0,0,0,0,0,0,0,0,0,27
1068,421250,456300,71523,216,81,81,20142.0,1620,94.5,189,162,29025.0,0,0,0,0,27,0,0,0,0,0,0,0,0,0,0,27
1069,370000,444177,72630,216,81,81,21465.0,8802,67.5,135,135,0.0,0,0,0,0,27,0,0,0,0,0,0,0,0,0,0,27
1070,336860,272970,50382,243,108,108,23490.0,1296,81.0,0,0,10044.0,0,0,0,0,0,27,0,0,0,0,0,0,27,0,0,0
1071,367294,236763,45954,243,108,108,28404.0,7992,67.5,0,0,41580.0,0,0,0,0,0,27,0,0,0,0,0,0,27,0,0,0
1072,192000,332208,36909,189,81,81,13068.0,891,54.0,81,81,540.0,0,0,0,0,27,0,0,0,0,0,0,0,0,0,0,27
1073,274000,342279,40986,216,108,108,15876.0,8775,40.5,135,108,32886.0,0,0,0,0,27,0,0,0,0,0,0,0,0,0,0,27
1074,266000,238923,45468,243,108,108,15228.0,15309,54.0,81,81,756.0,0,0,0,0,27,0,0,0,0,0,0,0,0,0,0,27
1075,370967,222264,48600,243,108,108,25488.0,5670,81.0,27,0,32508.0,0,0,0,0,0,27,0,0,0,0,0,0,27,0,0,0
1076,234250,168480,36234,216,81,81,14850.0,945,81.0,54,27,22842.0,0,0,0,0,27,0,0,0,0,0,0,0,0,0,0,27
1077,219500,168480,36234,216,81,81,14850.0,945,54.0,54,27,648.0,0,0,0,0,27,0,0,0,0,0,0,0,0,0,0,27
1078,155000,66096,43902,189,81,81,12798.0,729,67.5,135,108,0.0,0,0,0,0,27,0,0,0,0,0,0,0,0,0,0,27
1079,154000,66096,43902,189,81,81,12798.0,729,94.5,135,108,15471.0,0,0,0,0,27,0,0,0,0,0,0,0,0,0,0,27
1080,207000,221346,36666,189,81,81,13068.0,5994,81.0,108,108,19440.0,0,0,0,0,27,0,0,0,0,0,0,0,0,0,0,27
1081,195000,70920,26190,126,54,54,11592.0,5760,54.0,90,90,19314.0,0,0,0,0,18,0,0,0,0,0,0,0,0,0,0,18
1082,219990,70920,28368,126,54,54,12024.0,2934,54.0,72,72,19566.0,0,0,0,0,18,0,0,0,0,0,0,0,0,0,0,18
1083,191000,57276,27072,126,54,54,7866.0,3168,36.0,54,36,288.0,0,0,0,0,18,0,0,0,0,0,0,0,0,0,0,18
1084,159895,57276,22788,126,54,54,6984.0,2088,36.0,18,18,0.0,0,0,0,0,18,0,0,0,0,0,0,0,0,0,0,18
1085,187687,66780,22428,126,54,54,7704.0,2232,36.0,18,0,0.0,0,0,0,0,0,18,0,0,0,0,0,0,18,0,0,0
1086,179000,144384,24240,96,48,48,6288.0,1200,40.0,64,64,0.0,0,0,0,0,16,0,0,0,0,0,0,0,0,0,0,16
1087,193000,118640,25488,96,32,32,6368.0,2800,56.0,64,64,12144.0,0,0,0,0,16,0,0,0,0,0,0,0,0,0,0,16
1088,190000,153392,18656,112,48,48,6400.0,3392,48.0,48,48,10480.0,0,0,0,0,16,0,0,0,0,0,0,0,0,0,0,16
1089,176000,128464,23296,96,32,48,6400.0,1984,40.0,48,48,0.0,0,0,0,0,16,0,0,0,0,0,0,0,0,0,0,16
1090,188000,128160,27520,112,48,48,6400.0,2976,40.0,96,80,0.0,0,0,0,0,16,0,0,0,0,0,0,0,0,0,0,16
1091,213000,134336,31776,112,48,48,6944.0,2688,40.0,80,80,0.0,0,0,0,0,16,0,0,0,0,0,0,0,0,0,0,16
1092,217300,197127,36666,189,81,81,13068.0,5886,81.0,27,0,23652.0,0,0,0,0,0,27,0,0,0,0,0,0,27,0,0,0
1093,186500,164176,28672,96,32,32,7216.0,0,56.0,128,128,0.0,0,0,0,0,16,0,0,0,0,0,0,0,0,0,0,16
1094,226750,131520,30272,112,48,32,6896.0,1728,40.0,128,112,8704.0,0,0,0,0,16,0,0,0,0,0,0,0,0,0,0,16
1095,184000,246144,23840,112,48,48,6208.0,2800,56.0,64,48,11584.0,0,16,0,0,16,0,0,0,0,0,0,0,0,0,0,16
1096,176000,124000,22624,112,48,48,6448.0,2160,40.0,96,96,0.0,0,16,0,0,16,0,0,0,0,0,0,0,0,0,0,16
1097,225000,199360,37152,112,48,32,6400.0,3008,40.0,144,128,13920.0,0,16,0,0,16,0,0,0,0,0,0,0,0,0,0,16
1098,185900,134240,26416,112,32,32,7200.0,1648,40.0,144,144,0.0,0,0,0,0,16,0,0,0,0,0,0,0,0,0,0,16
1099,284500,251160,57174,208,78,78,13416.0,3406,65.0,286,286,0.0,0,0,0,0,26,0,0,0,0,0,0,0,0,0,0,26
1100,315000,239200,68380,208,78,78,18096.0,1716,91.0,260,260,25636.0,0,0,0,0,26,0,0,0,0,0,0,0,0,0,0,26
1101,250000,370760,57148,208,78,78,21736.0,7176,91.0,208,208,17030.0,0,0,0,0,26,0,0,0,0,0,0,0,0,0,0,26
1102,291000,286000,56472,234,78,104,17862.0,8190,65.0,208,208,0.0,0,0,0,0,26,0,0,0,0,0,0,0,0,0,0,26
1103,350000,303550,52156,208,78,78,24388.0,4602,78.0,260,260,43160.0,0,0,0,0,26,0,0,0,0,0,0,0,0,0,0,26
1104,279500,285740,55250,182,78,78,14976.0,4368,91.0,312,286,22126.0,0,0,0,0,26,0,0,0,0,0,0,0,0,0,0,26
1105,290000,310154,65026,208,78,78,19526.0,7254,65.0,338,338,0.0,0,0,0,0,26,0,0,0,0,0,0,0,0,0,0,26
1106,350000,271362,54938,208,78,78,21814.0,7332,91.0,338,338,44096.0,0,0,0,0,26,0,0,0,0,0,0,0,0,0,0,26
1107,341000,274092,62868,182,78,78,25558.0,16120,91.0,390,364,30498.0,0,0,0,0,26,0,0,0,0,0,0,0,0,0,0,26
1108,287500,260260,57122,182,78,78,20358.0,12584,91.0,390,364,28080.0,0,0,0,0,26,0,0,0,0,0,0,0,0,0,0,26
1109,271000,284544,55302,182,78,78,13650.0,7878,91.0,364,364,26000.0,0,0,0,0,26,0,0,0,0,0,0,0,0,0,0,26
1110,301500,371878,51662,208,78,78,17966.0,7748,78.0,364,364,34164.0,0,0,0,0,26,0,0,0,0,0,0,0,0,0,0,26
1111,235128,262504,34760,176,66,66,18260.0,528,44.0,22,0,0.0,0,0,0,0,0,22,0,0,0,22,0,0,0,0,0,0
1112,214000,321156,42526,132,66,66,14696.0,2596,55.0,22,22,0.0,0,0,0,0,22,0,0,0,0,0,0,0,0,0,0,22
1113,232000,263054,34628,176,66,66,18128.0,5456,44.0,44,44,528.0,0,22,0,0,22,0,0,0,0,0,0,0,0,0,0,22
1114,240000,291566,34716,154,66,66,14124.0,572,66.0,44,44,24112.0,0,22,0,0,22,0,0,0,0,0,0,0,0,0,0,22
1115,264132,320914,33132,198,66,88,13024.0,3828,44.0,0,0,0.0,0,0,0,0,0,22,0,0,0,0,0,0,22,0,0,0
1116,245000,224532,34386,176,44,66,16676.0,5346,44.0,22,22,726.0,0,0,0,0,22,0,0,0,0,0,0,0,0,0,0,22
1117,227680,270028,31416,154,66,88,12188.0,1320,44.0,0,0,0.0,0,0,0,0,0,22,0,0,0,0,0,0,22,0,0,0
1118,257000,215622,40942,176,66,66,18722.0,4488,66.0,22,22,0.0,0,0,0,0,22,0,0,0,0,0,0,0,0,0,0,22
1119,297900,207416,41228,176,66,66,19360.0,6072,77.0,22,0,16038.0,0,0,0,0,0,22,0,0,0,0,0,0,22,0,0,0
1120,247000,220814,32120,176,66,66,10560.0,440,44.0,44,22,14652.0,0,0,0,0,22,0,0,0,0,0,0,0,0,0,0,22
1121,212700,190080,30184,176,66,66,12936.0,6710,44.0,22,0,528.0,0,0,0,0,0,22,0,0,0,0,0,0,22,0,0,0
1122,250580,190080,30184,154,66,66,11638.0,3080,44.0,22,0,0.0,0,0,0,0,0,22,0,0,0,0,0,0,22,0,0,0
1123,182000,256058,31416,154,66,66,10560.0,2640,44.0,22,0,0.0,0,0,0,0,0,22,0,0,0,0,0,0,22,0,0,0
1124,226700,215666,38896,154,66,66,13266.0,2376,55.0,66,66,8800.0,0,0,0,0,22,0,0,0,0,0,0,0,0,0,0,22
1125,250000,206250,43824,176,66,66,14256.0,4070,55.0,110,88,0.0,0,0,0,0,22,0,0,0,0,0,0,0,0,0,0,22
1126,250000,233750,43076,154,66,66,20592.0,8008,55.0,66,66,0.0,0,0,0,0,22,0,0,0,0,0,0,0,0,0,0,22
1127,339750,237600,45716,176,66,88,18392.0,2244,77.0,22,0,17358.0,0,0,0,0,0,22,0,0,0,0,0,0,22,0,0,0
1128,205950,178750,36630,154,66,66,12364.0,0,55.0,22,22,0.0,0,0,0,0,22,0,0,0,0,0,0,0,0,0,0,22
1129,256000,233750,36520,176,66,66,14520.0,5566,44.0,22,22,0.0,0,0,0,0,22,0,0,0,0,0,0,0,0,0,0,22
1130,230348,165000,26796,154,66,66,10164.0,7392,66.0,22,0,19844.0,0,0,0,0,0,22,0,0,0,0,0,0,22,0,0,0
1131,207500,193402,38016,132,66,66,14806.0,5984,55.0,110,110,11066.0,0,0,0,0,22,0,0,0,0,0,0,0,0,0,0,22
1132,141000,105000,15120,98,28,42,0.0,0,28.0,56,42,9520.0,0,0,0,0,14,0,0,0,0,0,0,0,0,0,0,14
1133,188000,141540,23744,84,42,42,7588.0,2926,49.0,70,70,8890.0,0,0,0,0,14,0,0,0,0,0,0,0,0,0,0,14
1134,192500,178836,23282,98,42,42,6692.0,3304,35.0,70,56,0.0,0,0,0,0,14,0,0,0,0,0,0,0,0,0,0,14
1135,146000,183008,16450,84,28,42,0.0,1260,28.0,42,28,1120.0,0,14,0,0,14,0,0,0,0,0,0,0,0,0,0,14
1136,159000,191730,15596,70,28,42,8064.0,1428,35.0,56,56,9044.0,0,14,0,0,14,0,0,0,0,0,0,0,0,0,0,14
1137,155000,191730,15596,84,28,42,8064.0,1092,28.0,70,56,11396.0,0,14,0,0,14,0,0,0,0,0,0,0,0,0,0,14
1138,173000,117124,22960,84,42,42,7280.0,2562,35.0,56,56,0.0,0,0,0,0,14,0,0,0,0,0,0,0,0,0,0,14
1139,170000,129640,16268,98,42,42,6762.0,448,28.0,14,14,0.0,0,0,0,0,14,0,0,0,0,0,0,0,0,0,0,14
1140,182000,118342,22526,84,42,42,7350.0,980,35.0,182,182,5068.0,0,0,0,0,14,0,0,0,0,0,0,0,0,0,0,14
1141,163000,118720,23520,84,42,42,6636.0,3360,42.0,210,196,8428.0,0,0,0,0,14,0,0,0,0,0,0,0,0,0,0,14
1142,193500,113750,23506,84,28,42,8050.0,3724,42.0,196,140,15932.0,0,0,0,0,14,0,0,0,0,0,0,0,0,0,0,14
1143,189000,203910,23198,98,42,42,6762.0,3052,35.0,196,182,7518.0,0,0,0,0,14,0,0,0,0,0,0,0,0,0,0,14
1144,190500,118300,23478,84,42,42,8778.0,952,49.0,98,98,6608.0,0,0,0,0,14,0,0,0,0,0,0,0,0,0,0,14
1145,175000,115990,24318,98,42,42,7084.0,3878,42.0,224,224,5558.0,0,0,0,0,14,0,0,0,0,0,0,0,0,0,0,14
1146,179200,100142,18116,84,28,42,6944.0,2282,42.0,238,238,16800.0,0,0,0,0,14,0,0,0,0,0,0,0,0,0,0,14
1147,187000,130074,23940,84,42,42,7084.0,2996,35.0,210,210,5964.0,14,0,0,0,14,0,0,0,0,0,0,0,0,0,0,14
1148,193000,112168,22638,84,42,42,7462.0,966,42.0,210,196,14084.0,0,0,0,0,14,0,0,0,0,0,0,0,0,0,0,14
1149,153900,110488,16786,84,42,42,7420.0,882,28.0,210,210,4200.0,0,0,0,0,14,0,0,0,0,0,0,0,0,0,0,14
1150,128000,72800,7872,40,16,16,3072.0,1608,16.0,360,360,6816.0,0,8,0,0,8,0,0,0,0,0,0,0,0,0,0,8
1151,144000,103744,7296,40,16,16,2816.0,2528,16.0,368,368,5896.0,0,0,0,0,8,0,0,0,0,0,0,0,0,0,0,8
1152,135000,64800,6912,40,16,24,3360.0,1056,16.0,376,8,6112.0,0,0,0,0,8,0,0,0,0,0,0,0,0,0,0,8
1153,115000,67600,7120,40,16,16,2464.0,0,16.0,320,320,7120.0,0,8,0,0,8,0,0,0,0,0,0,0,0,0,0,8
1154,119916,50880,6912,40,16,16,2208.0,0,8.0,360,360,3912.0,0,0,0,0,0,0,8,0,0,0,0,0,0,0,0,0
1155,142000,54144,7296,48,16,24,2304.0,1344,20.0,376,96,6656.0,0,0,0,0,8,0,0,0,0,0,0,0,0,0,0,8
1156,192000,468192,34320,144,48,48,11616.0,9360,60.0,816,816,19200.0,0,0,0,0,24,0,0,0,0,0,0,0,0,0,0,24
1157,140000,86072,13128,40,16,16,3920.0,736,16.0,288,288,8008.0,0,0,0,0,8,0,0,0,0,0,0,0,0,0,0,8
1158,290000,239330,69758,156,78,78,12298.0,17784,91.0,468,442,18304.0,0,0,0,0,26,0,0,0,0,0,0,0,0,0,0,26
1159,372500,286650,72436,234,78,78,16536.0,8918,91.0,390,364,13520.0,0,0,0,0,26,0,0,0,0,0,0,0,0,0,0,26
1160,196000,94204,30602,154,66,66,11660.0,6908,44.0,88,88,352.0,0,0,0,0,22,0,0,0,0,0,0,0,0,0,0,22
1161,171900,88374,27500,154,66,66,13750.0,1188,55.0,44,22,0.0,0,0,0,0,22,0,0,0,0,0,0,0,0,0,0,22
1162,178000,75570,27390,154,66,66,10890.0,2200,44.0,88,66,528.0,0,0,0,0,22,0,0,0,0,0,0,0,0,0,0,22
1163,165000,69960,26400,132,66,66,10560.0,3652,77.0,66,66,8580.0,0,0,0,0,22,0,0,0,0,0,0,0,0,0,0,22
1164,146000,69960,30624,154,66,66,11880.0,2244,44.0,22,22,0.0,0,0,0,0,0,0,0,0,0,0,0,0,0,0,0,22
1165,146000,79288,30624,154,66,66,11880.0,2244,44.0,22,22,0.0,0,0,0,0,0,0,0,0,0,0,0,0,0,0,0,22
1166,179400,50160,33022,154,44,44,9680.0,0,55.0,198,198,12078.0,0,0,0,0,22,0,0,0,0,0,0,0,0,0,0,22
1167,172900,50160,34078,132,44,44,9680.0,704,77.0,198,198,12100.0,0,0,0,0,22,0,0,0,0,0,0,0,0,0,0,22
1168,300000,104830,36036,198,66,88,10890.0,6556,66.0,176,176,22594.0,0,0,0,0,22,0,0,0,0,0,0,0,0,0,0,22
1169,285000,99836,28820,198,66,66,11990.0,7084,55.0,154,154,22088.0,0,0,0,0,22,0,0,0,0,0,0,0,0,0,0,22
1170,290000,96470,31218,198,66,88,12936.0,4686,55.0,154,154,21208.0,0,0,0,0,22,0,0,0,0,0,0,0,0,0,0,22
1171,305000,90398,34254,198,66,88,10648.0,5214,66.0,198,176,25102.0,0,0,0,0,22,0,0,0,0,0,0,0,0,0,0,22
1172,328900,112618,37598,198,66,66,11132.0,3564,66.0,198,176,27236.0,0,0,0,0,0,0,0,22,0,0,0,0,0,0,0,0
1173,160000,47520,27544,154,66,66,10164.0,1056,77.0,198,176,11220.0,0,0,0,0,22,0,0,0,0,0,0,0,0,0,0,22
1174,170000,47520,30888,154,66,66,10164.0,440,77.0,198,176,13200.0,0,0,0,0,22,0,0,0,0,0,0,0,0,0,0,22
1175,223000,234212,39358,154,44,44,12012.0,0,77.0,154,154,14982.0,0,0,0,0,22,0,0,0,0,0,0,0,0,0,0,22
1176,170000,58190,34892,176,66,66,10560.0,3718,77.0,198,198,13464.0,0,0,0,0,22,0,0,0,0,0,0,0,0,0,0,22
1177,200000,58190,35354,176,66,66,10560.0,3718,77.0,198,176,17886.0,0,0,0,0,22,0,0,0,0,22,0,0,0,0,0,0
1178,345000,86922,52646,220,88,88,18612.0,4048,77.0,220,198,21340.0,0,0,0,0,22,0,0,0,0,0,0,0,0,0,0,22
1179,245500,359112,30912,192,72,96,12000.0,8976,60.0,288,288,18864.0,0,0,0,0,24,0,0,0,0,0,0,0,0,0,0,24
1180,217500,265536,29736,192,72,72,11448.0,4704,60.0,312,312,29520.0,0,0,0,0,24,0,0,0,0,0,0,0,0,0,0,24
1181,324000,260304,41256,192,72,72,11352.0,3648,84.0,360,360,38856.0,0,0,0,0,24,0,0,0,24,0,0,0,0,0,0,0
1182,162500,266880,29568,144,48,48,12384.0,0,48.0,576,576,15840.0,0,0,0,0,24,0,0,0,0,0,0,0,0,0,0,24
1183,150000,589728,70656,216,72,72,20736.0,5424,72.0,744,744,9840.0,0,0,0,0,0,0,0,0,0,0,0,0,0,0,0,24
1184,290000,390720,40104,192,96,96,13200.0,8880,96.0,768,24,34224.0,0,0,0,0,24,0,0,0,0,0,0,0,0,0,0,24
1185,205000,165000,39864,154,66,44,10318.0,5632,55.0,132,132,0.0,0,0,0,0,22,0,0,0,0,0,0,0,0,0,0,22
1186,174000,156000,25230,105,30,30,7950.0,1470,30.0,570,570,0.0,0,0,0,0,15,0,0,0,0,0,0,0,0,0,0,15
1187,183000,166560,21405,90,30,30,7740.0,3240,37.5,585,585,12420.0,0,0,0,0,15,0,0,0,0,0,0,0,0,0,0,15
1188,150000,165750,26100,90,30,30,7680.0,3255,22.5,600,600,4515.0,0,0,0,0,0,0,0,0,0,0,0,0,0,0,0,15
1189,145000,165600,18870,90,45,45,7920.0,4065,37.5,555,60,9840.0,0,0,0,0,0,0,15,0,0,0,0,0,0,0,0,0
1190,215000,230805,24300,105,30,45,8670.0,3810,30.0,615,615,13455.0,0,0,0,0,15,0,0,0,0,0,0,0,0,0,0,15
1191,140500,146250,24375,75,30,30,7260.0,0,30.0,645,645,0.0,0,15,0,0,15,0,0,0,0,15,0,0,0,0,0,0
1192,240000,162000,39210,90,30,30,9360.0,4215,37.5,510,165,17070.0,0,0,0,0,15,0,0,0,0,0,0,0,0,0,0,15
1193,141000,105768,17568,60,24,24,5640.0,480,18.0,480,480,8784.0,0,0,0,0,12,0,0,0,0,0,0,0,0,0,0,12
1194,147000,106464,10944,60,24,36,6912.0,2880,24.0,516,0,7140.0,0,0,0,0,12,0,0,0,0,0,0,0,0,0,0,12
1195,135000,97500,11100,60,36,24,6912.0,2796,24.0,516,36,8592.0,0,0,0,0,12,0,0,0,0,0,0,0,0,0,0,12
1196,145000,132864,20736,60,24,24,6912.0,0,24.0,516,516,0.0,0,0,0,0,12,0,0,0,0,0,0,0,0,0,0,12
1197,142600,157212,20736,60,24,24,6912.0,0,24.0,516,516,2772.0,0,0,0,0,12,0,0,0,0,0,0,0,0,0,0,12
1198,135000,138690,24840,75,30,30,7590.0,3165,30.0,525,525,0.0,0,0,0,0,15,0,0,0,0,0,0,0,0,0,0,15
1199,170000,200325,25050,105,30,30,6960.0,0,22.5,555,555,8745.0,0,0,0,0,15,0,0,0,0,0,0,0,0,0,0,15
1200,299800,134445,40725,120,60,45,12465.0,3060,60.0,480,180,9825.0,0,0,0,0,15,0,0,0,0,0,0,0,0,0,0,15
1201,185000,136800,28140,90,45,45,8100.0,1035,37.5,510,510,6630.0,0,0,0,0,15,0,0,0,0,0,0,0,0,0,0,15
1202,173000,136950,24480,90,30,45,7260.0,600,30.0,630,120,6960.0,0,0,0,0,15,0,0,0,0,0,0,0,0,0,0,15
1203,178400,145464,11988,84,48,48,7056.0,2640,24.0,564,12,10404.0,0,0,0,0,12,0,0,0,0,0,0,0,0,0,0,12
1204,176000,148500,29670,105,30,30,7290.0,645,37.5,600,600,8280.0,0,0,0,0,15,0,0,0,0,0,0,0,0,0,0,15
1205,98000,93420,12168,60,24,24,3204.0,2880,12.0,624,624,0.0,0,0,0,0,12,0,0,0,0,0,0,0,0,0,0,12
1206,109008,103116,10884,48,24,24,4224.0,0,12.0,612,612,3456.0,0,0,0,0,12,0,0,0,0,0,0,0,0,0,0,12
1207,135750,101700,11424,48,24,24,3396.0,0,12.0,624,624,2736.0,0,0,0,0,12,0,0,0,0,0,0,0,0,0,0,12
1208,155000,104400,13536,60,24,24,6300.0,4020,36.0,540,540,9312.0,0,0,0,0,12,0,0,0,0,0,0,0,0,0,0,12
1209,180500,122100,17100,72,24,24,6912.0,4884,24.0,528,528,5880.0,0,0,0,0,12,0,0,0,0,0,0,0,0,0,0,12
1210,174900,108240,13980,72,24,24,5880.0,1548,30.0,504,504,10212.0,0,0,0,0,12,0,0,0,0,0,0,0,0,0,0,12
1211,140000,110400,13632,72,24,24,4608.0,5112,24.0,516,516,10704.0,0,0,0,0,12,0,0,0,0,0,0,0,0,0,0,12
1212,145000,99000,13104,72,24,24,6048.0,0,24.0,528,528,9444.0,0,0,0,0,12,0,0,0,0,0,0,0,0,0,0,12
1213,179900,112200,15180,60,24,36,6024.0,2256,30.0,516,108,7596.0,0,0,0,0,12,0,0,0,0,0,0,0,0,0,0,12
1214,168500,108240,16200,72,24,24,6240.0,2112,30.0,528,528,11520.0,0,0,0,0,12,0,0,0,0,0,0,0,0,0,0,12
1215,140000,118800,13368,60,24,24,5412.0,1968,24.0,564,564,0.0,0,0,0,0,0,0,12,0,0,0,0,0,0,0,0,0
1216,145500,120084,12636,60,36,36,3744.0,0,30.0,588,24,9672.0,0,0,0,0,12,0,0,0,0,0,0,0,0,0,0,12
1217,142000,128652,15024,72,36,36,6336.0,468,12.0,588,588,0.0,0,0,0,0,12,0,0,0,0,0,0,0,0,0,0,12
1218,141000,149916,13200,48,24,24,3744.0,4260,24.0,576,576,8700.0,0,0,0,0,12,0,0,0,0,0,0,0,0,0,0,12
1219,153000,135984,13416,60,24,36,3168.0,3480,24.0,576,96,6336.0,0,0,0,0,12,0,0,0,0,0,0,0,0,0,0,12
1220,72500,33135,3600,15,10,10,1435.0,0,5.0,295,290,0.0,0,0,0,0,5,0,0,0,0,0,0,0,0,0,0,5
1221,52000,20650,3645,15,15,10,0.0,0,5.0,365,25,0.0,0,0,0,0,5,0,0,0,0,0,0,0,0,0,0,5
1222,118000,37100,5385,25,10,10,1025.0,20,10.0,345,290,4255.0,0,0,0,0,5,0,0,0,0,0,0,0,0,0,0,5
1223,87000,24410,4530,20,10,10,1155.0,0,5.0,355,290,600.0,0,5,0,0,5,0,0,0,0,0,0,0,0,0,0,5
1224,141500,115200,17952,60,12,36,5400.0,264,24.0,576,576,7896.0,0,0,0,0,12,0,0,0,0,0,0,0,0,0,0,12
1225,119000,115200,15024,72,24,24,3456.0,1152,12.0,696,696,3360.0,0,0,0,0,0,0,0,0,0,0,0,0,0,0,0,12
1226,141500,115200,16044,60,24,36,3168.0,2304,24.0,696,24,4080.0,0,0,0,0,12,0,0,0,0,0,0,0,0,0,0,12
1227,165500,115200,19932,72,24,36,4524.0,2472,24.0,636,144,9972.0,0,0,0,0,12,0,0,0,0,0,0,0,0,0,0,12
1228,112900,91008,12432,60,24,24,3744.0,1728,12.0,660,660,6372.0,0,0,0,0,12,0,0,0,0,0,0,0,0,0,0,12
1229,201800,164400,21840,84,24,36,5904.0,5004,24.0,516,240,5448.0,0,0,0,0,12,0,0,0,0,0,0,0,0,0,0,12
1230,163000,122364,16344,72,24,24,6048.0,240,30.0,564,564,7944.0,0,0,0,0,12,0,12,0,0,0,0,0,0,0,0,0
1231,139950,94500,13728,60,24,24,5472.0,0,24.0,564,564,6864.0,0,0,0,0,12,0,0,0,0,0,0,0,0,0,0,12
1232,174000,100800,18444,72,36,36,5544.0,432,30.0,552,36,0.0,0,0,0,0,0,0,12,0,0,0,0,0,0,0,0,0
1233,165000,109800,17172,72,24,24,3552.0,2088,18.0,552,552,4452.0,0,0,0,0,12,0,0,0,0,0,0,0,0,0,0,12
1234,227000,176040,23856,72,36,36,5760.0,2760,30.0,504,108,6900.0,0,0,0,0,12,0,0,0,0,0,0,0,0,0,0,12
1235,135000,88680,13176,60,24,24,3120.0,0,24.0,636,636,10824.0,0,0,0,0,12,0,0,0,0,0,0,0,0,0,0,12
1236,124000,110448,13728,60,24,24,4032.0,1056,30.0,540,540,10764.0,0,0,0,0,12,0,12,0,0,0,0,0,0,0,0,0
1237,140000,93156,15396,60,24,24,6072.0,0,24.0,552,336,7344.0,0,0,0,0,12,0,0,0,0,0,0,0,0,0,0,12
1238,136500,106272,14112,60,24,24,3504.0,2196,24.0,612,612,8076.0,0,0,0,0,12,0,0,0,0,0,0,0,0,0,0,12
1239,185000,118080,17280,60,24,36,5760.0,4872,36.0,588,120,12636.0,0,0,0,0,12,0,0,0,0,0,0,0,0,0,0,12
1240,163000,109440,15132,72,24,24,5196.0,3456,24.0,600,600,7944.0,0,0,0,0,12,0,0,0,0,0,0,0,0,0,0,12
1241,166800,158400,18840,72,24,24,5292.0,5880,24.0,600,600,11496.0,0,0,0,0,12,0,0,0,0,0,0,0,0,0,0,12
1242,139000,108000,14352,72,24,24,3564.0,528,24.0,624,624,7392.0,0,0,0,0,12,0,0,0,0,0,0,0,0,0,0,12
1243,166000,142800,16704,72,24,24,5496.0,2304,30.0,612,612,12480.0,0,0,0,0,12,0,0,0,0,0,0,0,0,0,0,12
1244,136000,113568,12960,72,24,24,3456.0,1560,12.0,600,600,6840.0,0,0,0,0,12,0,0,0,0,0,0,0,0,0,0,12
1245,133000,125100,13248,60,24,24,4608.0,0,24.0,624,600,9288.0,0,0,0,0,12,0,0,0,0,0,0,0,0,0,0,12
1246,116000,138672,10584,60,24,36,2880.0,0,24.0,672,672,1776.0,0,0,0,0,12,0,0,0,0,0,0,0,0,0,0,12
1247,137500,112476,13824,60,24,24,7632.0,0,18.0,660,660,8352.0,0,0,0,0,12,0,0,0,0,0,0,0,0,0,0,12
1248,130000,153288,11400,60,24,24,4800.0,384,12.0,660,660,9024.0,0,0,0,0,12,0,0,0,0,0,0,0,0,0,0,12
1249,180000,171000,21480,72,24,24,6480.0,480,24.0,612,612,0.0,0,0,0,0,12,0,0,0,0,0,0,0,0,0,0,12
1250,139000,88200,11424,60,24,24,10080.0,0,24.0,684,684,10224.0,0,0,0,0,0,0,12,0,0,0,0,0,0,0,0,0
1251,110000,92124,9276,60,24,24,2880.0,0,12.0,660,660,6840.0,0,0,0,0,0,0,0,0,0,0,0,0,0,0,0,12
1252,100000,106056,21168,60,24,24,3612.0,864,30.0,612,312,0.0,0,0,0,0,12,0,0,0,0,0,0,0,0,0,0,12
1253,118500,101760,14592,60,24,24,4032.0,3120,12.0,732,696,5304.0,0,0,0,0,0,0,12,0,0,0,0,0,0,0,0,0
1254,146000,149232,21888,60,24,24,5808.0,0,24.0,612,612,0.0,0,0,0,0,12,0,0,0,0,0,0,0,0,0,0,12
1255,89900,40488,3476,16,8,8,1560.0,264,4.0,240,232,0.0,0,0,0,0,4,0,0,0,0,0,0,0,0,0,0,4
1256,114000,30024,4636,20,8,8,1152.0,720,4.0,332,232,0.0,0,0,0,0,4,0,0,0,0,0,0,0,0,0,0,4
1257,140000,131160,18696,60,24,24,3456.0,0,30.0,756,696,6960.0,0,0,0,0,12,0,0,0,0,0,0,0,0,0,0,12
1258,86900,21600,2688,16,12,8,1232.0,784,4.0,272,12,0.0,0,0,0,0,4,0,0,0,0,0,0,0,0,0,0,4
1259,139000,43344,5744,20,8,8,5952.0,400,6.0,344,232,0.0,0,0,0,0,4,0,0,0,0,0,0,0,0,0,0,4
1260,106250,43200,5176,16,8,8,0.0,2176,8.0,432,32,0.0,0,0,0,0,4,0,0,0,0,0,0,0,0,0,0,4
1261,171000,110964,20592,72,24,24,5880.0,2448,18.0,552,552,3828.0,0,0,0,0,12,0,0,0,0,0,0,0,0,0,0,12
1262,139000,122160,12528,60,24,24,4464.0,2976,24.0,480,480,8928.0,0,0,0,0,12,0,0,0,0,0,0,0,0,0,0,12
1263,186000,136260,15744,84,24,24,5940.0,5376,18.0,600,84,7644.0,0,0,0,0,12,0,0,0,0,0,0,0,0,0,0,12
1264,157000,131040,15036,72,24,24,4224.0,4668,30.0,576,576,8796.0,0,0,0,0,12,0,0,0,0,0,0,0,0,0,0,12
1265,148000,155148,12972,72,24,24,4812.0,1416,24.0,576,180,8364.0,0,0,0,0,12,0,0,0,0,0,0,0,0,0,0,12
1266,242000,331800,24828,84,24,36,6060.0,0,36.0,576,12,5100.0,0,0,0,0,12,0,0,0,0,0,0,0,0,0,0,12
1267,116000,106704,10920,60,36,36,4968.0,4152,12.0,660,144,0.0,0,0,0,0,12,0,0,0,0,0,0,0,0,0,0,12
1268,94000,86400,10512,60,24,24,6912.0,0,12.0,684,684,5184.0,0,0,0,0,0,0,0,0,0,0,0,0,0,0,0,12
1269,98300,86400,12576,60,24,24,5040.0,324,12.0,696,696,0.0,0,0,0,0,12,0,0,0,0,0,0,0,0,0,0,12
1270,127000,94920,18084,60,24,24,4848.0,0,24.0,576,576,7992.0,0,0,0,0,12,0,0,0,0,0,0,0,0,0,0,12
1271,159000,96000,15072,60,24,36,3732.0,2880,30.0,588,588,11568.0,0,0,0,0,12,0,0,0,0,0,0,0,0,0,0,12
1272,125900,96000,12324,60,24,24,3588.0,0,18.0,552,552,10068.0,0,0,0,0,12,0,0,0,0,0,0,0,0,0,0,12
1273,155000,95172,15228,60,24,24,3696.0,0,18.0,576,576,10872.0,0,0,0,0,12,0,0,0,0,0,0,0,0,0,0,12
1274,138000,96768,15840,72,24,24,6912.0,1296,24.0,720,696,3780.0,0,0,0,0,12,0,0,0,0,0,0,0,0,0,0,12
1275,112500,76680,11808,72,24,24,3360.0,0,24.0,648,648,0.0,0,0,0,0,12,0,0,0,0,0,0,0,0,0,0,12
1276,105500,86724,9984,72,24,36,6336.0,0,12.0,648,648,0.0,0,0,0,0,12,0,0,0,0,0,0,0,0,0,0,12
1277,127500,86400,15336,72,24,24,2880.0,0,12.0,648,648,8076.0,0,0,0,0,12,0,0,0,0,0,0,0,0,0,0,12
1278,130000,102156,21600,60,24,24,0.0,0,24.0,564,564,0.0,0,0,0,0,0,0,0,0,0,0,0,0,0,0,0,12
1279,150000,86400,19056,60,24,24,5760.0,0,18.0,636,492,4440.0,0,0,0,0,12,0,0,0,0,0,0,0,0,0,0,12
1280,109500,86400,9900,60,24,24,4200.0,0,18.0,648,648,0.0,0,0,0,0,12,0,0,0,0,0,0,0,0,0,0,12
1281,140000,84672,21552,72,24,24,5796.0,600,30.0,540,540,4800.0,0,0,0,0,12,0,0,0,0,0,0,0,0,0,0,12
1282,167900,117120,19332,72,24,24,5304.0,7740,30.0,528,528,9360.0,0,0,0,0,12,0,0,0,0,0,0,0,0,0,0,12
1283,136870,91080,13404,60,24,24,3168.0,0,12.0,540,540,0.0,0,0,0,0,12,0,12,0,0,0,0,0,0,0,0,0
1284,143000,39344,4532,24,8,8,1232.0,700,8.0,0,0,384.0,0,0,0,0,0,0,0,0,0,0,0,0,0,0,0,4
1285,73000,20928,3056,20,8,8,2016.0,0,4.0,332,16,0.0,0,0,0,0,4,0,0,0,0,0,0,0,0,0,0,4
1286,157500,41760,6156,20,8,12,2744.0,864,8.0,416,24,0.0,0,0,0,0,4,0,0,0,0,0,0,0,0,0,0,4
1287,122600,36736,5292,20,8,8,1600.0,0,4.0,240,12,0.0,0,0,0,0,4,0,0,0,0,0,0,0,0,0,0,4
1288,111000,19200,5440,20,8,8,1320.0,968,4.0,392,20,0.0,0,0,0,0,4,0,0,0,0,0,0,0,0,0,0,4
1289,256000,41760,11168,24,12,8,2080.0,4108,8.0,352,232,1972.0,0,0,0,0,4,0,0,0,0,0,0,0,0,0,0,4
1290,64000,19200,2688,20,8,8,1024.0,0,4.0,272,232,0.0,0,0,0,0,4,0,0,0,0,0,0,0,0,0,0,4
1291,139500,24000,5824,24,12,12,1232.0,992,6.0,372,12,0.0,0,0,0,0,4,0,0,0,0,0,0,0,0,0,0,4
1292,118000,45704,6376,16,8,8,0.0,1124,8.0,392,48,0.0,0,0,0,0,4,0,0,0,0,0,0,0,0,0,0,4
1293,200000,45704,8328,28,8,12,1936.0,2072,10.0,20,20,0.0,0,0,0,0,4,0,0,0,0,0,0,0,0,0,0,4
1294,119164,30512,6624,16,8,8,1760.0,748,8.0,272,92,0.0,0,0,0,0,4,0,0,0,0,0,0,0,0,0,0,4
1295,122250,29232,6960,20,4,16,900.0,944,4.0,352,232,1440.0,0,0,0,0,4,0,0,0,0,0,0,0,0,0,0,4
1296,120000,21600,4108,28,12,12,0.0,112,6.0,352,8,0.0,0,0,0,0,4,0,0,0,0,0,0,0,0,0,0,4
1297,155000,43200,5744,24,8,8,3312.0,504,8.0,272,232,2360.0,0,0,0,0,4,0,0,0,4,0,0,0,0,0,0,0
1298,78000,27024,3596,20,8,8,800.0,384,4.0,392,232,0.0,0,0,0,0,4,0,0,0,0,0,0,0,0,0,0,4
1299,95000,23656,4320,20,8,12,0.0,780,4.0,472,48,0.0,0,0,0,0,4,0,0,0,0,0,0,0,0,0,0,4
1300,115000,24000,3156,20,8,8,1000.0,0,4.0,240,232,1092.0,0,0,0,0,0,4,0,0,0,0,0,0,0,0,0,4
1301,147000,48000,4488,20,8,12,2112.0,144,8.0,240,12,3008.0,0,0,0,0,4,0,0,0,0,0,0,0,0,0,0,4
1302,140000,36000,5996,20,8,8,3476.0,80,4.0,248,232,1780.0,0,0,0,0,4,0,0,0,0,0,0,0,0,0,0,4
1303,46500,29244,1628,8,8,8,1188.0,784,4.0,248,232,0.0,0,0,0,0,0,0,0,0,0,0,0,0,0,0,0,4
1304,112500,24000,3712,20,8,8,1152.0,0,4.0,204,204,1232.0,0,0,0,0,4,0,0,0,0,0,0,0,0,0,0,4
1305,107900,24000,3604,16,8,8,1124.0,0,4.0,216,32,0.0,0,0,0,0,4,0,0,0,0,0,0,0,0,0,0,4
1306,65000,48820,6352,12,8,8,0.0,0,8.0,236,64,0.0,0,0,0,0,0,0,0,0,0,0,0,0,0,0,0,4
1307,295000,73544,13972,28,8,12,3480.0,1208,12.0,512,24,0.0,0,0,0,0,4,0,0,0,0,0,0,0,0,0,0,4
1308,139500,36568,6508,20,8,8,1680.0,1008,8.0,432,8,0.0,0,0,0,0,4,0,0,0,0,0,0,0,0,0,0,4
1309,153900,50660,5664,20,8,8,2880.0,2448,6.0,372,232,0.0,0,0,0,0,4,0,0,0,0,0,0,0,0,0,0,4
1310,132000,21400,5800,28,8,8,1152.0,768,4.0,352,172,464.0,0,0,0,0,4,0,0,0,0,0,0,0,0,0,0,4
1311,98000,18284,5376,20,8,8,2052.0,384,4.0,368,232,0.0,0,0,0,0,0,0,4,0,0,0,0,0,0,0,0,0
1312,114000,36572,4068,20,8,8,1232.0,556,4.0,432,20,0.0,0,0,0,0,4,0,0,0,0,0,0,0,0,0,0,4
1313,130000,38400,9400,20,8,8,1572.0,876,8.0,352,192,936.0,0,0,0,0,4,0,0,0,0,0,0,0,0,0,0,4
1314,129500,38400,8232,24,8,8,1584.0,1036,6.0,364,232,1276.0,0,0,0,0,4,0,0,0,0,0,0,0,0,0,0,4
1315,129400,24000,6160,20,12,12,0.0,1268,6.0,412,12,0.0,0,0,0,0,4,0,0,0,0,0,0,0,0,0,0,4
1316,161000,38400,5512,28,8,12,1440.0,464,8.0,320,12,564.0,0,0,0,0,4,0,0,0,0,0,0,0,0,0,0,4
1317,163000,43200,7648,24,8,8,2688.0,948,8.0,412,32,0.0,0,0,0,0,4,0,0,0,0,0,0,0,0,0,0,4
1318,128000,25200,5936,24,8,8,0.0,1700,8.0,376,28,0.0,0,0,0,0,4,0,0,0,0,0,0,0,0,0,0,4
1319,122000,21000,9432,32,8,8,0.0,296,8.0,544,84,1036.0,0,0,0,0,4,0,0,0,0,0,0,0,0,0,0,4
1320,116900,22800,4444,28,8,8,1152.0,704,4.0,328,232,0.0,0,0,0,0,4,0,0,0,0,0,0,0,0,0,0,4
1321,325000,54000,11100,40,16,12,3520.0,2428,14.0,460,32,0.0,0,0,0,0,4,0,0,0,0,0,0,0,0,0,0,4
1322,55000,45360,4344,8,4,8,1600.0,672,4.0,352,232,0.0,0,0,0,0,4,0,0,0,0,4,0,0,0,0,0,0
1323,184000,43200,9980,28,8,8,1368.0,1196,8.0,472,36,0.0,0,0,0,0,4,0,0,0,0,0,0,0,0,0,0,4
1324,110000,39000,3936,20,8,4,1232.0,0,8.0,196,196,800.0,0,0,0,0,4,0,0,0,0,0,0,0,0,0,0,4
1325,131500,48600,7180,20,8,8,1408.0,0,8.0,216,216,0.0,0,0,0,0,4,0,0,0,0,0,0,0,0,0,0,4
1326,97000,50808,3528,20,8,8,1232.0,180,4.0,208,208,0.0,0,0,0,0,4,0,0,0,0,0,0,0,0,0,0,4
1327,115500,34064,4372,16,8,8,1232.0,0,4.0,200,8,0.0,0,0,0,0,4,0,0,0,0,0,0,0,0,0,0,4
1328,138000,35555,5715,25,15,10,1440.0,1325,5.0,400,125,3395.0,0,0,0,0,5,0,0,0,0,0,0,0,0,0,0,5
1329,108000,37125,8340,35,10,15,1260.0,1050,7.5,315,290,0.0,0,5,0,0,0,0,0,0,0,0,0,0,0,0,0,5
1330,79500,45500,4675,25,10,10,1540.0,0,5.0,390,240,0.0,0,5,0,0,5,0,0,0,0,0,0,0,0,0,0,5
1331,153000,35050,8690,25,10,10,1200.0,150,10.0,365,290,875.0,0,0,0,0,5,0,0,0,0,0,0,0,0,0,0,5
1332,109500,30650,3920,25,10,15,0.0,580,10.0,420,290,3920.0,0,0,0,0,5,0,0,0,0,0,0,0,0,0,0,5
1333,124000,25000,6050,25,10,15,1200.0,0,5.0,335,10,3000.0,0,0,0,0,5,0,0,0,0,0,0,0,0,0,0,5
1334,106900,29350,6450,30,10,10,1000.0,750,7.5,540,40,0.0,0,0,0,0,5,0,0,0,0,0,0,0,0,0,0,5
1335,164900,30000,8360,30,10,15,1200.0,55,7.5,340,95,2605.0,0,0,0,0,5,0,0,0,0,0,0,0,0,0,0,5
1336,119000,30000,4745,25,10,10,1850.0,240,5.0,420,25,0.0,0,0,0,0,5,0,0,0,0,0,0,0,0,0,0,5
1337,120000,30000,5790,30,10,10,1040.0,560,5.0,395,290,0.0,0,0,0,0,5,0,0,0,0,0,0,0,0,0,0,5
1338,157000,30000,7485,30,10,10,3360.0,1360,10.0,355,40,1815.0,0,0,0,0,5,0,0,0,0,0,0,0,0,0,0,5
1339,105000,30000,6710,30,10,10,1200.0,0,10.0,345,290,1320.0,0,0,0,0,5,0,0,0,0,0,0,0,0,0,0,5
1340,113000,25000,5065,30,10,10,800.0,505,5.0,410,290,0.0,0,0,0,0,5,0,0,0,0,0,0,0,0,0,0,5
1341,115000,27600,6080,25,10,10,1775.0,900,10.0,440,55,340.0,0,0,0,0,5,0,0,0,0,0,0,0,0,0,0,5
1342,79000,29700,4480,20,10,10,1400.0,0,5.0,310,290,0.0,0,0,0,0,0,0,0,0,0,5,0,0,0,0,0,0
1343,123000,31200,5680,20,10,10,1680.0,2225,7.5,395,290,400.0,0,0,0,0,5,0,0,0,0,0,0,0,0,0,0,5
1344,81300,30600,4040,25,10,10,820.0,240,5.0,315,65,0.0,0,0,0,0,5,0,0,0,0,0,0,0,0,0,0,5
1345,162900,31200,7865,25,10,10,1800.0,0,10.0,390,80,0.0,0,0,0,0,5,0,0,0,0,0,0,0,0,0,0,5
1346,150000,31200,10045,35,10,10,2000.0,100,10.0,345,290,2700.0,0,0,0,0,5,0,0,0,0,0,0,0,0,0,0,5
1347,123500,24480,7608,20,8,8,2304.0,776,8.0,340,232,812.0,0,0,0,0,4,0,0,0,0,0,0,0,0,0,0,4
1348,129900,24480,7096,28,8,8,1872.0,1180,8.0,308,232,0.0,0,0,0,0,0,0,0,0,0,0,0,0,0,0,0,4
1349,128000,30775,6810,30,10,10,2510.0,420,10.0,440,45,0.0,5,0,0,0,5,0,0,0,0,0,0,0,0,0,0,5
1350,68500,31620,2600,20,10,5,1200.0,680,5.0,405,290,0.0,5,0,0,0,5,0,0,0,0,0,0,0,0,0,0,5
1351,127000,43175,6425,25,10,10,1200.0,0,10.0,300,35,1885.0,0,0,0,0,5,0,0,0,0,0,0,0,0,0,0,5
1352,207000,65265,9240,30,10,15,1850.0,1100,7.5,425,40,0.0,0,0,0,0,5,0,0,0,0,0,0,0,0,0,0,5
1353,184000,45600,9100,35,10,10,1200.0,500,15.0,415,290,1645.0,0,0,0,0,5,0,0,0,0,0,0,0,0,0,0,5
1354,162500,45720,8580,30,10,15,3360.0,975,10.0,465,20,0.0,0,0,0,0,5,0,0,0,0,0,0,0,0,0,0,5
1355,145000,45720,7525,25,10,10,1200.0,0,10.0,340,130,1995.0,0,0,0,0,5,0,0,0,0,0,0,0,0,0,0,5
1356,130000,51335,4190,30,10,5,1375.0,560,10.0,450,40,4080.0,0,5,0,0,5,0,0,0,0,0,0,0,0,0,0,5
1357,160000,32376,7936,24,8,8,1440.0,976,8.0,392,100,784.0,0,0,0,0,4,0,0,0,0,0,0,0,0,0,0,4
1358,161000,20400,6664,32,8,12,912.0,1020,4.0,332,48,0.0,0,0,0,0,4,0,0,0,0,0,0,0,0,0,0,4
1359,127500,17388,6436,24,12,8,912.0,728,4.0,392,232,0.0,0,0,0,0,4,0,0,0,0,0,0,0,0,0,0,4
1360,93850,12582,1536,12,6,4,880.0,168,2.0,156,116,0.0,2,0,0,0,2,0,0,0,0,0,0,0,0,0,0,2
1361,136000,20532,3072,12,4,4,616.0,592,3.0,112,112,744.0,0,0,0,0,0,0,2,0,0,0,0,0,0,0,0,0
1362,141000,13752,3938,12,4,4,800.0,68,4.0,140,100,0.0,0,0,0,0,2,0,2,0,0,0,0,0,0,0,0,0
1363,120000,20640,2616,10,4,4,800.0,234,4.0,186,60,0.0,0,0,0,0,2,0,0,0,0,0,0,0,0,0,0,2
1364,127500,14400,2080,12,4,4,640.0,264,2.0,166,32,0.0,0,0,0,0,2,0,0,0,0,0,0,0,0,0,0,2
1365,127000,14012,2472,12,4,4,768.0,0,6.0,166,116,242.0,0,0,0,0,0,0,0,0,0,0,0,0,0,0,0,2
1366,89500,15840,2812,12,4,2,0.0,288,2.0,176,116,0.0,0,0,0,0,2,0,0,0,0,0,0,0,0,0,0,2
1367,125000,32940,3300,20,8,8,2880.0,760,8.0,212,52,3300.0,4,0,0,0,4,0,0,0,0,0,0,0,0,0,0,4
1368,79900,22344,4792,24,8,8,0.0,392,4.0,352,40,0.0,0,0,0,0,0,0,0,0,0,4,0,0,0,0,0,0
1369,85000,20640,1518,10,4,4,1152.0,80,2.0,192,34,0.0,2,0,0,0,0,0,0,0,0,2,0,0,0,0,0,0
1370,82375,20640,2688,6,2,4,0.0,492,4.0,186,116,0.0,0,0,0,0,2,0,0,0,0,0,0,0,0,0,0,2
1371,135000,20640,2938,12,4,4,432.0,592,2.0,204,26,0.0,0,0,0,0,2,0,0,0,0,0,0,0,0,0,0,2
1372,124000,75904,8432,40,24,16,1920.0,1456,8.0,488,120,0.0,0,0,0,0,0,0,0,0,0,0,0,0,0,0,0,8
1373,134000,66000,9688,40,16,16,2576.0,504,8.0,320,320,5936.0,0,0,0,0,8,0,0,0,0,0,0,0,0,0,0,8
1374,135000,170288,10168,40,16,16,2496.0,864,16.0,480,464,0.0,0,0,0,0,8,0,0,0,0,0,0,0,0,0,0,8
1375,134432,359520,33348,84,42,42,14280.0,1239,42.0,1029,1029,0.0,0,0,0,0,21,0,0,0,0,0,0,0,0,0,0,21
1376,127500,60636,8130,30,12,12,0.0,840,18.0,408,54,3192.0,0,0,0,0,6,0,0,0,0,0,0,0,0,0,0,6
1377,148000,89880,8600,40,16,24,3520.0,1024,16.0,360,360,6272.0,0,0,0,0,0,0,0,0,0,0,0,0,0,0,0,8
1378,129500,89600,8320,40,16,16,3072.0,0,16.0,344,344,7248.0,0,0,0,0,8,0,0,0,0,0,0,0,0,0,0,8
1379,157500,104112,8768,48,16,16,3872.0,1344,16.0,240,240,4224.0,0,0,0,0,8,0,0,0,0,0,0,0,0,0,0,8
1380,109900,57296,7232,40,16,16,3264.0,0,8.0,336,336,0.0,0,0,0,0,0,0,0,0,0,0,0,0,0,0,0,8
1381,145000,82120,7936,40,16,24,2352.0,1632,16.0,328,24,6064.0,0,0,0,0,8,0,0,0,0,0,0,0,0,0,0,8
1382,130000,78112,7152,40,16,24,3600.0,0,16.0,328,40,5616.0,0,0,0,0,8,0,0,0,0,0,0,0,0,0,0,8
1383,153000,61624,8272,48,16,16,4032.0,2488,12.0,240,240,3600.0,0,0,0,0,8,0,0,0,0,0,0,0,0,0,0,8
1384,120000,79848,8584,40,16,16,2160.0,720,8.0,328,328,1768.0,0,0,0,0,8,0,0,0,0,0,0,0,0,0,0,8
1385,152000,59200,9008,40,16,16,4048.0,1424,16.0,192,192,8480.0,0,0,0,0,8,0,0,0,0,0,0,0,0,0,0,8
1386,108959,103200,10064,32,16,16,3200.0,960,24.0,312,312,9584.0,0,0,0,8,0,0,0,0,0,0,0,0,0,0,0,8
1387,95541,103200,9120,40,16,16,3200.0,1520,16.0,704,464,10400.0,0,0,0,8,0,0,0,0,0,0,0,0,0,0,0,8
1388,80000,72000,8048,40,16,16,0.0,192,8.0,392,392,2304.0,0,0,0,0,8,0,0,0,0,0,0,0,0,0,0,8
1389,149350,68352,9824,40,16,24,2168.0,520,12.0,336,16,0.0,0,0,0,0,8,0,0,0,0,0,0,0,0,0,0,8
1390,144900,73912,7680,40,16,24,2400.0,1344,16.0,360,40,5072.0,0,0,0,0,8,0,0,0,0,0,0,0,0,0,0,8
1391,185000,113400,9504,48,16,16,4968.0,3376,16.0,416,416,6208.0,0,0,0,0,8,0,0,0,0,0,0,0,0,0,0,8
1392,165000,106272,11064,40,16,16,2832.0,5016,16.0,432,432,8512.0,0,0,0,0,8,0,0,0,0,0,0,0,0,0,0,8
1393,235000,283500,26292,126,42,42,11844.0,8589,42.0,1008,693,31689.0,0,0,0,0,21,0,0,0,0,0,0,0,0,0,0,21
1394,140000,110600,12808,40,16,16,2400.0,2512,12.0,400,168,0.0,0,0,0,0,8,0,0,0,0,0,0,0,0,0,0,8
1395,108000,81600,5376,40,16,16,1920.0,1344,8.0,544,88,0.0,0,0,0,0,8,0,0,0,0,0,0,0,0,0,0,8
1396,145000,221172,36141,105,42,42,13146.0,2814,63.0,1008,1008,20748.0,0,0,0,0,0,0,0,0,0,0,0,0,0,0,0,21
1397,152400,67000,10800,40,16,24,5016.0,0,20.0,536,280,2688.0,0,0,0,0,8,0,0,0,0,0,0,0,0,0,0,8
1398,144000,81600,7232,40,16,24,7296.0,1144,8.0,304,304,5632.0,0,0,0,0,8,0,0,0,0,0,0,0,0,0,0,8
1399,173000,60627,27111,126,42,63,9051.0,6447,42.0,252,231,21063.0,0,0,0,0,21,0,0,0,0,0,0,0,0,0,0,21
1400,192000,210105,42462,147,42,42,10605.0,8505,52.5,651,651,8232.0,0,0,0,0,21,0,0,0,0,0,0,0,0,0,0,21
1401,245000,425670,32004,147,42,42,10038.0,2940,63.0,609,609,12579.0,0,0,0,0,21,0,0,0,0,0,0,0,0,0,0,21
1402,241500,821184,28623,147,42,42,9219.0,1701,42.0,1134,63,27069.0,0,0,0,0,21,0,0,0,0,0,0,0,0,0,0,21
1403,256000,1117767,34923,84,42,63,11109.0,7581,42.0,1134,294,23436.0,0,0,0,0,21,0,0,0,0,0,0,0,0,0,0,21
1404,177000,69072,8142,36,12,24,1872.0,978,12.0,294,12,4314.0,0,0,0,0,6,0,0,0,0,0,0,0,0,0,0,6
1405,125600,31140,6474,42,12,12,1494.0,810,6.0,360,348,0.0,0,0,0,0,6,0,0,0,0,0,0,0,0,0,0,6
1406,155000,62712,6564,36,12,12,2970.0,1722,6.0,330,330,3000.0,0,0,0,0,6,0,0,0,0,0,0,0,0,0,0,6
1407,240000,957600,49518,126,42,42,7560.0,14721,63.0,2100,231,0.0,0,0,0,0,21,0,0,0,0,0,0,0,0,0,0,21
1408,260000,117300,9108,30,12,6,0.0,234,12.0,408,6,6210.0,0,0,0,0,6,0,0,0,0,0,0,0,0,0,0,6
1409,185000,130680,10044,36,12,12,2376.0,1512,12.0,540,348,0.0,0,0,0,0,6,0,0,0,0,0,0,0,0,0,0,6
1410,235000,82368,12648,36,12,18,3240.0,540,12.0,438,132,3756.0,0,0,0,0,6,0,0,0,0,0,0,0,0,0,0,6
1411,159900,57426,9054,30,12,18,1932.0,4404,12.0,312,312,5220.0,0,0,0,0,6,0,0,0,0,0,0,0,0,0,0,6
1412,99600,56100,5184,30,12,12,0.0,0,12.0,198,198,5184.0,0,0,0,0,6,0,0,0,0,0,0,0,0,0,0,6
1413,134500,56160,7614,36,18,12,1680.0,1416,9.0,276,42,1944.0,0,0,0,0,6,0,0,0,0,0,0,0,0,0,0,6
1414,119000,50430,8202,30,12,12,2304.0,1452,12.0,648,348,3792.0,0,0,0,0,6,0,0,0,0,0,0,0,0,0,0,6
1415,107500,42000,8082,30,12,12,0.0,1398,12.0,588,102,5814.0,0,0,0,0,6,0,0,0,0,0,0,0,0,0,0,6
1416,125000,65280,6984,30,12,12,1440.0,288,12.0,348,348,6240.0,0,0,0,0,6,0,0,0,0,6,0,0,0,0,0,0
1417,79000,57600,6576,36,12,12,0.0,816,6.0,504,348,0.0,0,0,0,0,6,0,0,0,0,0,0,0,0,0,0,6
1418,95000,54504,6666,30,12,12,1200.0,288,9.0,402,348,3696.0,0,0,0,0,6,0,0,0,0,0,0,6,0,0,0,0
1419,262280,165746,32606,98,28,42,7196.0,4382,49.0,252,252,15190.0,0,0,0,0,14,0,0,0,0,0,0,0,0,0,0,14
1420,260000,136794,39396,84,42,42,8596.0,4144,42.0,182,84,10906.0,0,0,0,0,14,0,0,0,0,0,0,0,0,0,0,14
1421,226500,139132,22764,98,42,42,7476.0,6496,49.0,196,196,17794.0,0,0,0,0,14,0,0,0,0,0,0,0,0,0,0,14
1422,225000,198394,30800,98,42,42,6342.0,3724,35.0,210,196,4970.0,0,0,0,0,14,0,0,0,0,0,0,0,0,0,0,14
1423,229000,147574,28518,98,42,42,6608.0,1862,35.0,168,168,0.0,0,0,0,0,14,0,0,0,0,0,0,0,0,0,0,14
1424,177439,201704,25764,133,57,57,9196.0,2356,47.5,19,19,0.0,0,0,0,0,0,19,0,0,0,0,0,0,19,0,0,0
1425,248500,177555,30685,152,57,57,16416.0,3762,38.0,19,19,0.0,0,0,0,0,19,0,0,0,0,0,0,0,0,0,0,19
1426,475000,223782,43244,171,57,76,25612.0,6175,57.0,0,0,39615.0,0,0,0,0,0,0,0,0,0,0,0,0,0,0,0,19
1427,395039,223782,33554,171,76,76,16606.0,4788,66.5,0,0,21907.0,0,0,0,0,0,19,0,0,0,0,0,0,19,0,0,0
1428,228000,157192,29358,98,42,42,9492.0,5362,42.0,210,210,8134.0,0,0,0,0,14,0,0,0,0,0,0,0,0,0,0,14
1429,225000,160356,21154,112,42,42,11354.0,2940,42.0,182,182,10780.0,0,0,0,0,14,0,0,0,0,0,0,0,0,0,0,14
1430,195000,241500,34503,126,42,42,9198.0,7119,63.0,882,882,20685.0,0,0,0,0,21,0,0,0,0,0,0,0,0,0,0,21
1431,200000,268758,35448,126,42,63,12663.0,14742,73.5,231,231,9702.0,0,0,0,0,21,0,0,0,0,0,0,0,0,0,0,21
1432,155000,185250,18810,95,38,38,10032.0,3192,38.0,266,266,13718.0,0,0,0,0,19,0,0,0,0,0,0,0,0,0,0,19
1433,144000,180975,20881,95,38,57,6688.0,5282,28.5,247,38,0.0,0,0,0,0,19,0,0,0,0,0,0,0,0,0,0,19
1434,145000,175655,18810,95,38,38,12768.0,0,28.5,266,247,13034.0,0,0,0,0,19,0,0,0,0,0,0,0,0,0,0,19
1435,226001,165224,26942,133,38,57,10602.0,6042,57.0,209,190,24852.0,0,0,0,0,19,0,0,0,0,0,0,0,0,0,0,19
1436,215700,249698,33649,114,38,57,11400.0,1824,66.5,209,209,13072.0,0,0,0,0,19,0,0,0,0,0,0,0,0,0,0,19
1437,207500,170962,31388,133,57,57,10108.0,1330,47.5,152,152,10013.0,0,0,0,0,19,0,0,0,0,0,0,0,0,0,0,19
1438,193000,174401,34010,133,57,57,11172.0,1672,66.5,171,171,12027.0,0,0,0,0,0,0,0,0,0,0,0,0,0,0,0,19
1439,188000,169556,32756,133,38,57,10013.0,5225,47.5,190,171,0.0,0,0,0,0,19,0,0,0,0,0,0,0,0,0,0,19
1440,191000,178258,28101,133,57,57,10963.0,2755,38.0,171,152,0.0,0,0,0,0,19,0,0,0,0,0,0,0,0,0,0,19
1441,221000,243257,28386,133,57,57,10070.0,4332,57.0,114,114,17518.0,0,0,0,0,19,0,0,0,0,0,0,0,0,0,0,19
1442,231500,236265,34048,133,57,57,10716.0,6479,47.5,133,133,6859.0,0,0,0,0,19,0,0,0,0,0,0,0,0,0,0,19
1443,235000,231648,34637,133,57,57,11894.0,4332,66.5,152,133,12597.0,0,0,0,0,19,0,0,0,0,0,0,0,0,0,0,19
1444,223500,213750,33934,133,57,57,11552.0,798,66.5,133,114,9234.0,0,0,0,0,19,0,0,0,0,0,0,0,0,0,0,19
1445,130250,174800,17822,95,38,38,5852.0,2755,38.0,627,532,14649.0,0,0,0,0,19,0,0,0,0,0,0,0,0,0,0,19
1446,149900,159315,18715,95,57,38,6232.0,3990,38.0,589,589,11305.0,0,0,0,0,19,0,0,0,0,0,0,0,0,0,0,19
1447,158000,232750,22306,95,38,38,10032.0,9329,38.0,570,570,14839.0,0,0,0,0,19,0,0,0,0,0,0,0,0,0,0,19
1448,147000,208430,19494,114,38,38,10944.0,646,38.0,570,570,17860.0,0,0,0,0,19,0,0,0,0,0,0,0,0,0,0,19
1449,143195,175104,20444,95,38,38,10944.0,0,28.5,627,627,5586.0,0,0,0,0,0,0,0,0,0,0,0,0,0,0,0,19
1450,163000,272270,29602,95,38,38,8360.0,11514,57.0,627,133,12996.0,0,0,0,0,19,0,0,0,0,0,0,0,0,0,0,19
1451,110000,151810,17556,95,38,38,5320.0,0,19.0,627,627,0.0,0,0,0,0,19,0,0,0,0,0,0,0,0,0,0,19
1452,127000,136420,16416,95,38,38,6688.0,0,19.0,684,684,7410.0,0,0,0,0,19,0,0,0,0,0,0,0,0,0,0,19
1453,124900,136800,14820,95,38,38,6688.0,3724,19.0,684,684,12008.0,0,0,0,0,19,0,0,0,0,0,0,0,0,0,0,19
1454,230000,185098,34105,152,57,57,10146.0,6270,38.0,114,114,0.0,0,0,0,0,19,0,0,0,0,0,0,0,0,0,0,19
1455,237000,179987,38589,152,57,57,10963.0,4009,66.5,114,114,15276.0,0,0,0,0,19,0,0,0,0,0,0,0,0,0,0,19
1456,235000,196004,35435,133,57,57,15941.0,3496,66.5,152,152,13965.0,0,0,0,0,19,0,0,0,0,0,0,0,0,0,0,19
1457,230500,197600,41059,133,57,57,10830.0,1596,47.5,133,133,0.0,0,0,0,0,19,0,0,0,0,0,0,0,0,0,0,19
1458,230000,172254,35188,152,57,57,12540.0,6270,47.5,171,152,12692.0,0,0,0,0,19,0,0,0,0,0,0,0,0,0,0,19
1459,222500,216676,38589,133,57,57,10279.0,5244,47.5,190,171,4788.0,0,0,0,0,19,0,0,0,0,0,0,0,0,0,0,19
1460,287000,175560,42997,152,57,57,17195.0,4446,47.5,133,114,0.0,0,0,0,0,19,0,0,0,0,0,0,0,0,0,0,19
1461,274000,184680,36993,171,57,57,13775.0,5396,66.5,133,114,22686.0,0,0,0,0,19,0,0,0,0,0,0,0,0,0,0,19
1462,300000,282340,33934,152,57,57,13585.0,4123,57.0,114,95,29222.0,0,0,0,0,19,0,0,0,0,0,0,0,0,0,0,19
1463,255900,213750,43510,152,57,57,14801.0,0,47.5,114,114,0.0,0,0,0,0,19,0,0,0,0,0,0,0,0,0,0,19
1464,224900,155002,33592,133,57,57,10317.0,1197,66.5,95,95,10450.0,0,0,0,0,19,0,0,0,0,0,0,0,0,0,0,19
1465,240000,207195,44213,133,57,57,11324.0,1083,47.5,95,95,0.0,0,0,0,0,19,0,0,0,0,0,0,0,0,0,0,19
1466,183000,137294,31160,133,57,57,11305.0,855,47.5,95,95,0.0,0,0,0,0,19,0,0,0,0,0,0,0,0,0,0,19
1467,207000,222110,33516,152,57,57,10640.0,2831,47.5,171,152,0.0,0,0,0,0,19,0,0,0,0,0,0,0,0,0,0,19
1468,210000,166250,36252,133,57,57,9367.0,5263,66.5,266,247,12198.0,0,0,0,0,19,0,0,0,0,0,0,0,0,0,0,19
1469,136500,84265,16112,114,57,57,7980.0,2660,38.0,95,95,13034.0,0,0,0,0,19,0,0,0,0,0,0,0,0,0,0,19
1470,145000,84094,16112,114,57,57,7980.0,2660,38.0,76,76,12578.0,0,0,0,0,19,0,0,0,0,0,0,0,0,0,0,19
1471,208900,249375,28367,114,38,57,9652.0,3401,57.0,209,190,18886.0,0,0,0,0,19,0,0,0,0,0,0,0,0,0,0,19
1472,185000,192394,34922,114,38,38,13699.0,4313,76.0,209,190,33345.0,0,0,0,0,0,0,0,0,0,0,0,0,0,0,0,19
1473,214000,173565,29184,133,57,57,10108.0,5054,57.0,114,95,15390.0,0,0,0,0,19,0,0,0,0,0,0,0,0,0,0,19
1474,208500,160550,32490,133,57,57,10412.0,1159,66.5,95,95,13414.0,0,0,0,0,19,0,0,0,0,0,0,0,0,0,0,19
1475,186500,185250,27455,133,57,57,8930.0,665,38.0,76,76,456.0,0,0,0,0,19,0,0,0,0,0,0,0,0,0,0,19
1476,210000,160550,27284,133,57,57,9196.0,4503,57.0,76,76,17974.0,0,0,0,0,19,0,0,0,0,0,0,0,0,0,0,19
1477,185900,158080,30058,133,57,57,9880.0,855,47.5,76,76,9310.0,0,0,0,0,19,0,0,0,0,0,0,0,0,0,0,19
1478,179900,209931,23446,152,57,57,9196.0,570,38.0,19,19,0.0,0,0,0,0,19,0,0,0,0,0,0,0,0,0,0,19
1479,218836,210102,29716,133,57,57,15466.0,456,38.0,19,19,1064.0,0,0,0,0,19,0,0,0,0,0,0,0,0,0,0,19
1480,193000,182913,25859,133,57,57,11590.0,950,38.0,19,19,456.0,0,0,0,0,19,0,0,0,0,0,0,0,0,0,0,19
1481,189000,155781,27664,133,57,57,7790.0,1026,66.5,57,57,12312.0,0,0,0,0,19,0,0,0,0,0,0,0,0,0,0,19
1482,149300,84094,16112,114,57,57,7980.0,2831,38.0,76,76,13243.0,0,0,0,0,19,0,0,0,0,0,0,0,0,0,0,19
1483,141000,84094,16112,114,57,57,7980.0,2831,38.0,76,76,13243.0,0,0,0,0,19,0,0,0,0,0,0,0,0,0,0,19
1484,149000,84322,16112,114,57,57,7980.0,2831,38.0,76,76,12578.0,0,0,0,0,19,0,0,0,0,0,0,0,0,0,0,19
1485,144500,84322,16112,114,57,57,7980.0,2660,38.0,76,76,12578.0,0,0,0,0,19,0,0,0,0,19,0,0,0,0,0,0
1486,85000,52662,4776,30,12,12,0.0,2952,6.0,588,348,0.0,0,0,0,0,6,0,0,0,0,0,0,0,0,0,0,6
1487,145900,52662,13200,30,12,12,0.0,420,30.0,648,30,6504.0,0,0,0,0,6,0,0,0,0,0,0,0,0,0,0,6
1488,123000,58950,6552,30,12,12,1584.0,2520,6.0,252,252,3654.0,0,0,0,0,0,0,6,0,0,0,0,0,0,0,0,0
1489,147500,59622,7536,30,18,12,1656.0,4824,15.0,258,258,6720.0,0,0,0,0,6,0,0,0,0,0,0,0,0,0,0,6
1490,165000,72612,6198,30,12,12,3024.0,1344,9.0,192,192,2736.0,0,0,0,0,0,0,0,0,0,0,0,0,0,0,0,6
1491,135000,39000,6762,36,12,12,2880.0,828,12.0,192,192,6198.0,0,0,0,0,6,0,0,0,0,0,0,0,0,0,0,6
1492,108000,83442,5976,30,12,12,0.0,864,12.0,408,234,1740.0,0,0,0,0,6,0,0,0,0,0,0,0,0,0,0,6
1493,137500,60072,7086,24,12,12,3528.0,1080,18.0,216,216,6600.0,0,0,0,0,6,0,0,0,0,0,0,0,0,0,0,6
1494,165400,41586,9936,42,18,18,2382.0,1836,15.0,30,24,0.0,0,0,0,0,6,0,0,0,0,0,0,0,0,0,0,6
1495,147000,57828,6702,36,12,12,3252.0,1752,12.0,186,186,2928.0,0,0,0,0,6,0,0,0,0,0,0,0,0,0,0,6
1496,160500,43200,8388,36,12,12,2640.0,0,9.0,192,42,1728.0,0,0,0,0,6,0,0,0,0,0,0,0,0,0,0,6
1497,176000,42144,6792,24,12,18,2706.0,1896,15.0,18,18,6144.0,0,0,0,0,6,0,0,0,0,0,0,0,0,0,0,6
1498,284700,282042,22920,30,12,24,3744.0,2232,21.0,294,72,0.0,0,0,0,0,6,0,0,0,0,0,0,0,0,0,0,6
1500,148000,22050,6432,36,12,12,3150.0,168,12.0,18,18,2754.0,0,0,0,0,6,0,0,0,0,0,0,0,0,0,0,6
1501,82000,36240,6912,24,12,6,0.0,0,12.0,318,318,0.0,0,0,6,0,0,0,0,0,0,0,0,0,0,0,0,6
1502,82000,36072,6912,24,12,12,0.0,0,12.0,318,318,0.0,0,0,6,0,0,0,0,0,0,0,0,0,0,0,0,6
1503,118000,72648,8640,24,12,6,0.0,0,12.0,318,318,798.0,0,0,0,0,6,0,0,0,0,0,0,0,0,0,0,6
1504,82500,41070,6912,24,12,12,0.0,0,12.0,318,318,0.0,0,0,0,0,6,0,0,0,0,0,0,0,0,0,0,6
1505,91900,41586,4704,24,12,12,0.0,672,12.0,318,318,4704.0,0,0,0,0,6,0,0,0,0,0,0,0,0,0,0,6
1506,120000,73080,6318,30,12,24,0.0,252,9.0,420,6,0.0,0,0,0,0,0,0,0,0,0,0,0,0,0,0,0,6
1507,96000,48300,6822,30,12,12,0.0,0,9.0,366,90,0.0,0,0,0,0,6,0,0,0,0,0,0,0,0,0,0,6
1508,99000,57120,5580,24,12,12,1716.0,804,6.0,330,330,4602.0,0,0,0,0,6,0,0,0,0,0,0,0,0,0,0,6
1509,130500,70602,7200,30,12,12,1440.0,0,6.0,372,78,2112.0,0,0,0,0,6,0,0,0,0,0,0,0,0,0,0,6
1510,135000,49032,8820,24,12,12,3288.0,936,12.0,324,216,0.0,0,0,0,0,6,0,0,0,0,0,0,0,0,0,0,6
1511,135500,98796,8358,30,12,12,1800.0,2316,9.0,318,318,0.0,0,0,0,0,6,0,0,0,0,0,0,0,0,0,0,6
1512,100000,46152,7224,24,12,12,1872.0,0,6.0,324,324,0.0,0,0,0,0,0,0,0,0,0,0,0,0,0,0,0,6
1513,108000,30852,7752,24,12,18,1230.0,1098,9.0,510,0,1344.0,0,0,0,0,6,0,0,0,0,0,0,0,0,0,0,6
1514,98000,33624,5184,30,12,12,0.0,576,12.0,498,348,2808.0,0,0,0,0,6,0,0,0,0,0,0,0,0,0,0,6
1515,67000,49488,5184,18,12,12,0.0,600,12.0,564,348,246.0,0,0,0,0,6,0,0,0,0,0,0,0,0,0,0,6
1516,135900,39809,12012,35,14,7,0.0,1288,21.0,672,56,1470.0,0,0,0,0,7,0,0,0,0,0,0,0,0,0,0,7
1517,140000,85085,10374,42,14,7,2800.0,1778,14.0,581,406,1092.0,0,0,0,0,7,0,0,0,0,0,0,0,0,0,0,7
1518,179500,58800,15344,35,14,21,1680.0,2002,17.5,483,77,2646.0,0,0,0,0,7,0,0,0,0,0,0,0,0,0,0,7
1519,136500,58800,11858,42,14,14,4032.0,3290,14.0,581,406,2961.0,0,0,0,0,7,0,0,0,0,0,0,0,0,0,0,7
1520,168000,51030,9968,49,14,14,2184.0,630,14.0,609,406,0.0,0,0,0,0,7,0,0,0,0,0,0,0,0,0,0,7
1521,130000,59675,13748,35,14,14,0.0,1344,10.5,679,406,0.0,0,0,0,0,0,0,0,0,0,0,0,0,0,0,0,7
1522,189000,68894,18207,35,14,14,4347.0,3388,24.5,609,70,0.0,0,0,0,0,7,0,0,0,0,0,0,0,0,0,0,7
1523,161900,54628,13440,42,14,14,3360.0,2583,35.0,546,406,6720.0,0,0,0,0,0,0,0,0,0,0,0,0,0,0,0,7
1524,145000,179380,26320,120,40,40,7380.0,3840,40.0,1640,1160,7580.0,0,0,0,0,20,0,0,0,0,0,0,0,0,0,0,20
1525,191000,230520,51100,120,40,40,13440.0,8620,40.0,1720,280,0.0,0,0,0,0,20,0,0,0,0,0,0,0,0,0,0,20
1526,177000,311520,33600,120,40,40,6160.0,3200,40.0,1860,640,0.0,0,0,0,0,20,0,0,0,0,0,0,0,0,0,0,20
1527,147500,311280,25280,120,40,40,8000.0,8480,20.0,1880,260,0.0,0,0,0,0,20,0,0,0,0,0,0,0,0,0,0,20
1528,91000,44044,5530,42,14,14,1120.0,987,7.0,546,406,2688.0,0,0,0,0,7,0,0,0,0,0,0,0,0,0,0,7
1529,231000,152180,30240,160,60,60,3600.0,2840,60.0,1660,220,8120.0,0,0,0,0,20,0,0,0,0,0,0,0,0,0,0,20
1530,115000,73360,11473,42,14,14,1680.0,0,7.0,504,406,0.0,0,0,0,0,7,0,0,0,0,0,0,0,0,0,0,7
1531,138000,193000,32060,120,40,40,11980.0,4340,20.0,1700,1160,0.0,0,0,0,0,20,0,0,0,0,0,0,0,0,0,0,20
1532,149000,144000,30040,140,40,40,5400.0,2240,30.0,1540,160,0.0,0,0,0,0,20,0,0,0,0,0,0,0,0,0,0,20
1533,188700,239760,33200,120,40,40,4800.0,0,30.0,1480,260,6520.0,0,0,0,0,20,0,0,0,0,0,0,0,0,0,0,20
1534,198000,234000,38760,100,40,60,4800.0,800,40.0,1420,260,12120.0,0,0,0,0,20,0,0,0,0,0,0,0,0,0,0,20
1535,110000,185200,27480,100,40,40,4500.0,3280,20.0,1400,1160,0.0,0,0,0,0,20,0,0,0,0,0,0,0,0,0,0,20
1536,104000,156020,21820,120,40,40,6880.0,7840,30.0,1140,1140,10000.0,0,0,0,0,20,0,0,0,0,0,0,0,0,0,0,20
1537,257076,193400,37460,160,40,40,15720.0,4140,30.0,1460,1160,4200.0,0,0,0,20,0,0,0,0,0,0,0,0,0,0,0,20
1538,381000,282000,68940,160,40,60,20280.0,6520,70.0,1460,220,3840.0,0,0,0,0,20,0,0,0,0,0,0,0,0,0,0,20
1539,311500,313200,39080,140,60,60,8620.0,5380,40.0,1380,40,6820.0,0,0,0,0,20,0,0,0,0,0,0,0,0,0,0,20
1540,263400,247840,43220,140,40,60,10120.0,1920,70.0,1160,160,8700.0,0,0,0,0,20,0,0,0,0,0,0,0,0,0,0,20
1541,236500,521460,37960,100,40,40,9680.0,5500,50.0,1040,1040,22320.0,0,0,0,0,20,0,0,0,0,0,0,0,0,0,0,20
1542,224000,295560,32800,120,60,60,18480.0,6480,40.0,1080,40,14560.0,0,0,0,0,20,0,0,0,0,0,0,0,0,0,0,20
1543,116500,20669,11352,66,22,22,5082.0,2343,11.0,308,308,4026.0,0,0,0,0,11,0,0,0,0,0,0,0,0,0,0,11
1544,151000,21450,17116,66,22,22,4972.0,1771,38.5,308,308,7623.0,0,0,0,0,11,0,11,0,0,0,0,0,0,0,0,0
1545,126000,14000,1838,12,4,4,390.0,232,4.0,164,20,678.0,0,0,0,0,2,0,0,0,0,0,0,0,0,0,0,2
1546,120000,12000,2180,12,4,4,480.0,0,2.0,136,4,0.0,0,0,0,0,2,0,0,0,0,0,0,0,0,0,0,2
1547,55000,7272,1592,8,4,4,0.0,200,2.0,172,116,0.0,0,0,0,0,2,0,0,0,0,0,0,0,0,0,0,2
1548,120500,11780,1632,12,6,4,864.0,192,2.0,156,2,1076.0,0,0,0,0,2,0,0,0,0,0,0,0,0,0,0,2
1549,120500,13800,1556,10,4,4,1848.0,50,2.0,136,106,1056.0,0,0,0,0,2,0,0,0,0,0,0,0,0,0,0,2
1550,119000,16310,2400,10,4,4,0.0,192,2.0,156,116,0.0,0,0,0,0,2,0,0,0,0,0,0,0,0,0,0,2
1551,126000,12000,3312,10,2,4,576.0,560,3.0,82,82,514.0,0,0,0,0,2,0,0,0,0,0,0,0,0,0,0,2
1552,99500,14784,1824,10,4,4,720.0,180,2.0,156,26,0.0,0,0,0,0,2,0,0,0,0,0,0,0,0,0,0,2
1553,165500,18000,3910,10,4,4,712.0,0,4.0,100,100,660.0,0,0,0,0,2,0,0,0,0,0,0,0,0,0,0,2
1554,13100,29168,1466,2,2,2,974.0,0,2.0,112,112,0.0,0,0,0,0,0,0,0,0,0,0,0,0,0,0,0,2
1555,89000,10560,2722,8,4,4,370.0,246,2.0,226,116,0.0,0,0,0,0,2,0,0,0,0,0,0,0,0,0,0,2
1556,40000,17000,2634,8,4,4,500.0,452,2.0,176,116,0.0,0,0,0,0,2,0,0,0,0,0,0,0,0,0,0,2
1557,80900,10300,2098,8,4,4,390.0,0,2.0,196,16,0.0,0,0,0,0,2,0,0,0,0,0,0,0,0,0,0,2
1558,81000,36000,1788,6,2,4,2496.0,40,2.0,146,116,0.0,0,0,0,0,2,0,0,0,0,2,0,0,0,0,0,0
1559,65000,18000,1728,8,4,2,432.0,380,3.0,176,116,0.0,0,0,0,0,2,0,0,0,0,0,0,0,0,0,0,2
1560,392500,111740,33040,160,80,60,9640.0,7360,70.0,0,0,29600.0,0,0,0,0,0,20,0,0,0,0,0,0,20,0,0,0
1561,294464,76860,32960,160,80,80,10500.0,7360,70.0,20,0,29520.0,0,0,0,0,0,20,0,0,0,0,0,0,20,0,0,0
1562,250000,76220,32920,140,60,80,9640.0,6720,70.0,80,60,29480.0,0,0,0,0,20,0,0,0,0,0,0,0,0,0,0,20
1563,275000,76840,32920,160,60,60,9640.0,6720,70.0,80,60,27460.0,0,0,0,0,20,0,0,0,0,0,0,0,0,0,0,20
1564,300000,308490,26416,91,39,39,10218.0,3094,52.0,156,143,9100.0,0,0,0,0,13,0,0,0,0,0,0,0,0,0,0,13
1565,271000,172445,21957,104,39,39,11141.0,2717,39.0,78,78,15834.0,0,0,0,0,13,0,0,0,0,0,0,0,0,0,0,13
1566,213000,143650,23660,91,26,39,10608.0,4550,32.5,156,143,0.0,0,0,0,0,13,0,0,0,0,0,0,0,0,0,0,13
1567,171000,128440,14534,78,26,26,4654.0,2639,26.0,403,403,6786.0,0,0,0,0,13,0,0,0,0,0,0,0,0,0,0,13
1568,171500,131625,16627,78,26,26,6149.0,4173,32.5,403,403,11960.0,0,0,0,0,13,0,0,0,0,0,0,0,0,0,0,13
1569,100000,133380,24336,65,26,26,6292.0,0,39.0,416,416,0.0,0,0,0,0,0,0,0,0,0,0,0,0,0,0,0,13
1570,228500,129870,21957,52,26,26,5616.0,7124,39.0,221,221,17979.0,0,0,0,0,13,0,0,0,0,0,0,0,0,0,0,13
1571,228950,3787180,41078,115,46,46,12167.0,15410,92.0,989,989,32108.0,0,0,0,0,23,0,0,0,0,0,0,0,0,0,0,23
1572,241500,93932,34523,161,69,69,11776.0,5520,69.0,506,506,20539.0,0,0,0,0,23,0,0,0,0,0,0,0,0,0,0,23
1573,287000,356454,66654,184,69,69,15295.0,5658,69.0,736,736,35995.0,0,0,0,0,0,0,23,0,0,0,0,0,0,0,0,0
1574,294000,265949,35351,184,69,69,18124.0,598,69.0,46,23,23828.0,0,0,0,0,23,0,0,0,0,0,0,0,0,0,0,23
1575,293077,218960,37858,184,69,69,18400.0,5428,69.0,23,0,34799.0,0,0,0,0,0,23,0,0,0,0,0,0,23,0,0,0
1576,264966,295596,40940,184,69,69,14076.0,4416,80.5,23,23,17710.0,0,0,0,0,0,23,0,0,0,0,0,0,23,0,0,0
1577,172500,225446,33166,115,46,46,9200.0,2300,57.5,46,23,0.0,0,0,0,0,23,0,0,0,0,0,0,0,0,0,0,23
1578,167500,223905,32062,115,46,69,9200.0,2300,57.5,46,23,0.0,0,0,0,0,23,0,0,0,0,0,0,0,0,0,0,23
1579,218689,276414,37076,161,69,69,15318.0,1472,57.5,0,0,0.0,0,0,0,0,0,23,0,0,0,0,0,0,23,0,0,0
1580,150000,296470,34385,138,46,46,10074.0,10212,46.0,437,437,0.0,0,0,0,0,23,0,0,0,0,0,0,0,0,0,0,23
1581,184000,285568,37973,138,46,46,14168.0,4416,69.0,506,506,36938.0,0,0,0,0,23,0,0,0,0,0,0,0,0,0,0,23
1582,180000,420095,28888,138,69,69,13294.0,6486,46.0,506,506,22540.0,0,0,0,0,23,0,0,0,0,0,0,0,0,0,0,23
1583,175000,234600,34707,138,69,69,13800.0,5152,69.0,460,437,18009.0,0,0,0,0,0,0,0,0,0,0,0,0,0,0,0,23
1584,232500,257646,33120,184,69,69,10741.0,6440,69.0,115,115,23667.0,0,0,0,0,23,0,0,0,0,0,0,0,0,0,0,23
1585,195000,182045,38525,138,69,69,10005.0,4991,69.0,207,184,28129.0,0,0,0,0,23,0,0,0,0,0,0,0,0,0,0,23
1586,305000,281612,52026,184,69,69,17227.0,3864,80.5,115,115,20033.0,0,0,0,0,23,0,0,0,0,0,0,0,0,0,0,23
1587,298751,263327,39744,184,69,69,11960.0,6348,69.0,23,23,23253.0,0,0,0,0,23,0,0,0,0,0,0,0,0,0,0,23
1588,370000,263281,45172,184,69,69,20516.0,6095,80.5,69,46,36133.0,0,0,0,0,23,0,0,0,0,0,0,0,0,0,0,23
1589,209200,116220,17472,91,26,26,10192.0,0,52.0,143,130,17017.0,0,0,0,13,0,0,0,0,0,0,0,0,0,0,0,13
1590,206300,91780,17472,91,26,26,10192.0,0,52.0,143,130,17017.0,0,0,0,13,0,0,0,0,0,0,0,0,0,0,0,13
1591,146000,120614,14196,65,26,26,0.0,676,13.0,13,0,0.0,0,0,0,0,0,0,0,0,0,0,0,0,0,0,0,13
1592,160500,58500,15457,78,26,26,5096.0,1586,39.0,143,143,11232.0,0,0,0,0,13,0,0,0,0,0,0,0,0,0,0,13
1593,173000,183781,15600,52,26,26,11050.0,3770,26.0,572,572,14456.0,0,0,0,0,13,0,0,0,0,13,0,0,0,0,0,0
1594,124000,4224,1040,5,2,2,499.0,100,1.0,33,33,769.0,0,0,0,0,1,0,0,0,0,0,0,0,0,0,0,1
1595,115000,2665,1304,5,2,2,336.0,165,1.5,32,32,0.0,0,0,0,0,1,0,0,0,0,0,0,0,0,0,0,1
1596,129500,2665,1475,5,2,2,336.0,118,2.0,32,32,318.0,0,0,0,0,1,0,0,0,0,0,0,0,0,0,0,1
1597,105000,1974,988,4,2,2,297.0,221,2.0,35,2,501.0,0,0,0,0,1,0,0,0,0,0,0,0,0,0,0,1
1598,94900,1596,988,4,2,2,297.0,221,2.0,35,35,437.0,0,0,0,0,1,0,0,0,0,0,0,0,0,0,0,1
1599,152500,233727,15080,65,26,39,3341.0,1053,26.0,520,520,10205.0,0,0,0,0,13,0,0,0,0,0,0,0,0,0,0,13
1600,98000,1477,1092,6,2,2,0.0,187,2.5,38,1,358.0,0,0,0,0,1,0,0,0,0,0,0,0,0,0,0,1
1601,81000,1890,630,4,2,2,0.0,88,2.0,36,36,495.0,0,0,0,0,1,0,0,0,0,0,0,0,0,0,0,1
1602,113000,282750,12844,65,26,26,6760.0,0,13.0,702,702,0.0,0,0,0,0,13,0,0,0,0,0,0,0,0,0,0,13
1603,128500,84370,10608,65,26,26,3432.0,4095,19.5,325,325,6942.0,0,0,0,0,13,0,0,0,0,0,0,0,0,0,0,13
1604,119500,90363,11999,65,26,26,3432.0,4706,26.0,312,299,8554.0,0,0,0,0,13,0,0,0,0,0,0,0,0,0,0,13
1605,130500,85800,10608,65,39,39,3432.0,0,19.5,338,0,8333.0,0,0,0,0,13,0,0,0,0,0,0,0,0,0,0,13
1606,138000,85800,10608,65,26,26,10608.0,0,26.0,338,65,10608.0,0,0,0,0,13,0,0,0,0,0,0,0,0,0,0,13
1607,134500,85800,10985,65,26,39,3432.0,0,13.0,338,39,8294.0,0,0,0,0,13,0,0,0,0,0,0,0,0,0,0,13
1608,160000,162604,22750,78,26,26,5499.0,5213,39.0,884,299,8580.0,0,0,0,0,13,0,0,0,0,0,0,0,0,0,0,13
1609,137500,161135,11557,65,26,26,6292.0,0,13.0,312,312,8411.0,0,0,0,0,13,0,0,0,0,0,0,0,0,0,0,13
1610,172000,143975,25584,65,26,26,6890.0,6422,39.0,507,507,9815.0,0,0,0,0,13,0,0,0,0,0,0,0,0,0,0,13
1611,103000,113200,3672,10,4,4,576.0,0,4.0,216,116,0.0,0,0,0,0,2,0,0,0,0,0,0,0,0,0,0,2
1612,167300,128004,19044,72,24,24,6300.0,528,24.0,432,432,10056.0,0,0,0,0,12,0,0,0,0,0,0,0,0,0,0,12
1613,167000,127536,15324,84,24,24,6312.0,2112,24.0,444,444,9336.0,0,0,0,0,12,0,0,0,0,0,0,0,0,0,0,12
1614,244000,163812,26676,84,24,24,6192.0,3600,36.0,408,408,22560.0,0,0,0,0,12,0,0,0,0,0,0,0,0,0,0,12
1615,268000,190380,26604,96,36,36,7452.0,6144,36.0,444,444,14088.0,0,0,0,0,12,0,0,0,0,0,0,0,0,0,0,12
1616,225000,198304,27728,112,48,48,6928.0,2368,40.0,64,64,0.0,0,0,0,0,0,0,0,0,0,0,0,0,0,0,0,16
1617,168000,165824,25152,96,32,32,5968.0,640,40.0,192,176,0.0,0,0,0,0,16,0,0,0,0,0,0,0,0,0,0,16
1618,177000,221904,23520,96,32,32,6208.0,1200,40.0,160,160,2912.0,0,0,0,0,16,0,0,0,0,0,0,0,0,0,0,16
1619,169000,140368,25600,96,32,32,7360.0,2208,40.0,160,160,0.0,0,0,0,0,16,0,0,0,0,0,0,0,0,0,0,16
1620,161500,141952,22144,96,32,32,6240.0,0,40.0,160,160,0.0,0,0,0,0,16,0,0,0,0,0,0,0,0,0,0,16
1621,251000,149240,46256,224,84,112,13972.0,4032,84.0,196,196,33488.0,0,0,0,0,28,0,0,0,0,0,0,0,0,0,0,28
1622,160000,162352,27104,96,32,32,6368.0,5120,40.0,208,208,2976.0,0,0,0,0,16,0,0,0,0,0,0,0,0,0,0,16
1623,180000,138192,27424,96,32,32,7216.0,4864,56.0,128,112,13936.0,0,0,0,0,0,0,0,0,0,0,0,0,0,0,0,16
1624,178750,126000,24848,112,48,48,6720.0,704,40.0,176,176,6624.0,0,0,0,0,16,0,0,0,0,0,0,0,0,0,0,16
1625,176000,126000,20048,112,32,32,6432.0,3856,32.0,192,176,0.0,0,0,0,0,16,0,0,0,0,0,0,0,0,0,0,16
1626,204000,120000,36784,96,32,32,7712.0,3488,56.0,128,64,0.0,0,0,0,0,16,0,0,0,0,0,0,0,0,0,0,16
1627,160000,152896,18992,112,32,48,6720.0,336,32.0,240,224,0.0,0,0,0,0,16,0,0,0,0,0,0,0,0,0,0,16
1628,160000,172544,23552,112,48,48,6432.0,2624,40.0,256,240,0.0,0,0,0,0,16,0,0,0,0,0,0,0,0,0,0,16
1629,163900,146000,23712,112,32,48,6272.0,2000,40.0,240,240,0.0,0,0,0,0,16,0,0,0,0,0,0,0,0,0,0,16
1630,168000,122480,26272,96,32,32,6272.0,5984,40.0,224,208,0.0,0,0,0,0,16,0,0,0,0,0,0,0,0,0,0,16
1631,154204,290560,18048,96,32,32,7680.0,5664,32.0,688,688,8800.0,0,0,0,16,0,0,0,0,0,0,0,0,0,0,0,16
1632,170000,103488,30464,224,84,84,12908.0,5908,42.0,588,588,0.0,0,0,0,0,28,0,0,0,0,0,0,0,0,0,0,28
1633,207500,141736,58520,196,84,84,16156.0,6132,84.0,644,644,28280.0,0,0,0,0,28,0,0,0,0,0,0,0,0,0,0,28
1634,182000,132720,33012,224,84,56,13440.0,6804,84.0,532,532,6944.0,0,0,0,0,28,0,0,0,0,0,0,0,0,0,0,28
1635,212000,143304,36988,224,84,84,13552.0,5712,56.0,476,476,25928.0,0,0,0,0,28,0,0,0,0,0,0,0,0,0,0,28
1636,377426,396396,53816,252,84,84,18928.0,6412,84.0,56,28,34972.0,0,0,0,0,28,0,0,0,0,0,0,0,0,0,0,28
1637,349265,345184,71148,224,84,112,20412.0,4256,126.0,56,56,27608.0,0,0,0,0,28,0,0,0,0,0,0,0,0,0,0,28
1638,591587,1455272,65464,252,112,84,31080.0,12796,98.0,28,0,30828.0,0,0,0,0,0,28,0,0,0,0,0,0,28,0,0,0
1639,155000,665600,22784,80,32,32,13248.0,2304,40.0,608,272,16752.0,0,0,0,0,16,0,0,0,0,0,0,0,0,0,0,16
1640,319900,224980,45136,252,84,112,15568.0,4592,84.0,28,28,22316.0,0,0,0,0,28,0,0,0,0,0,0,0,0,0,0,28
1641,392000,226492,39732,224,84,84,15876.0,3920,84.0,0,0,26460.0,0,0,0,0,0,28,0,0,0,0,0,0,28,0,0,0
1642,441929,394296,62552,224,84,84,20272.0,13160,70.0,28,28,43624.0,0,0,0,0,28,0,0,0,0,0,0,0,0,0,0,28
1643,455000,388360,57176,280,112,112,20272.0,13048,84.0,28,0,32256.0,0,0,0,0,0,28,0,0,0,0,0,0,28,0,0,0
1644,182900,188190,21600,90,45,45,7005.0,1485,30.0,390,390,10170.0,0,0,0,0,15,0,0,0,0,0,0,0,0,0,0,15
1645,174000,164400,19260,90,30,30,7200.0,2880,45.0,345,345,3840.0,0,0,0,0,0,0,15,0,0,0,0,0,0,0,0,0
1646,178000,181350,28020,90,30,30,7155.0,7905,52.5,345,60,0.0,0,0,0,0,0,0,0,0,0,0,0,0,0,0,0,15
1647,176000,181350,22185,105,45,45,7260.0,3585,37.5,390,60,4815.0,0,0,0,0,15,0,0,0,0,0,0,0,0,0,0,15
1648,213000,184485,24960,105,30,45,9945.0,0,45.0,435,330,19920.0,0,0,0,0,15,0,0,0,0,0,0,0,0,0,0,15
1649,192000,170085,28950,105,30,45,7215.0,3960,52.5,420,420,11370.0,0,0,0,0,15,0,0,0,0,0,0,0,0,0,0,15
1650,190000,179280,29535,105,30,30,8010.0,4140,37.5,450,450,0.0,0,0,0,0,15,0,0,0,0,0,0,0,0,0,0,15
1651,195000,180690,30450,90,30,45,8265.0,3360,37.5,465,465,2340.0,0,0,0,0,15,0,0,0,0,0,0,0,0,0,0,15
1652,148000,155925,15480,90,30,30,8460.0,0,37.5,435,435,9075.0,0,0,0,0,15,0,0,0,0,0,0,0,0,0,0,15
1653,151500,177750,17655,90,30,45,7425.0,4605,30.0,345,345,11715.0,0,0,0,0,15,0,0,0,0,0,0,0,0,0,0,15
1654,197000,173760,25875,105,30,30,8250.0,4560,37.5,420,420,6375.0,0,0,0,0,15,0,0,0,0,0,0,0,0,0,0,15
1655,192350,156000,20295,90,30,30,7170.0,5715,45.0,420,120,13545.0,0,0,0,0,15,0,0,0,0,0,0,0,0,0,0,15
1656,152000,161895,24300,75,30,30,6930.0,3120,37.5,570,570,11700.0,0,15,0,0,15,0,0,0,0,0,0,0,0,0,0,15
1657,170000,195015,18300,90,30,30,14160.0,3735,37.5,540,540,9195.0,0,0,0,0,15,0,0,0,0,0,0,0,0,0,0,15
1658,175000,183645,22260,75,30,30,7305.0,6060,30.0,540,540,14970.0,0,0,0,0,15,0,0,0,0,0,0,0,0,0,0,15
1659,175000,175500,26145,90,45,30,8085.0,3360,37.5,585,585,8385.0,0,0,0,0,15,0,0,0,0,0,0,0,0,0,0,15
1660,197900,185760,29025,105,30,30,8250.0,5475,37.5,465,465,0.0,0,0,0,0,15,0,0,0,0,0,0,0,0,0,0,15
1661,174000,134865,19860,105,30,45,8775.0,6645,37.5,465,465,18420.0,0,0,0,0,15,0,0,0,0,0,0,0,0,0,0,15
1662,178900,120000,28155,90,30,30,7320.0,1440,52.5,495,495,16260.0,0,0,0,0,15,0,0,0,0,0,0,0,0,0,0,15
1663,139000,126000,13308,60,24,24,3456.0,420,18.0,432,24,4188.0,0,0,0,0,12,0,0,0,0,0,0,0,0,0,0,12
1664,143250,126360,11772,72,24,24,6912.0,4224,30.0,432,432,3804.0,0,0,0,0,12,0,0,0,0,0,0,0,0,0,0,12
1665,184000,89664,17748,84,24,36,5808.0,384,30.0,420,36,7512.0,0,0,0,0,12,0,0,0,0,0,0,0,0,0,0,12
1666,155000,113484,17064,60,24,24,6912.0,3024,24.0,444,204,6792.0,0,0,0,0,12,0,0,0,0,0,0,0,0,0,0,12
1667,133000,95040,10968,60,24,48,4416.0,1440,12.0,444,60,8400.0,0,0,0,0,12,0,0,0,0,0,0,0,0,0,0,12
1668,119500,117096,11400,60,24,24,3360.0,0,12.0,432,432,8388.0,0,0,0,0,12,0,0,0,0,0,0,0,0,0,0,12
1669,123000,99528,10464,48,24,24,5760.0,0,12.0,432,432,0.0,0,0,0,0,12,0,0,0,0,0,0,0,0,0,0,12
1670,110000,88080,10296,48,24,24,8208.0,0,12.0,432,432,3864.0,0,0,0,0,12,0,0,0,0,0,0,0,0,0,0,12
1671,128000,206388,10968,48,24,24,3240.0,1680,12.0,552,552,3768.0,0,0,0,0,12,0,0,0,0,0,0,0,0,0,0,12
1672,120500,108000,10368,48,24,24,6336.0,0,12.0,432,432,7392.0,0,0,0,0,12,0,0,0,0,0,0,0,0,0,0,12
1673,133000,48696,9204,84,24,24,4404.0,1920,24.0,108,108,8676.0,0,0,0,0,12,0,0,0,0,0,0,0,0,0,0,12
1674,155000,49356,16044,72,36,36,6132.0,2448,24.0,72,72,0.0,0,0,0,0,12,0,0,0,0,0,0,0,0,0,0,12
1675,177000,131316,16044,72,36,36,6264.0,816,36.0,120,108,11160.0,0,0,0,0,12,0,0,0,0,0,0,0,0,0,0,12
1676,113500,6615,3276,18,6,6,792.0,432,4.5,102,102,936.0,0,0,0,0,3,0,0,0,0,0,0,0,0,0,0,3
1677,113000,5670,3654,18,6,6,792.0,516,4.5,102,102,1068.0,0,0,0,0,3,0,0,0,0,0,0,0,0,0,0,3
1678,113700,6174,3654,18,6,12,792.0,84,4.5,102,102,0.0,0,0,0,0,3,0,0,0,0,0,0,0,0,0,0,3
1679,106000,6048,3906,15,6,6,1320.0,0,7.5,111,111,0.0,0,0,0,0,3,0,0,0,0,0,0,0,0,0,0,3
1680,122500,5760,4095,15,6,6,1320.0,828,7.5,108,108,1413.0,0,0,0,0,3,0,0,0,0,0,0,0,0,0,0,3
1681,128000,49280,9580,60,20,20,4400.0,2050,20.0,310,310,1200.0,0,0,0,0,10,0,0,0,0,0,0,0,0,0,0,10
1682,155000,23080,15480,60,20,30,4400.0,480,35.0,310,310,5560.0,0,0,0,0,10,0,0,0,0,0,0,0,0,0,0,10
1683,142500,23040,10550,70,20,20,3190.0,1400,20.0,290,290,6380.0,0,0,0,0,10,0,0,0,0,0,0,0,0,0,0,10
1684,129250,85800,11856,60,24,24,4320.0,0,24.0,492,492,8700.0,0,0,0,0,12,0,0,0,0,0,0,0,0,0,0,12
1685,356000,336663,49032,243,108,108,19710.0,5994,81.0,27,0,31077.0,0,0,0,0,0,27,0,0,0,0,0,0,27,0,0,0
1686,314813,315738,49356,243,108,81,20898.0,9936,54.0,0,0,1296.0,0,0,0,0,0,27,0,0,0,0,0,0,27,0,0,0
1687,318000,324810,45738,216,108,81,22086.0,10692,54.0,0,0,0.0,0,0,0,0,0,27,0,0,0,0,0,0,27,0,0,0
1688,322400,319275,45738,216,81,81,23112.0,3024,54.0,27,0,0.0,0,0,0,0,0,27,0,0,0,0,0,0,27,0,0,0
1689,318000,326295,46818,216,81,108,25056.0,0,81.0,0,0,27108.0,0,0,0,0,0,27,0,0,0,0,0,0,27,0,0,0
1690,345474,386991,57294,216,81,81,25326.0,7344,94.5,0,0,40986.0,0,0,0,0,0,27,0,0,0,0,0,0,27,0,0,0
1691,415298,390150,57267,243,108,108,19764.0,9828,67.5,27,0,0.0,0,0,0,0,0,27,0,0,0,0,0,0,27,0,0,0
1692,492000,368307,71712,243,108,108,28080.0,8802,94.5,0,0,35208.0,0,0,0,0,0,27,0,0,0,0,0,0,27,0,0,0
1693,338931,362880,68850,216,81,108,18090.0,4293,67.5,27,0,0.0,0,0,0,0,0,27,0,0,0,0,0,0,27,0,0,0
1694,450000,416637,55242,270,108,108,23706.0,11556,94.5,54,27,38610.0,0,0,0,0,27,0,0,0,0,0,0,0,0,0,0,27
1695,280000,382158,58644,189,81,81,25569.0,6858,67.5,27,27,0.0,0,0,0,0,0,27,0,0,0,0,0,0,27,0,0,0
1696,479069,375057,68904,243,108,108,25164.0,4266,81.0,0,0,48924.0,0,0,0,0,0,27,0,0,0,0,0,0,27,0,0,0
1697,395000,384102,53271,216,81,81,24165.0,9720,54.0,27,27,0.0,0,0,0,0,0,27,0,0,0,0,0,0,27,0,0,0
1698,380000,369711,71361,243,108,108,18738.0,13446,67.5,27,27,0.0,0,0,0,0,27,0,0,0,0,0,0,0,0,0,0,27
1699,250000,308556,44118,216,81,81,23382.0,1188,54.0,27,27,0.0,0,0,0,0,27,0,0,0,0,0,0,0,0,0,0,27
1700,440000,404379,53352,216,81,81,24516.0,8451,81.0,27,0,36450.0,0,0,0,0,0,27,0,0,0,0,0,0,27,0,0,0
1701,418000,368658,74466,243,81,108,21978.0,9099,67.5,54,27,0.0,0,0,0,0,27,0,0,0,0,0,0,0,0,0,0,27
1702,500067,463563,61830,270,108,108,31698.0,5994,121.5,0,0,45468.0,0,0,0,0,0,27,0,0,0,0,0,0,27,0,0,0
1703,260116,449793,58104,216,81,81,19656.0,9936,67.5,0,-27,0.0,0,0,0,0,0,27,0,0,0,0,0,0,27,0,0,0
1704,317000,258957,66771,216,81,81,23004.0,9261,67.5,81,54,0.0,0,0,0,0,27,0,0,0,0,0,0,0,0,0,0,27
1705,319500,262143,56700,216,108,108,21222.0,7452,94.5,0,0,21006.0,0,0,0,0,0,27,0,0,0,0,0,0,27,0,0,0
1706,325624,285174,58347,216,81,108,21303.0,8046,67.5,0,0,34776.0,0,0,0,0,0,27,0,0,0,0,0,0,27,0,0,0
1707,372000,367605,48654,243,108,108,22761.0,7101,67.5,27,27,0.0,0,0,0,0,27,0,0,0,0,0,0,0,0,0,0,27
1708,342000,352863,79812,216,81,108,24732.0,6588,67.5,81,81,0.0,0,0,0,0,27,0,0,0,0,0,0,0,0,0,0,27
1709,354000,326673,66636,216,81,81,23544.0,9126,94.5,81,81,26190.0,0,0,0,0,27,0,0,0,0,0,0,0,0,0,0,27
1710,350000,385479,64395,216,81,81,22086.0,11340,94.5,108,108,25326.0,0,0,0,0,27,0,0,0,0,0,0,0,0,0,0,27
1711,285000,323973,64098,216,81,108,17712.0,5508,67.5,108,81,0.0,0,0,0,0,27,0,0,0,0,0,0,0,0,0,0,27
1712,281500,339336,49086,216,81,108,20898.0,8100,94.5,0,0,18063.0,0,0,0,0,0,27,0,0,0,0,0,0,27,0,0,0
1713,245700,268002,43578,189,81,81,23706.0,3726,81.0,54,27,31806.0,0,0,0,0,27,0,0,0,0,0,0,0,0,0,0,27
1714,232698,249858,46467,216,81,81,14958.0,5265,81.0,54,54,3213.0,0,0,0,0,27,0,0,0,0,0,0,0,0,0,0,27
1715,250000,289764,49356,216,81,81,23652.0,1080,67.5,27,0,0.0,0,0,0,0,0,27,0,0,0,0,0,0,27,0,0,0
1716,194700,204579,36774,162,81,81,12420.0,5940,54.0,54,27,540.0,0,0,0,0,27,0,0,0,0,0,0,0,0,0,0,27
1717,204000,105327,35154,162,81,81,17037.0,4320,67.5,54,27,23382.0,0,0,0,0,0,27,0,0,0,0,0,0,27,0,0,0
1718,200000,105381,35154,162,81,81,17037.0,4320,67.5,54,27,27810.0,0,0,0,0,27,0,0,0,0,0,0,0,0,0,0,27
1719,207000,169803,36774,162,81,81,12420.0,5940,81.0,54,27,20574.0,0,0,0,0,27,0,0,0,0,0,0,0,0,0,0,27
1720,209500,123930,41958,216,81,81,16929.0,6183,54.0,27,27,648.0,0,0,0,0,27,0,0,0,0,0,0,0,0,0,0,27
1721,209500,123930,41958,216,81,81,16929.0,6183,54.0,27,27,648.0,0,0,0,0,27,0,0,27,0,0,0,0,0,0,0,0
1722,202500,173934,36990,216,81,81,13068.0,4563,54.0,27,27,648.0,0,0,0,0,27,0,0,0,0,0,0,0,0,0,0,27
1723,280000,211707,42579,243,108,108,15228.0,6534,81.0,54,54,22896.0,0,0,0,0,27,0,0,0,0,0,0,0,0,0,0,27
1724,277500,197451,42147,243,108,108,15012.0,6750,81.0,54,54,31131.0,0,0,0,0,27,0,0,0,0,0,0,0,0,0,0,27
1725,318061,211140,50463,243,108,108,16659.0,7128,54.0,0,0,0.0,0,0,0,0,0,27,0,0,0,0,0,0,27,0,0,0
1726,221370,168480,35748,216,81,81,14850.0,1026,54.0,27,27,648.0,0,0,0,0,0,27,0,0,0,0,0,0,27,0,0,0
1727,200000,87534,37935,189,81,81,12906.0,4644,81.0,108,108,27000.0,0,0,0,0,27,0,0,0,0,0,0,0,0,0,0,27
1728,181755,252960,23936,96,48,48,9152.0,1600,48.0,0,0,0.0,0,16,0,0,0,16,0,0,0,0,0,0,16,0,0,0
1729,176000,163792,24576,96,48,48,6400.0,2208,40.0,32,16,0.0,0,16,0,0,16,0,0,0,0,0,0,0,0,0,0,16
1730,178900,163792,23744,96,48,48,6288.0,1152,40.0,32,0,0.0,0,16,0,0,0,16,0,0,0,0,0,0,16,0,0,0
1731,168165,211264,23328,112,32,48,7264.0,2128,32.0,16,0,0.0,0,16,0,0,0,16,0,0,0,0,0,0,16,0,0,0
1732,171925,141712,23920,96,48,48,7040.0,2080,40.0,16,16,0.0,0,0,0,0,0,16,0,0,0,0,0,0,16,0,0,0
1733,198444,155664,27936,96,48,48,5600.0,544,56.0,16,0,0.0,0,0,0,0,0,16,0,0,0,0,0,0,16,0,0,0
1734,203000,195456,21216,96,32,48,6208.0,2288,48.0,32,32,14688.0,0,0,0,0,16,0,0,0,0,0,0,0,0,0,0,16
1735,179540,144288,23296,112,48,48,6400.0,1984,40.0,0,0,0.0,0,0,0,0,0,16,0,0,0,0,0,0,16,0,0,0
1736,176485,143888,20832,112,48,48,6976.0,352,32.0,0,0,0.0,0,0,0,0,0,16,0,0,0,0,0,0,16,0,0,0
1737,181134,142384,21440,112,48,48,6336.0,2080,32.0,0,0,384.0,0,0,0,0,0,16,0,0,0,0,0,0,16,0,0,0
1738,156932,135984,22592,96,32,48,6912.0,576,40.0,16,0,0.0,0,0,0,0,0,16,0,0,0,0,0,0,16,0,0,0
1739,166000,131664,24064,96,48,48,7040.0,2112,40.0,0,0,0.0,0,0,0,0,0,16,0,0,0,0,0,0,16,0,0,0
1740,177594,123408,23296,112,48,48,6400.0,1984,40.0,0,0,0.0,0,0,0,0,0,16,0,0,0,0,0,0,16,0,0,0
1741,173500,123152,20128,112,48,48,7392.0,0,32.0,0,0,0.0,0,0,0,0,0,16,0,0,0,0,0,0,16,0,0,0
1742,172500,70596,22644,126,54,54,11664.0,2880,36.0,18,0,0.0,0,0,0,0,0,18,0,0,0,0,0,0,18,0,0,0
1743,194201,70596,25236,126,54,54,11664.0,2448,36.0,18,0,0.0,0,0,0,0,0,18,0,0,0,0,0,0,18,0,0,0
1744,226500,65178,28602,144,54,54,11340.0,2934,54.0,72,72,19512.0,0,0,0,0,18,0,0,0,0,0,0,0,0,0,0,18
1745,185485,66780,22788,126,54,54,6984.0,2088,36.0,0,0,0.0,0,0,0,0,0,18,0,0,0,0,0,0,18,0,0,0
1746,259000,233152,24480,112,48,48,10080.0,2880,48.0,48,48,20800.0,0,0,0,0,0,0,0,0,0,0,0,0,0,0,0,16
1747,188500,259504,17904,112,48,48,6992.0,1984,48.0,48,32,12464.0,0,0,0,0,16,0,0,0,0,0,0,0,0,0,0,16
1748,175000,177344,21984,112,48,48,6400.0,1600,56.0,48,48,3072.0,0,0,0,0,0,0,0,0,0,0,0,0,0,0,0,16
1749,215000,188736,31344,112,48,48,6944.0,2368,40.0,48,32,0.0,0,0,0,0,16,0,0,0,0,0,0,0,0,0,0,16
1750,206580,174976,24400,112,48,48,8544.0,1888,40.0,16,16,0.0,0,0,0,0,0,16,0,0,0,0,0,0,16,0,0,0
1751,183500,131904,27520,112,48,48,7040.0,2368,40.0,48,48,0.0,0,0,0,0,16,0,0,0,0,0,0,0,0,0,0,16
1752,165500,191200,22304,112,48,48,6400.0,1600,40.0,64,64,0.0,0,0,0,0,16,0,0,0,0,0,0,0,0,0,0,16
1753,211000,126000,31168,112,48,48,6944.0,768,40.0,64,64,0.0,0,0,0,0,16,0,0,0,0,0,0,0,0,0,0,16
1754,181000,129008,27040,96,32,32,7408.0,2368,40.0,112,112,0.0,0,0,0,0,0,0,0,0,0,0,0,0,0,0,0,16
1755,219500,139840,31920,112,48,48,6960.0,4992,40.0,80,80,9184.0,0,0,0,0,16,0,0,0,0,0,0,0,0,0,0,16
1756,175000,126672,26352,96,32,32,7360.0,640,40.0,128,112,0.0,0,0,0,0,16,0,0,0,0,0,0,0,0,0,0,16
1757,170000,159472,22880,112,32,32,6400.0,1600,40.0,112,112,0.0,0,0,0,0,16,0,0,0,0,0,0,0,0,0,0,16
1758,162000,124000,21120,112,48,48,6400.0,768,40.0,64,64,0.0,0,16,0,0,16,0,0,0,0,0,0,0,0,0,0,16
1759,187000,151792,27040,96,32,32,7072.0,800,56.0,112,112,8320.0,0,0,0,0,16,0,0,0,0,0,0,0,0,0,0,16
1760,185000,154384,26304,96,32,32,7360.0,8032,40.0,128,112,0.0,0,0,0,0,16,0,0,0,0,0,0,0,0,0,0,16
1762,384500,316966,66326,208,78,78,24050.0,3562,91.0,260,234,30706.0,0,0,0,0,26,0,0,0,0,0,0,0,0,0,0,26
1763,248000,286000,59410,208,78,78,16848.0,1456,65.0,182,182,0.0,0,0,0,0,26,0,0,0,0,0,0,0,0,0,0,26
1764,466500,296400,68458,260,104,104,20904.0,11804,91.0,156,130,33332.0,0,0,0,0,26,0,0,0,0,0,0,0,0,0,0,26
1765,410000,274482,80028,234,78,78,20956.0,5070,91.0,234,234,17472.0,0,0,0,0,26,0,0,0,0,0,0,0,0,0,0,26
1766,322500,286052,67132,208,78,78,19708.0,8996,91.0,234,208,27248.0,0,0,0,0,26,0,0,0,0,0,0,0,0,0,0,26
1767,252000,280540,62010,182,78,78,15600.0,4108,65.0,234,234,0.0,0,0,0,0,26,0,0,0,0,0,0,0,0,0,0,26
1769,269790,257920,52338,182,78,52,11830.0,8060,91.0,286,260,22412.0,0,0,0,0,26,0,0,0,0,0,0,0,0,0,0,26
1770,315750,306462,62348,182,78,78,21684.0,7774,91.0,286,260,18694.0,0,0,0,0,26,0,0,0,0,0,0,0,0,0,0,26
1771,290000,258700,65520,182,78,78,18746.0,8788,65.0,312,312,14690.0,0,0,0,0,0,0,0,0,0,0,0,0,0,0,0,26
1772,290000,318682,65806,208,78,78,19552.0,8320,65.0,312,312,3120.0,0,0,0,0,26,0,0,0,0,0,0,0,0,0,0,26
1773,430000,329992,83928,208,78,78,14196.0,16380,104.0,390,364,32006.0,0,0,0,0,26,0,0,0,0,0,0,0,0,0,0,26
1774,263000,305812,57252,208,78,78,13442.0,5434,91.0,390,364,8710.0,0,0,0,0,26,0,0,0,0,0,0,0,0,0,0,26
1775,330000,235144,65988,208,78,78,24258.0,7540,65.0,286,260,31850.0,0,0,0,0,26,0,0,0,0,0,0,0,0,0,0,26
1776,213133,218020,30118,154,66,66,13310.0,4466,44.0,0,0,0.0,0,0,0,0,0,22,0,0,0,0,0,0,22,0,0,0
1777,260261,260260,33924,176,66,66,18744.0,6116,66.0,0,0,26840.0,0,0,0,0,0,22,0,0,0,0,0,0,22,0,0,0
1778,320000,256740,41910,198,88,88,17336.0,4202,44.0,22,22,0.0,22,0,0,0,22,0,0,0,0,0,0,0,0,0,0,22
1779,282922,335632,32208,176,66,66,16588.0,7216,66.0,0,0,20438.0,0,22,0,0,22,0,0,0,0,0,0,0,0,0,0,22
1780,215000,233464,33748,176,66,66,10648.0,4708,44.0,22,22,616.0,0,0,0,0,0,0,0,0,0,0,0,0,0,0,0,22
1781,419005,270402,43252,220,88,88,24024.0,2816,66.0,0,0,34584.0,0,0,0,0,0,22,0,0,0,0,0,0,22,0,0,0
1782,255000,297022,35992,176,66,66,19030.0,1320,66.0,22,22,1386.0,0,0,0,0,22,0,0,0,0,0,0,0,0,0,0,22
1783,147000,219692,39490,176,66,66,19690.0,1078,44.0,22,0,0.0,0,0,0,0,0,22,0,0,0,0,0,0,22,0,0,0
1784,235876,219230,33616,154,66,66,10560.0,5016,88.0,0,0,0.0,0,0,0,0,0,22,0,0,0,0,0,0,22,0,0,0
1785,311872,207152,37972,154,88,88,17292.0,12650,66.0,0,0,24772.0,0,0,0,0,0,22,0,0,0,0,0,0,22,0,0,0
1786,248328,216678,37158,154,66,66,20988.0,1232,44.0,0,0,0.0,0,0,0,0,0,22,0,0,0,0,0,0,22,0,0,0
1787,227000,220000,34936,176,66,66,18150.0,4158,44.0,22,22,0.0,0,0,0,0,22,0,0,0,0,0,0,0,0,0,0,22
1788,260000,194634,33836,176,66,66,10648.0,4092,66.0,44,44,16918.0,0,0,0,0,22,0,0,0,0,0,0,0,0,0,0,22
1789,225000,201476,32912,176,66,66,10428.0,6556,44.0,0,0,0.0,0,0,0,0,0,22,0,0,0,0,0,0,22,0,0,0
1790,249000,181522,33132,154,66,66,14784.0,4994,66.0,44,22,17116.0,0,0,0,0,22,0,0,0,0,0,0,0,0,0,0,22
1791,307000,221848,37268,176,66,66,13992.0,6864,66.0,66,44,30118.0,0,0,0,0,22,0,0,0,0,0,0,0,0,0,0,22
1792,250000,211310,43494,154,66,66,12628.0,6446,55.0,22,22,0.0,0,0,0,0,0,0,0,0,0,0,0,0,0,0,0,22
1793,221300,193116,40260,176,66,66,18898.0,880,55.0,22,22,0.0,0,0,0,0,22,0,0,0,0,0,0,0,0,0,0,22
1794,208900,190080,29436,176,66,66,13156.0,3102,44.0,0,0,528.0,0,0,0,0,0,22,0,0,0,0,0,0,22,0,0,0
1795,210400,198000,29370,154,66,66,12650.0,4620,44.0,22,0,0.0,0,0,0,0,0,22,0,0,0,0,0,0,22,0,0,0
1796,255000,190080,39424,176,66,66,12980.0,6160,55.0,0,0,7700.0,0,0,0,0,0,22,0,0,0,0,0,0,22,0,0,0
1797,212109,229042,34936,110,66,66,12342.0,0,66.0,0,0,0.0,0,0,0,0,0,22,0,0,0,0,0,0,22,0,0,0
1798,270000,198000,43098,176,66,66,22550.0,5588,55.0,22,22,0.0,0,0,0,0,22,0,0,0,0,0,0,0,0,0,0,22
1799,303477,198000,57420,176,66,88,12100.0,12584,55.0,0,0,1408.0,0,0,0,0,0,22,0,0,0,0,0,0,22,0,0,0
1800,310013,268774,41360,176,66,88,19360.0,6490,77.0,0,0,16390.0,0,0,0,0,0,22,0,0,0,0,0,0,22,0,0,0
1801,249700,244112,36432,176,66,66,18172.0,3212,44.0,22,22,528.0,0,0,0,0,22,0,0,0,0,0,0,0,0,0,0,22
1802,227875,224554,38742,154,66,66,12716.0,5478,66.0,0,0,0.0,0,0,0,0,0,22,0,0,0,0,0,0,22,0,0,0
1803,261329,229680,34848,176,88,88,13068.0,5632,44.0,0,0,0.0,0,0,0,0,0,22,0,0,0,0,0,0,22,0,0,0
1804,253000,260128,37070,176,66,66,14476.0,3850,44.0,22,22,0.0,0,0,0,0,22,0,0,0,0,0,0,0,0,0,0,22
1805,265000,233750,53746,132,66,66,16368.0,7040,55.0,66,66,0.0,0,0,0,0,22,0,0,0,0,0,0,0,0,0,0,22
1806,340000,245146,54252,176,66,66,13420.0,8206,66.0,66,44,0.0,0,0,0,0,22,0,0,0,0,0,0,0,0,0,0,22
1807,146000,105000,15400,84,28,28,0.0,1904,21.0,14,0,0.0,0,0,0,0,0,14,0,0,0,0,0,0,14,0,0,0
1808,147000,105000,16002,98,42,42,0.0,770,21.0,14,14,0.0,0,0,0,0,14,0,0,0,0,0,0,0,0,0,0,14
1809,149000,174300,15316,70,42,42,8064.0,0,28.0,56,42,10206.0,0,14,0,0,14,0,0,0,0,0,0,0,0,0,0,14
1810,181000,104174,20804,98,42,42,7924.0,448,28.0,14,14,0.0,0,0,0,0,14,0,0,0,0,0,0,0,0,0,0,14
1811,201000,118468,24094,84,42,42,6594.0,5418,42.0,182,182,11396.0,0,0,0,0,14,0,0,0,0,0,0,0,0,0,0,14
1812,191750,162582,25480,84,42,42,6888.0,3206,35.0,196,140,6720.0,0,0,0,0,14,0,0,0,0,0,0,0,0,0,0,14
1813,179000,118300,18886,98,28,28,7546.0,2450,28.0,98,84,0.0,0,0,0,0,14,0,0,0,0,0,0,0,0,0,0,14
1814,215000,226744,20916,98,42,42,7196.0,5978,42.0,126,126,20202.0,0,0,0,0,14,0,0,0,0,0,0,0,0,0,0,14
1815,179200,112168,22050,84,42,42,7406.0,728,42.0,210,210,6020.0,0,0,0,0,14,0,0,0,0,0,0,0,0,0,0,14
1816,128000,112168,17724,84,28,28,3962.0,4760,21.0,378,378,0.0,0,0,0,0,14,0,0,0,0,0,0,0,0,0,0,14
1817,144000,128520,12376,70,28,42,7056.0,3360,28.0,336,336,11760.0,0,0,0,0,14,0,0,0,0,0,0,0,0,0,0,14
1818,144000,117600,28280,70,28,28,8820.0,0,28.0,420,420,0.0,0,0,0,0,14,0,0,0,0,0,0,0,0,0,0,14
1819,120750,50280,7152,40,16,16,2464.0,1536,16.0,240,240,3912.0,0,0,0,0,8,0,0,0,0,0,0,0,0,0,0,8
1820,132500,67840,7760,40,16,16,4992.0,1728,16.0,352,352,5040.0,0,0,0,0,8,0,0,0,0,0,0,0,0,0,0,8
1821,132000,59360,8456,40,16,16,4608.0,0,8.0,360,360,3336.0,0,0,0,0,8,0,0,0,0,0,0,0,0,0,0,8
1822,132500,62064,7992,40,16,24,2112.0,1056,16.0,360,48,4704.0,0,0,0,0,8,0,0,0,0,0,0,0,0,0,0,8
1823,129000,55760,8960,32,16,8,4352.0,1344,20.0,368,368,7456.0,0,0,0,0,8,0,0,0,0,0,0,0,0,0,0,8
1824,143900,109384,13568,40,16,16,2792.0,240,12.0,360,360,0.0,0,8,0,0,8,0,0,0,0,0,0,0,0,0,0,8
1825,145000,59808,8320,40,16,16,5488.0,1504,20.0,312,312,6496.0,0,0,0,0,8,0,0,0,0,0,0,0,0,0,0,8
1826,128500,79560,7904,40,16,16,4576.0,0,16.0,368,368,6616.0,0,0,0,0,8,0,0,0,0,0,0,0,0,0,0,8
1827,125500,49384,7216,40,16,16,2304.0,0,8.0,320,320,4792.0,0,0,0,0,8,0,0,0,0,0,0,0,0,0,0,8
1828,300000,468528,60072,168,72,72,13536.0,6744,84.0,408,408,17448.0,0,0,0,0,24,0,0,0,0,0,0,0,0,0,0,24
1829,294000,421008,52008,168,72,72,12432.0,6408,84.0,792,96,27744.0,0,0,0,0,24,0,0,0,0,0,0,0,0,0,0,24
1830,129000,86008,8296,40,16,16,3448.0,1464,16.0,264,264,6296.0,0,8,0,0,8,0,0,0,0,0,0,0,0,0,0,8
1831,171000,133176,13608,40,16,16,4888.0,0,24.0,256,208,11120.0,0,8,0,0,8,0,0,0,0,0,0,0,0,0,0,8
1832,147000,101696,8440,48,16,24,4336.0,3640,16.0,272,8,7744.0,0,8,0,0,0,0,0,0,0,0,0,0,0,0,0,8
1833,302000,248872,73060,208,78,78,19500.0,13000,65.0,442,442,12532.0,0,0,0,0,26,0,0,0,0,0,0,0,0,0,0,26
1834,285000,277628,74672,208,78,78,14066.0,858,65.0,390,182,18200.0,0,0,0,0,26,0,0,0,0,0,0,0,0,0,0,26
1835,214000,96338,30316,176,66,66,11880.0,4752,66.0,66,66,18722.0,0,0,0,0,22,0,0,0,0,0,0,0,0,0,0,22
1836,166000,77506,25322,176,66,66,10648.0,1320,66.0,22,0,1320.0,0,0,0,0,0,22,0,0,0,0,0,0,22,0,0,0
1837,193800,83248,34430,176,66,66,10472.0,2640,66.0,22,0,1320.0,0,0,0,0,0,22,0,0,0,0,0,0,22,0,0,0
1838,208900,93060,29744,154,66,66,10252.0,5302,44.0,22,0,0.0,0,0,0,0,0,22,0,0,0,0,0,0,22,0,0,0
1839,194000,79332,29744,154,66,66,10252.0,5302,66.0,22,0,20614.0,0,0,0,0,0,22,0,0,0,0,0,0,22,0,0,0
1840,207500,117260,34100,176,66,66,11616.0,2244,55.0,22,0,0.0,0,0,0,0,0,22,0,0,0,0,0,0,22,0,0,0
1841,199900,94028,27302,154,66,66,12518.0,2552,55.0,22,0,24332.0,0,0,0,0,0,22,0,0,0,0,0,0,22,0,0,0
1842,164700,93522,27500,154,66,66,11616.0,1188,55.0,22,0,0.0,0,0,0,0,0,22,0,0,0,0,0,0,22,0,0,0
1843,176500,50160,33022,132,44,44,9680.0,0,77.0,176,176,12430.0,0,0,0,0,22,0,0,0,0,0,0,0,0,0,0,22
1844,176000,71060,32076,132,44,44,9680.0,704,55.0,176,176,9218.0,0,0,0,0,22,0,0,0,0,0,0,0,0,0,0,22
1845,168500,46574,33264,132,66,66,9680.0,704,55.0,154,154,9240.0,0,0,0,0,22,0,0,0,0,0,0,0,0,0,0,22
1846,177000,46574,34606,132,66,66,9680.0,704,55.0,154,154,9174.0,0,0,0,0,22,0,0,0,0,0,0,0,0,0,0,22
1847,177000,46574,33550,132,66,66,9680.0,0,55.0,154,154,9592.0,0,0,0,0,22,0,0,0,0,0,0,0,0,0,0,22
1848,148800,112310,24244,154,66,66,10560.0,1320,55.0,66,66,5258.0,0,0,0,0,22,0,0,0,0,0,0,0,0,0,0,22
1849,174000,58190,31702,176,66,66,10824.0,4532,55.0,176,154,0.0,0,0,0,0,22,0,0,0,0,0,0,0,0,0,0,22
1850,239000,162778,42900,154,66,66,12672.0,4576,55.0,220,198,14278.0,0,0,0,0,22,0,0,0,0,0,0,0,0,0,0,22
1851,204000,161062,29876,154,66,66,13750.0,7700,44.0,176,154,0.0,0,0,0,0,22,0,22,0,0,0,0,0,0,0,0,0
1852,301000,176220,45056,176,66,66,12144.0,5016,77.0,88,66,21208.0,0,0,0,0,22,0,0,0,0,0,0,0,0,0,0,22
1853,312500,185086,51964,176,66,66,24310.0,7194,77.0,198,198,19822.0,0,0,0,0,22,0,0,0,0,0,0,0,0,0,0,22
1854,279700,227184,35856,192,72,72,11472.0,5928,60.0,312,288,35856.0,0,0,0,0,24,0,0,0,0,0,0,0,0,0,0,24
1855,255000,288000,56688,168,72,72,13104.0,4704,84.0,648,648,41568.0,0,0,0,0,24,0,0,0,0,0,0,0,0,0,0,24
1856,194000,387768,34368,120,48,72,14112.0,8352,60.0,696,696,25704.0,0,0,0,0,24,0,0,0,0,0,0,0,0,0,0,24
1857,218000,258432,34488,120,72,72,12672.0,4824,72.0,744,72,27768.0,0,0,0,0,24,0,0,0,0,0,0,0,0,0,0,24
1858,213750,65280,22015,136,51,51,9707.0,3774,34.0,493,153,17969.0,0,0,0,0,17,0,0,0,0,0,0,0,0,0,0,17
1859,187000,230400,44520,144,72,48,12288.0,5112,60.0,744,312,0.0,0,0,0,0,24,0,0,0,0,0,0,0,0,0,0,24
1860,181500,230400,30288,144,48,48,11040.0,7152,60.0,744,744,23472.0,0,0,0,0,24,0,0,0,0,0,0,0,0,0,0,24
1861,373000,426672,59928,192,72,72,16224.0,6384,72.0,624,624,59064.0,0,0,0,0,24,0,0,0,0,0,0,0,0,0,0,24
1862,190000,151120,20960,40,16,16,4800.0,2592,24.0,240,240,5672.0,0,8,0,0,8,0,0,0,0,0,0,0,0,0,0,8
1863,226000,155100,42438,154,66,66,14300.0,5170,77.0,132,132,16236.0,0,0,0,0,22,0,0,0,0,0,0,0,0,0,0,22
1864,143450,175500,17280,90,30,30,6180.0,1890,37.5,585,585,0.0,0,15,0,0,15,0,0,15,0,0,0,0,0,0,0,0
1865,240050,120000,36165,90,30,30,8550.0,2880,52.5,555,555,13725.0,0,0,0,0,15,0,0,0,0,0,0,0,0,0,0,15
1866,162500,130845,16230,90,30,30,7200.0,2400,30.0,570,570,14595.0,0,0,0,0,15,0,0,0,0,0,0,0,0,0,0,15
1867,164000,175500,19425,90,30,30,7920.0,5910,37.5,585,585,13650.0,0,0,0,0,15,0,0,0,0,0,0,0,0,0,0,15
1868,185000,170370,24150,105,30,45,7725.0,6870,30.0,525,300,5190.0,0,0,0,0,15,0,0,0,0,0,0,0,0,0,0,15
1869,188500,143205,23910,105,30,45,7080.0,4050,30.0,210,210,0.0,0,0,0,0,15,0,0,0,0,0,0,0,0,0,0,15
1870,255000,157950,31125,105,45,45,7095.0,4815,52.5,210,210,12285.0,0,0,0,0,15,0,0,0,0,0,0,0,0,0,0,15
1871,136905,172500,25200,75,30,30,7920.0,0,30.0,465,465,0.0,0,15,0,0,15,0,0,0,0,0,0,0,0,0,0,15
1872,158500,161070,16395,90,30,30,7260.0,3360,45.0,615,615,11880.0,0,0,0,0,15,0,0,0,0,0,0,0,0,0,0,15
1873,175500,144000,18630,105,30,30,7920.0,0,22.5,510,510,13740.0,0,0,0,0,15,0,0,0,0,0,0,0,0,0,0,15
1874,127000,162000,15780,90,30,30,4665.0,1995,30.0,660,660,13215.0,0,0,0,0,15,0,15,0,0,0,0,0,0,0,0,0
1875,127000,96600,13284,60,24,36,3696.0,1824,24.0,480,168,6144.0,0,0,0,0,12,0,0,0,0,0,0,0,0,0,0,12
1876,143000,124260,14568,60,24,24,3816.0,1332,24.0,480,480,8340.0,0,0,0,0,12,0,0,0,0,0,0,0,0,0,0,12
1877,156000,123468,12876,60,24,24,6180.0,0,30.0,504,504,10032.0,0,0,0,0,12,0,0,0,0,0,0,0,0,0,0,12
1878,144000,114036,16128,60,24,24,5808.0,4128,24.0,588,288,9972.0,0,0,0,0,12,0,0,0,0,0,0,0,0,0,0,12
1879,119000,127488,20736,60,24,24,4224.0,1860,30.0,516,516,3648.0,0,0,0,0,12,0,0,0,0,0,0,0,0,0,0,12
1880,103000,130788,14688,48,24,24,6360.0,0,24.0,516,516,0.0,0,0,0,0,12,0,0,0,0,0,0,0,0,0,0,12
1881,139900,148104,17064,60,24,24,3432.0,432,12.0,564,348,0.0,0,0,0,0,12,0,0,0,0,0,0,0,0,0,0,12
1882,151500,153264,11496,72,24,24,3612.0,0,12.0,564,108,5976.0,0,0,0,0,12,0,0,0,0,0,0,0,0,0,0,12
1883,126500,106704,12780,60,24,24,5532.0,888,18.0,564,564,0.0,0,0,0,0,12,0,12,0,0,0,0,0,0,0,0,0
1884,145000,125784,13656,72,24,24,3168.0,2688,18.0,588,588,6084.0,0,0,0,0,12,0,0,0,0,0,0,0,0,0,0,12
1885,120000,90420,10944,60,24,24,3564.0,3564,18.0,588,264,4680.0,0,0,0,0,12,0,0,0,0,0,0,0,0,0,0,12
1886,124000,89400,12888,60,24,36,4752.0,864,12.0,612,612,7728.0,0,0,0,0,12,0,0,0,0,0,0,0,0,0,0,12
1887,106500,100068,10584,60,24,24,3528.0,0,12.0,576,576,0.0,0,0,0,0,12,0,0,0,0,0,0,0,0,0,0,12
1888,140500,172284,14244,60,24,24,5280.0,1536,24.0,552,552,5736.0,0,0,0,0,12,0,0,12,0,0,0,0,0,0,0,0
1889,137500,98916,11568,60,24,24,9408.0,2040,12.0,552,552,8400.0,0,0,0,0,12,0,0,0,0,0,0,0,0,0,0,12
1890,117600,104160,10728,60,24,24,3744.0,0,12.0,564,564,0.0,0,0,0,0,12,0,0,0,0,0,0,0,0,0,0,12
1891,163500,105600,14400,84,24,24,5280.0,0,30.0,492,492,7848.0,0,0,0,0,12,0,0,12,0,0,0,0,0,0,0,0
1892,161000,110400,12504,72,24,24,5280.0,2304,24.0,504,504,5928.0,0,0,0,0,12,0,0,0,0,0,0,0,0,0,0,12
1893,158000,112200,15624,72,24,36,3708.0,3996,30.0,516,192,10200.0,0,0,0,0,12,0,0,12,0,0,0,0,0,0,0,0
1894,224500,105600,25848,72,24,24,6468.0,1932,30.0,516,120,4968.0,0,0,0,0,12,0,0,0,0,0,0,0,0,0,0,12
1895,147000,136584,16488,72,24,24,3432.0,1344,18.0,516,516,7164.0,0,0,0,0,12,0,0,0,0,0,0,0,0,0,0,12
1896,200000,264024,19824,72,24,36,6120.0,2412,30.0,576,192,16632.0,0,0,0,0,12,0,0,0,0,0,0,0,0,0,0,12
1897,181900,175020,17148,72,24,36,6864.0,3912,18.0,564,240,9756.0,0,0,0,0,12,0,0,0,0,0,0,0,0,0,0,12
1898,150750,88656,15924,60,24,36,7488.0,0,24.0,576,60,4860.0,0,0,0,0,12,0,0,0,0,0,0,0,0,0,0,12
1899,101800,118104,14688,48,24,24,5544.0,0,24.0,540,540,0.0,0,0,0,0,12,0,0,0,0,0,0,0,0,0,0,12
1900,124000,99360,11184,72,24,36,3672.0,2568,12.0,684,684,0.0,0,0,0,0,12,0,0,0,0,0,0,0,0,0,0,12
1901,138500,146064,10896,60,24,24,6144.0,6000,12.0,804,132,4668.0,0,0,0,0,12,0,0,0,0,0,0,0,0,0,0,12
1902,39300,25000,1670,5,5,5,0.0,0,5.0,305,285,0.0,0,0,0,0,5,0,0,0,0,0,0,0,0,0,0,5
1903,64500,25000,3330,15,5,15,0.0,260,7.5,305,285,1495.0,0,0,0,0,5,0,0,0,0,0,0,0,0,0,0,5
1904,64000,17500,3350,15,10,5,0.0,105,10.0,310,285,720.0,0,0,0,0,5,0,0,0,0,0,0,0,0,0,0,5
1905,112000,25875,4040,25,10,10,1540.0,715,5.0,245,35,2770.0,0,5,0,0,5,0,5,0,0,0,0,0,0,0,0,0
1906,165000,114000,23724,72,24,24,6480.0,624,24.0,516,348,5304.0,0,0,0,0,12,0,0,0,0,0,0,0,0,0,0,12
1907,144000,115200,13800,60,24,24,3456.0,2100,24.0,624,624,4416.0,0,0,0,0,12,0,0,0,0,0,0,0,0,0,0,12
1908,137000,136140,23040,60,24,24,4800.0,0,24.0,708,684,2640.0,0,0,0,0,12,0,0,0,0,0,0,0,0,0,0,12
1909,105000,113904,16512,60,24,24,2880.0,0,24.0,792,684,4908.0,0,0,0,0,12,0,0,0,0,0,0,0,0,0,0,12
1910,146500,113760,19728,60,24,36,3744.0,2016,18.0,780,144,4632.0,0,0,0,0,12,0,0,0,0,0,0,0,0,0,0,12
1911,126000,104016,18720,60,24,24,9504.0,0,24.0,468,468,0.0,0,0,0,0,12,0,0,0,0,0,0,0,0,0,0,12
1912,175000,120600,15360,60,24,24,5184.0,2160,30.0,492,492,7224.0,0,0,0,0,12,0,0,0,0,0,0,0,0,0,0,12
1913,158500,115200,15048,72,24,24,6300.0,2016,24.0,552,552,7200.0,0,0,0,0,12,0,0,0,0,0,0,0,0,0,0,12
1914,114500,121800,10944,60,24,24,3300.0,0,12.0,588,588,5472.0,0,0,0,0,12,0,12,0,0,0,0,0,0,0,0,0
1915,144000,136128,18288,60,24,24,3780.0,0,18.0,588,588,5520.0,0,0,0,0,12,0,0,0,0,0,0,0,0,0,0,12
1916,129000,221400,28560,72,24,24,7152.0,3180,30.0,504,336,10920.0,0,0,0,0,0,0,0,0,0,0,0,0,0,0,0,12
1917,141000,105120,11232,72,24,36,3780.0,2628,24.0,600,96,10476.0,0,0,0,0,12,0,0,0,0,0,0,0,0,0,0,12
1918,131000,82320,12096,60,24,12,3696.0,0,24.0,612,612,10896.0,0,0,0,0,12,0,0,0,0,0,0,0,0,0,0,12
1919,142100,99000,12636,60,24,36,8304.0,4188,24.0,528,528,3456.0,0,0,0,0,12,0,0,0,0,0,0,0,0,0,0,12
1920,139000,98112,12672,60,24,24,3696.0,0,24.0,588,180,10152.0,0,0,0,0,12,0,0,0,0,0,0,0,0,0,0,12
1921,157900,117000,17304,72,24,24,3612.0,3300,18.0,588,588,7296.0,0,0,0,0,12,0,12,0,0,0,0,0,0,0,0,0
1922,139400,111000,12672,60,24,24,3120.0,4680,18.0,636,24,11376.0,0,0,0,0,12,0,0,0,0,0,0,0,0,0,0,12
1923,150000,143856,14928,72,24,24,4032.0,480,18.0,600,600,9324.0,0,0,0,0,12,0,0,0,0,0,0,0,0,0,0,12
1924,120000,109200,13728,60,24,24,4032.0,0,12.0,564,564,0.0,0,0,0,0,12,0,0,0,0,0,0,0,0,0,0,12
1925,174850,116832,20652,72,24,24,5568.0,0,12.0,600,456,9672.0,0,0,0,0,12,0,0,0,0,0,0,0,0,0,0,12
1926,116000,117240,11064,60,24,24,3696.0,408,24.0,600,600,6144.0,0,0,0,0,12,0,0,0,0,0,0,0,0,0,0,12
1927,135000,121824,12576,60,24,24,3432.0,2544,24.0,612,612,7032.0,0,0,0,0,12,0,0,0,0,0,0,0,0,0,0,12
1928,163500,145860,19884,72,24,24,5808.0,1764,30.0,444,444,14844.0,0,0,0,0,12,0,0,0,0,0,0,0,0,0,0,12
1929,130000,146376,16932,60,24,24,3720.0,4320,12.0,624,384,9360.0,0,0,0,0,12,0,12,0,0,0,0,0,0,0,0,0
1930,129500,120600,14592,60,24,24,4032.0,0,24.0,624,624,3456.0,0,0,0,0,12,0,0,0,0,0,0,0,0,0,0,12
1931,142000,138672,13848,60,24,48,4032.0,756,18.0,648,12,4896.0,0,0,0,0,12,0,0,0,0,0,0,0,0,0,0,12
1932,128600,96936,18720,60,24,24,5808.0,0,24.0,588,588,0.0,0,0,0,0,12,0,0,0,0,0,0,0,0,0,0,12
1933,125000,131400,11376,72,24,24,4920.0,576,12.0,660,660,5292.0,0,0,0,0,12,0,0,0,0,0,0,0,0,0,0,12
1934,136000,95304,12480,72,24,24,3516.0,0,18.0,648,648,12480.0,0,0,0,0,12,0,0,0,0,0,0,0,0,0,0,12
1935,134500,107076,12096,60,24,36,2880.0,216,24.0,648,12,7716.0,0,0,0,0,12,0,0,0,0,0,0,0,0,0,0,12
1936,127000,102480,11100,60,24,36,3024.0,1824,24.0,612,48,9660.0,0,0,0,0,12,0,0,0,0,0,0,0,0,0,0,12
1937,130000,85608,16320,60,24,24,6864.0,600,12.0,624,624,4608.0,0,0,0,0,12,0,0,0,0,0,0,0,0,0,0,12
1938,115000,85800,18480,48,24,12,4224.0,0,24.0,624,624,1800.0,0,0,0,0,12,0,0,0,0,0,0,0,0,0,0,12
1939,116900,100800,11100,60,24,24,4680.0,972,24.0,624,624,9516.0,0,0,0,0,12,0,0,0,0,0,0,0,0,0,0,12
1940,132000,159600,11136,60,24,24,3024.0,5004,12.0,612,84,4524.0,0,0,0,0,12,0,0,0,0,0,0,0,0,0,0,12
1941,153000,114384,19764,48,24,24,3360.0,2700,24.0,648,648,11388.0,0,0,0,0,12,0,0,0,0,0,0,0,0,0,0,12
1942,112500,63132,3696,20,8,8,1680.0,1296,4.0,220,220,1168.0,0,0,0,0,4,0,0,0,0,0,0,0,0,0,0,4
1943,138000,56760,6176,16,12,8,0.0,924,8.0,468,4,0.0,0,0,0,0,4,0,0,0,0,0,0,0,0,0,0,4
1944,135000,115200,10716,60,24,36,6912.0,0,18.0,696,48,2640.0,0,0,0,0,12,0,0,0,0,0,0,0,0,0,0,12
1945,156000,145188,20736,60,24,24,4452.0,2400,24.0,648,36,2376.0,0,0,0,0,12,0,0,0,0,0,0,0,0,0,0,12
1946,301600,255372,37032,60,24,36,14400.0,7848,42.0,864,0,0.0,0,0,0,0,0,0,0,0,0,0,0,0,0,0,0,12
1947,109000,40536,4136,20,8,8,960.0,156,4.0,268,228,0.0,0,0,0,0,4,0,0,0,0,0,0,0,0,0,0,4
1948,103200,22000,3528,16,8,8,0.0,0,4.0,204,204,0.0,0,0,0,0,4,0,0,0,0,0,0,0,0,0,0,4
1949,128500,41136,5124,16,8,8,2320.0,0,12.0,328,56,4384.0,0,0,0,0,0,0,0,0,0,0,0,0,0,0,0,4
1950,64500,43200,3872,16,8,8,864.0,0,8.0,320,0,0.0,0,0,0,0,4,0,0,0,0,0,0,0,0,0,0,4
1951,148000,43200,6136,20,8,12,0.0,448,6.0,448,32,0.0,0,0,0,0,4,0,0,0,0,0,0,0,0,0,0,4
1952,86000,21600,2764,20,8,16,864.0,456,4.0,348,228,0.0,0,0,0,0,0,0,0,0,0,0,0,0,0,0,0,4
1953,172000,121080,19812,84,24,24,3312.0,8052,30.0,528,96,8700.0,0,0,0,0,12,0,0,0,0,0,0,0,0,0,0,12
1954,120000,104400,10656,60,24,24,2880.0,0,18.0,552,552,2304.0,0,0,0,0,0,0,12,0,0,0,0,0,0,0,0,0
1955,128500,99600,11424,72,24,24,3456.0,0,24.0,468,468,11424.0,0,0,0,0,12,0,0,0,0,0,0,0,0,0,0,12
1956,135000,139272,24960,60,24,12,6048.0,4020,30.0,456,456,7800.0,0,0,0,0,0,0,0,0,0,0,0,0,0,0,0,12
1957,122900,96768,11088,60,24,24,6912.0,0,12.0,696,12,0.0,0,0,0,0,12,0,0,0,0,0,0,0,0,0,0,12
1958,119200,139968,12984,72,24,24,2880.0,1560,12.0,708,684,4032.0,0,0,0,0,12,0,0,0,0,0,0,0,0,0,0,12
1959,143000,125952,22152,72,24,24,3780.0,0,24.0,696,684,2352.0,0,0,0,0,12,0,0,0,0,0,0,0,0,0,0,12
1960,119000,86400,11856,60,24,24,3312.0,960,12.0,684,684,7560.0,0,0,0,0,12,0,0,0,0,0,0,0,0,0,0,12
1961,102000,86400,14856,60,24,24,4284.0,2052,18.0,684,684,5184.0,0,0,0,0,12,0,0,0,0,0,0,0,0,0,0,12
1962,129000,86400,10368,60,24,36,8640.0,2328,24.0,684,60,6564.0,0,0,0,0,12,0,0,0,0,0,0,0,0,0,0,12
1963,135000,84000,13608,60,24,24,3048.0,192,12.0,564,60,7056.0,0,0,0,0,0,0,0,0,0,0,0,0,0,0,0,12
1964,152000,90000,12480,60,24,36,3432.0,0,24.0,576,48,6888.0,0,0,0,0,12,0,0,0,0,0,0,0,0,0,0,12
1965,140000,87780,14040,60,24,24,4056.0,2700,18.0,588,588,7500.0,0,0,0,0,12,0,0,0,0,0,0,0,0,0,0,12
1966,152000,94836,14904,60,24,24,3888.0,0,30.0,564,564,8868.0,0,0,0,0,0,0,0,0,0,0,0,0,0,0,0,12
1967,156500,96000,16524,60,24,24,4212.0,0,24.0,564,564,15024.0,0,0,0,0,12,0,0,0,0,0,0,0,0,0,0,12
1968,141000,96000,21600,60,24,24,0.0,0,24.0,552,552,0.0,0,0,0,0,12,0,0,0,0,0,0,0,0,0,0,12
1969,99000,84000,11100,60,24,24,3600.0,0,12.0,552,552,0.0,0,0,0,0,12,0,0,0,0,0,0,0,0,0,0,12
1970,187000,117120,22212,72,24,36,5280.0,3372,30.0,516,168,7836.0,0,0,0,0,12,0,0,0,0,0,0,0,0,0,0,12
1971,169500,91080,21744,60,24,24,3168.0,2016,24.0,540,540,6480.0,0,0,0,0,12,0,0,0,0,0,0,0,0,0,0,12
1972,125500,79200,10368,60,24,24,3528.0,696,12.0,540,540,6624.0,0,0,0,0,12,0,0,0,0,0,0,0,0,0,0,12
1973,130000,81120,11232,60,24,24,3456.0,3288,24.0,540,540,8808.0,0,0,0,0,12,0,0,0,0,0,0,0,0,0,0,12
1974,103000,27912,3840,20,12,8,2304.0,464,4.0,324,108,0.0,0,0,0,0,4,0,0,0,0,0,0,0,0,0,0,4
1975,132000,38400,5728,20,8,8,1440.0,1528,8.0,388,20,0.0,0,0,0,0,0,0,0,0,0,0,0,0,0,0,0,4
1976,127500,24000,5184,24,8,8,2304.0,700,4.0,320,228,1104.0,0,0,0,0,4,0,0,0,0,0,0,0,0,0,0,4
1977,89500,17920,4088,20,8,4,736.0,568,8.0,340,228,3128.0,0,0,0,0,4,0,0,0,0,0,0,0,0,0,0,4
1978,140000,28800,3744,20,8,8,2688.0,196,8.0,108,108,3744.0,0,0,0,0,4,0,0,0,0,0,0,0,0,0,0,4
1979,99900,12612,3868,20,8,8,720.0,104,4.0,348,68,0.0,0,0,0,0,4,0,0,0,0,0,0,0,0,0,0,4
1980,100000,43200,4188,16,8,8,1092.0,0,4.0,488,48,0.0,0,0,0,0,4,0,0,0,0,0,0,0,0,0,0,4
1981,130000,28800,4288,20,8,8,1516.0,0,4.0,268,228,0.0,0,0,0,0,4,0,0,0,0,0,0,0,0,0,0,4
1982,135000,36000,4696,20,8,12,2304.0,728,4.0,428,4,520.0,0,0,0,0,4,0,0,0,0,0,0,0,0,0,0,4
1983,120000,24000,4732,12,8,8,1232.0,704,6.0,236,20,1324.0,0,0,0,0,4,0,0,0,0,0,0,0,0,0,0,4
1984,89471,23700,4524,16,8,8,2688.0,288,4.0,280,28,672.0,0,0,0,4,0,0,0,0,0,0,0,0,0,0,0,4
1985,85000,23700,4564,16,8,8,1008.0,384,4.0,428,228,2280.0,0,0,0,0,4,0,0,0,0,0,0,4,0,0,0,0
1986,108500,24000,3840,16,8,4,1232.0,672,4.0,348,228,1000.0,0,0,0,0,4,0,0,0,0,0,0,0,0,0,0,4
1987,137000,38556,7192,16,8,8,1368.0,640,10.0,428,228,0.0,0,0,0,0,4,0,0,0,0,0,0,0,0,0,0,4
1988,110500,15520,3464,20,8,12,0.0,400,4.0,248,40,1316.0,0,0,0,0,4,0,0,0,0,0,0,0,0,0,0,4
1989,100000,34080,3872,20,12,8,1920.0,736,4.0,336,4,0.0,0,0,0,0,4,0,0,0,0,0,0,0,0,0,0,4
1990,184900,41348,7088,32,12,12,3264.0,0,10.0,388,32,0.0,0,0,0,0,4,0,0,0,0,0,0,0,0,0,0,4
1991,145000,39452,6568,24,8,8,1496.0,0,8.0,320,228,1624.0,0,0,0,0,0,0,0,0,0,0,0,0,0,0,0,4
1992,125000,38400,5888,20,8,12,1000.0,336,4.0,328,52,0.0,0,0,0,0,4,0,0,0,0,0,0,0,0,0,0,4
1993,114000,18284,4928,20,8,8,1920.0,1692,4.0,388,228,672.0,0,0,0,0,4,0,0,0,0,0,0,0,0,0,0,4
1994,90000,54400,9348,20,8,8,2240.0,228,8.0,428,228,0.0,0,0,0,0,4,0,0,0,0,0,0,0,0,0,0,4
1995,144100,33592,6600,24,8,8,1872.0,924,8.0,388,68,1036.0,0,0,0,0,4,0,0,0,0,0,0,0,0,0,0,4
1996,117500,39600,8840,24,8,4,820.0,192,8.0,508,228,0.0,0,0,0,0,4,0,0,0,0,0,0,0,0,0,0,4
1997,124500,14400,5432,20,8,12,1344.0,128,6.0,308,8,1264.0,0,0,0,0,0,4,0,0,0,0,0,0,0,0,0,4
1998,185000,54000,9816,28,8,8,2304.0,1192,8.0,512,80,0.0,0,0,0,0,4,0,0,0,0,0,0,0,0,0,0,4
1999,133900,28800,9164,24,8,8,2024.0,396,10.0,388,36,4184.0,0,0,0,0,4,0,0,0,0,0,0,0,0,0,0,4
2000,152000,21600,6464,24,8,12,864.0,732,8.0,324,12,1480.0,0,0,0,0,4,0,0,0,0,0,0,0,0,0,0,4
2001,153500,32400,6236,20,8,8,3248.0,1384,8.0,236,136,1352.0,0,0,0,0,4,0,4,0,0,0,0,0,0,0,0,0
2002,159500,43200,10216,28,8,8,2816.0,764,6.0,468,36,0.0,0,0,0,0,4,0,0,0,0,0,0,0,0,0,0,4
2003,87000,37756,4992,20,8,8,640.0,768,4.0,308,228,1296.0,0,0,0,0,4,0,0,0,0,0,0,0,0,0,0,4
2004,104500,34504,3872,16,8,8,1324.0,0,4.0,204,204,0.0,0,0,0,0,4,0,0,0,0,0,0,0,0,0,0,4
2005,110000,47200,5528,16,8,8,1536.0,160,8.0,232,20,0.0,0,0,0,0,4,0,0,0,0,0,0,0,0,0,0,4
2006,136500,34270,5300,25,10,10,1540.0,1075,10.0,410,65,2720.0,0,0,0,0,5,0,0,0,0,0,0,0,0,0,0,5
2007,128250,43370,7175,25,10,10,1540.0,165,10.0,285,285,4550.0,5,0,0,0,5,0,0,0,0,0,0,0,0,0,0,5
2008,144000,43655,5835,25,10,10,2475.0,1710,5.0,435,285,3225.0,0,0,0,0,5,0,0,0,0,0,0,0,0,0,0,5
2009,210000,43685,8175,30,10,10,2200.0,910,7.5,420,285,1500.0,0,0,0,0,5,0,0,0,0,0,0,0,0,0,0,5
2010,135000,30625,6370,25,10,10,1120.0,960,10.0,340,45,1530.0,0,0,0,0,5,0,0,5,0,0,0,0,0,0,0,0
2011,128000,30000,6160,30,10,10,1085.0,0,7.5,340,285,1380.0,0,0,0,0,5,0,0,0,0,0,0,0,0,0,0,5
2012,131000,30000,6090,30,10,10,2200.0,0,7.5,330,285,1875.0,0,0,0,0,5,0,0,0,0,0,0,0,0,0,0,5
2013,113000,30600,4420,25,15,10,1200.0,680,5.0,340,285,0.0,0,0,0,0,5,0,0,0,0,0,0,0,0,0,0,5
2014,126000,31200,7045,30,10,10,2640.0,1545,12.5,345,285,260.0,0,0,0,0,5,0,0,0,0,0,0,0,0,0,0,5
2015,132000,31200,6610,25,10,10,1400.0,0,10.0,340,275,240.0,0,0,0,0,5,0,0,0,0,0,0,0,0,0,0,5
2016,131750,31200,7130,25,10,10,1150.0,1350,5.0,385,75,0.0,0,0,0,0,5,0,0,0,0,0,0,0,0,0,0,5
2017,132500,30600,6405,25,10,15,1895.0,125,10.0,405,285,1755.0,0,0,0,0,5,0,0,0,0,0,0,0,0,0,0,5
2018,137500,30600,7565,25,10,10,900.0,870,7.5,435,15,0.0,0,0,0,0,5,0,0,0,0,0,0,0,0,0,0,5
2019,132000,30600,4270,35,10,10,2880.0,800,5.0,390,30,0.0,0,0,0,0,5,0,0,0,0,0,0,0,0,0,0,5
2020,127500,31200,6835,30,10,10,2800.0,600,5.0,380,285,2125.0,0,0,0,0,5,0,0,0,0,0,0,0,0,0,0,5
2021,102000,30900,4930,30,10,10,900.0,640,5.0,405,285,0.0,0,0,0,0,5,0,0,0,0,0,0,0,0,0,0,5
2022,200000,31020,9056,24,8,8,1632.0,608,10.0,356,48,0.0,0,0,0,0,4,0,0,0,0,0,0,0,0,0,0,4
2023,180500,67575,9120,30,10,10,2600.0,630,5.0,440,285,0.0,0,0,0,0,5,0,0,0,0,0,0,0,0,0,0,5
2024,165000,44250,6880,30,10,15,2880.0,990,5.0,435,285,0.0,0,0,0,0,5,0,0,0,0,0,0,0,0,0,0,5
2025,90000,42750,6580,25,10,10,2880.0,0,5.0,405,285,0.0,0,5,0,0,0,0,0,0,0,0,0,5,0,0,0,0
2026,153575,43650,6980,30,10,10,1920.0,1295,5.0,460,20,0.0,0,5,0,0,5,0,0,0,0,0,0,0,0,0,0,5
2027,140000,22800,5376,28,8,12,1824.0,280,10.0,312,68,1344.0,0,0,0,0,4,0,0,0,0,0,0,0,0,0,0,4
2028,136000,34080,10104,24,8,12,864.0,412,8.0,364,228,2856.0,0,0,0,0,0,0,0,4,0,0,0,0,0,0,0,0
2029,113000,22720,4692,20,8,8,960.0,408,8.0,424,228,0.0,0,0,4,0,0,0,0,0,0,0,0,0,0,0,0,4
2030,117000,22720,4856,20,8,8,864.0,308,4.0,424,228,0.0,0,0,4,0,0,0,0,0,0,0,0,0,0,0,0,4
2031,169500,15516,3636,14,4,4,480.0,368,3.0,152,114,448.0,0,0,0,0,2,0,0,0,0,0,0,0,0,0,0,2
2032,139400,14898,2216,14,4,6,560.0,410,2.0,154,114,0.0,0,0,0,0,2,0,0,0,0,0,0,0,0,0,0,2
2033,202500,26400,4588,12,4,4,1316.0,220,6.0,88,88,750.0,0,0,0,0,2,0,0,0,0,0,0,0,0,0,0,2
2034,127000,13764,2710,12,4,6,0.0,502,3.0,186,2,0.0,0,0,0,0,2,0,0,0,0,0,0,0,0,0,0,2
2035,141000,18000,2750,12,4,6,1088.0,576,3.0,140,114,0.0,0,0,0,0,2,0,0,0,0,0,0,0,0,0,0,2
2036,212300,19560,3904,14,4,6,598.0,1002,3.0,114,4,1504.0,0,0,0,0,2,0,0,0,0,0,0,0,0,0,0,2
2037,161000,20640,4360,12,4,4,1440.0,340,3.0,184,114,750.0,0,0,0,0,2,0,0,0,0,0,0,0,0,0,0,2
2038,99500,8660,2630,8,4,4,872.0,0,6.0,98,98,1616.0,0,0,0,0,0,0,2,0,0,0,0,0,0,0,0,0
2039,101000,14400,2222,10,4,2,576.0,288,2.0,174,22,0.0,0,0,0,0,2,0,0,0,0,0,0,0,0,0,0,2
2040,109900,9600,2392,8,4,4,880.0,0,4.0,182,34,394.0,0,0,0,0,2,0,0,0,0,0,0,0,0,0,0,2
2041,128500,49432,5528,20,8,8,2640.0,948,6.0,264,228,1440.0,0,0,0,0,4,0,0,0,0,0,0,0,0,0,0,4
2042,122000,40480,7556,28,4,8,1232.0,1056,6.0,388,228,0.0,0,0,0,0,4,0,0,0,0,0,0,0,0,0,0,4
2043,87000,17552,3360,20,8,8,0.0,0,4.0,308,228,464.0,0,0,0,0,4,0,0,0,0,0,0,0,0,0,0,4
2044,50000,20640,2968,8,2,4,528.0,618,4.0,194,114,0.0,0,0,0,0,0,0,2,0,0,0,0,0,0,0,0,0
2045,219000,103104,18136,56,16,16,3984.0,4168,20.0,560,216,2304.0,0,0,0,0,8,0,0,0,0,0,0,0,0,0,0,8
2046,200500,378630,64806,105,42,84,0.0,2562,63.0,1281,273,13041.0,0,0,0,0,21,0,0,0,0,0,0,0,0,0,0,21
2047,126000,48960,6804,30,12,12,1440.0,0,15.0,402,342,1872.0,0,0,6,0,0,0,0,0,0,0,0,0,0,0,0,6
2048,108500,31388,8974,35,14,14,1680.0,616,14.0,455,196,3395.0,0,0,0,0,7,0,0,0,0,0,0,0,0,0,0,7
2049,130000,89880,7992,40,16,16,2464.0,1728,16.0,352,352,7400.0,0,0,0,0,8,0,0,0,0,0,0,0,0,0,0,8
2050,158450,89880,11616,40,16,16,4576.0,1440,16.0,344,216,6280.0,0,0,0,0,8,0,0,0,0,0,0,0,0,0,0,8
2051,115400,114392,8040,32,16,16,3520.0,0,16.0,344,344,5256.0,0,0,0,0,8,0,0,0,0,0,0,0,0,0,0,8
2052,118500,63544,8232,32,16,16,2088.0,824,16.0,368,368,7224.0,0,0,0,0,8,0,0,0,0,0,0,0,0,0,0,8
2053,165000,113192,8160,40,24,16,4224.0,0,20.0,344,48,6320.0,0,0,0,0,8,0,0,0,0,0,0,0,0,0,0,8
2054,123000,93416,8320,40,16,16,2112.0,720,16.0,328,328,8080.0,0,0,0,0,8,0,0,0,0,0,0,0,0,0,0,8
2055,129000,67200,7304,48,16,16,1920.0,2016,16.0,328,328,6512.0,0,0,0,0,8,0,0,0,0,0,0,0,0,0,0,8
2056,125000,56752,7152,40,16,16,3072.0,0,8.0,328,328,4432.0,0,0,0,0,8,0,0,0,0,0,0,0,0,0,0,8
2057,108000,71824,7584,40,16,16,2400.0,1176,8.0,312,312,0.0,0,0,0,0,0,0,0,0,0,0,0,0,0,0,0,8
2058,119900,67400,6944,40,16,16,4608.0,1104,16.0,288,136,5984.0,0,0,0,0,8,0,0,0,0,0,0,0,0,0,0,8
2059,115000,69320,7176,40,16,16,2112.0,0,8.0,312,312,3648.0,0,0,0,0,8,0,0,0,0,0,0,0,0,0,0,8
2060,134500,67184,7544,40,16,16,4224.0,1056,16.0,320,320,5144.0,0,0,0,0,8,0,0,0,0,0,0,0,0,0,0,8
2061,127000,61936,7640,40,16,16,3088.0,0,16.0,328,328,6104.0,0,0,0,0,8,0,0,0,0,0,0,0,0,0,0,8
2062,129000,69792,7152,40,16,16,3600.0,0,8.0,312,312,3936.0,0,0,0,0,8,0,0,0,0,0,0,0,0,0,0,8
2063,143500,65576,10280,48,16,16,4224.0,1104,12.0,240,240,0.0,0,0,0,0,8,0,0,0,0,0,0,0,0,0,0,8
2064,129000,65352,7296,40,16,24,2520.0,1632,16.0,328,328,5208.0,0,0,0,0,8,0,0,0,0,0,0,0,0,0,0,8
2065,187000,113400,11000,40,16,16,2584.0,0,16.0,408,72,7264.0,0,0,0,0,8,0,0,0,0,0,0,0,0,0,0,8
2066,158000,134232,21232,40,16,16,5104.0,5584,24.0,696,88,2136.0,0,0,0,0,8,0,0,0,0,0,0,0,0,0,0,8
2067,112000,202712,11328,40,16,24,4608.0,896,16.0,712,0,0.0,0,0,0,0,8,0,0,0,0,0,0,0,0,0,0,8
2068,165250,55680,10416,56,16,24,1792.0,1008,12.0,536,72,2064.0,0,0,0,0,8,0,0,0,0,0,0,0,0,0,0,8
2069,150000,91000,10392,48,16,24,3952.0,2888,8.0,424,96,5888.0,0,0,0,0,8,0,0,0,0,0,0,0,0,0,0,8
2070,137000,110160,9408,40,16,16,2424.0,0,16.0,392,72,8504.0,0,0,0,0,8,0,0,0,0,0,0,0,0,0,8,0
2071,89500,72000,7984,32,8,16,3680.0,1120,8.0,496,456,0.0,0,0,0,0,8,0,0,0,0,0,0,0,0,0,0,8
2072,302000,2418129,38304,147,42,63,15519.0,8988,63.0,756,105,25599.0,0,0,0,0,21,0,0,0,0,0,0,0,0,0,0,21
2073,182000,232575,31962,126,42,42,11592.0,5145,42.0,483,483,24990.0,0,0,0,0,21,0,0,0,0,0,0,0,0,0,0,21
2074,211000,210609,43260,126,63,42,10941.0,8820,63.0,399,378,17451.0,0,0,0,0,21,0,0,0,0,0,0,0,0,0,0,21
2075,216000,105246,7950,30,12,18,3456.0,252,12.0,354,12,1800.0,0,0,0,0,6,0,0,0,0,0,0,0,0,0,0,6
2076,130000,136152,9780,30,12,12,3894.0,384,12.0,324,324,3522.0,0,0,0,0,6,0,6,0,0,0,0,0,0,0,0,0
2077,109900,106848,7452,24,12,12,2016.0,0,6.0,366,342,0.0,0,0,0,0,6,0,0,0,0,0,0,0,0,0,0,6
2078,255000,266091,50862,126,42,63,11067.0,4347,63.0,1113,273,7413.0,0,0,0,0,21,0,0,0,0,0,0,0,0,0,0,21
2079,243000,75690,12948,36,12,18,3456.0,408,18.0,342,36,2862.0,0,0,0,0,6,0,0,0,0,0,0,0,0,0,0,6
2080,154000,63072,9756,36,12,18,1992.0,2196,9.0,318,318,2946.0,0,0,0,0,6,0,0,0,0,0,0,0,0,0,0,6
2081,118000,37800,6048,35,14,14,2793.0,0,10.5,343,343,3171.0,0,0,0,0,7,0,0,0,0,0,0,0,0,0,0,7
2082,80000,69090,5658,24,12,18,1848.0,360,6.0,294,78,0.0,0,0,0,0,6,0,0,0,0,0,0,0,0,0,0,6
2083,150000,46266,8640,24,12,12,0.0,1926,24.0,180,180,8640.0,0,0,0,0,0,0,0,0,0,0,0,0,0,6,0,0
2084,86000,54588,3630,24,12,12,0.0,864,12.0,522,30,2088.0,0,0,0,0,6,0,0,0,0,0,0,0,0,0,0,6
2085,130000,23214,6228,30,18,12,1584.0,630,12.0,138,138,6228.0,0,0,0,0,6,0,0,0,0,0,0,0,0,0,0,6
2086,125000,55680,8052,30,12,12,1536.0,0,12.0,336,336,3342.0,0,0,0,0,6,0,0,0,0,0,0,0,0,0,0,6
2087,136500,66600,8880,30,12,12,1518.0,408,12.0,336,78,6480.0,0,0,0,0,6,0,0,0,0,0,0,0,0,0,0,6
2088,96000,45300,8172,24,6,12,1680.0,0,12.0,522,342,0.0,0,0,0,0,6,0,0,0,0,0,0,0,0,0,0,6
2089,120000,54360,8040,30,12,12,1512.0,1776,6.0,300,6,0.0,0,0,0,0,6,0,0,0,0,0,0,0,0,0,0,6
2090,228500,334880,25508,84,28,42,7210.0,16898,28.0,322,322,0.0,0,0,0,0,14,0,0,0,0,0,0,0,0,0,0,14
2091,179900,144998,20188,98,42,42,10066.0,3416,42.0,238,224,10332.0,0,0,0,0,14,0,0,0,0,0,0,0,0,0,0,14
2092,225000,188636,31402,98,42,42,10444.0,5530,49.0,238,224,9800.0,0,0,0,0,14,0,0,0,0,0,0,0,0,0,0,14
2093,301000,145320,38220,98,42,42,8064.0,4158,49.0,294,280,21028.0,0,0,0,0,14,0,0,0,0,0,0,0,0,0,0,14
2094,238000,183750,29778,98,42,42,11662.0,6832,49.0,224,224,9548.0,0,0,0,0,14,0,0,0,0,0,0,0,0,0,0,14
2095,228500,158018,27748,98,42,42,8050.0,3920,35.0,252,252,5894.0,0,0,0,0,14,0,0,0,0,0,0,0,0,0,0,14
2096,220000,130438,27412,98,42,42,6986.0,4130,49.0,182,84,6958.0,0,0,0,0,14,0,0,14,0,0,0,0,0,0,0,0
2097,383970,189335,51224,133,57,76,15048.0,8968,66.5,0,0,18696.0,0,0,0,0,0,19,0,0,0,0,0,0,19,0,0,0
2098,424870,189335,53732,152,57,57,19988.0,5111,76.0,19,0,21850.0,0,0,0,0,0,19,0,0,0,0,0,0,19,0,0,0
2099,250000,174382,31369,152,57,57,16530.0,5092,38.0,0,0,0.0,0,0,0,0,0,19,0,0,0,0,0,0,19,0,0,0
2100,360000,199139,40660,152,57,57,16986.0,3192,47.5,19,0,0.0,0,0,0,0,0,19,0,0,0,0,0,0,19,0,0,0
2101,279500,202388,28386,133,57,57,15960.0,3667,38.0,19,0,0.0,0,0,0,0,0,19,0,0,0,0,0,0,19,0,0,0
2102,200141,212325,25004,133,57,57,8360.0,380,38.0,0,0,0.0,0,0,0,0,0,19,0,0,0,0,0,0,19,0,0,0
2103,246500,194465,31369,152,57,57,16530.0,4864,38.0,0,0,0.0,0,0,0,0,0,19,0,0,0,0,0,0,19,0,0,0
2104,276000,182172,48906,152,57,76,16492.0,2812,47.5,0,0,0.0,0,0,0,0,0,19,0,0,0,0,0,0,19,0,0,0
2105,203000,167466,24206,133,57,57,9652.0,6878,57.0,38,0,17575.0,0,0,0,0,0,19,0,0,0,0,0,0,19,0,0,0
2106,155835,210957,27664,133,57,57,8360.0,0,47.5,19,19,0.0,0,0,0,0,0,19,0,0,0,0,0,0,19,0,0,0
2107,194000,162564,23560,133,57,57,15694.0,4427,38.0,19,19,0.0,0,0,0,0,19,0,0,0,0,0,0,0,0,0,0,19
2108,195400,128478,22952,133,57,57,11932.0,3021,57.0,0,0,12616.0,0,0,0,0,0,19,0,0,0,0,0,0,19,0,0,0
2109,217000,223250,29374,133,57,57,15124.0,3534,38.0,38,19,380.0,0,0,0,0,19,0,0,0,0,0,0,0,0,0,0,19
2110,212999,166440,28500,152,57,57,12806.0,3458,38.0,19,19,684.0,0,0,0,0,19,0,0,0,0,0,0,0,0,0,0,19
2111,175900,137598,24130,133,57,57,9956.0,1824,38.0,38,19,0.0,0,0,0,0,19,0,0,0,0,0,0,0,0,0,0,19
2112,191000,177004,34105,133,57,57,10982.0,5225,47.5,38,19,0.0,0,0,0,0,19,0,0,0,0,0,0,0,0,0,0,19
2113,176432,177023,24966,114,57,57,8360.0,418,38.0,19,19,456.0,0,0,0,0,19,0,0,0,0,0,0,0,0,0,0,19
2114,277000,201096,28868,98,42,28,6356.0,3766,49.0,266,252,14910.0,0,0,0,0,14,0,0,0,0,0,0,0,0,0,0,14
2115,207000,124362,26222,98,42,42,8666.0,4200,49.0,266,266,13006.0,0,0,0,0,14,0,0,0,0,0,0,0,0,0,0,14
2116,277000,3339000,45024,126,63,63,8169.0,2058,52.5,1029,21,14637.0,0,0,0,0,21,0,0,0,0,0,0,0,0,0,0,21
2117,240000,1115247,41013,126,63,63,10521.0,9387,73.5,315,315,20685.0,0,0,0,0,21,0,0,0,0,0,0,0,0,0,0,21
2118,187500,256305,43827,126,42,63,9324.0,6321,52.5,861,0,11928.0,0,0,0,0,21,0,0,0,0,0,0,0,0,0,0,21
2119,279000,421344,36603,168,63,63,11109.0,13566,52.5,651,651,20286.0,0,0,0,0,21,0,0,0,0,0,0,0,0,0,0,21
2120,139500,270123,19418,95,38,38,14193.0,0,28.5,247,247,10450.0,0,0,0,0,19,0,0,0,0,0,0,0,0,0,0,19
2121,126000,166725,18810,95,38,38,5681.0,1216,19.0,247,247,9405.0,0,0,0,0,19,0,0,0,0,0,0,0,0,0,0,19
2122,177500,213731,22800,114,57,57,9899.0,494,57.0,228,228,16682.0,0,0,0,0,19,0,0,0,0,0,0,0,0,0,0,19
2123,175000,190399,24852,114,38,57,9443.0,3724,66.5,190,19,10241.0,0,0,0,0,19,0,0,0,0,0,0,0,0,0,0,19
2124,211000,181089,34124,114,38,38,10374.0,684,66.5,171,171,13414.0,0,0,0,0,19,0,0,0,0,0,0,0,0,0,0,19
2125,146000,160132,18810,95,38,38,7296.0,4864,38.0,247,247,7980.0,0,0,0,0,19,0,0,0,0,0,0,0,0,0,0,19
2126,147900,314659,20843,95,38,38,4598.0,5814,47.5,209,209,10431.0,0,0,0,0,19,0,0,0,0,0,0,0,0,0,0,19
2127,123600,153330,18810,76,38,38,0.0,0,38.0,247,228,11172.0,0,0,0,0,19,0,0,0,0,0,0,0,0,0,0,19
2128,204750,177403,33934,114,38,57,12996.0,3078,66.5,190,190,12312.0,0,0,0,0,19,0,0,0,0,0,0,0,0,0,0,19
2129,235500,205580,35587,133,57,57,11343.0,6175,47.5,152,152,6498.0,0,0,0,0,19,0,0,0,0,0,0,0,0,0,0,19
2130,217000,234688,33307,133,57,38,10146.0,1406,66.5,171,152,12122.0,0,0,0,0,19,0,0,0,0,0,0,0,0,0,0,19
2131,190550,181317,32110,133,57,57,9823.0,1957,47.5,114,114,0.0,0,0,0,0,19,0,0,0,0,0,0,0,0,0,0,19
2132,217500,167694,34998,133,57,57,9234.0,5491,66.5,133,133,15979.0,0,0,0,0,19,0,0,0,0,0,0,0,0,0,0,19
2133,226000,202635,28101,133,57,57,10602.0,3287,57.0,76,76,19247.0,0,0,0,0,19,0,0,0,0,0,0,0,0,0,0,19
2134,180000,215023,31692,133,57,57,9500.0,4028,47.5,76,76,0.0,0,0,0,0,19,0,0,0,0,0,0,0,0,0,0,19
2135,131000,224200,16986,95,38,38,8360.0,0,19.0,627,627,12597.0,0,0,0,0,0,0,0,0,0,0,0,0,0,0,0,19
2136,153500,164540,19475,95,38,38,7030.0,2413,38.0,589,589,9538.0,0,0,0,0,19,0,0,0,0,0,0,0,0,0,0,19
2137,160000,184680,19171,95,38,38,10944.0,0,38.0,570,570,14345.0,0,0,0,0,19,0,0,0,0,0,0,0,0,0,0,19
2138,134900,170658,19760,95,38,38,14212.0,0,28.5,570,570,10241.0,0,0,0,0,19,0,0,0,0,0,0,0,0,0,0,19
2139,130000,309700,17233,95,38,38,5852.0,0,38.0,570,570,9063.0,0,0,0,0,19,0,0,0,0,0,0,0,0,0,0,19
2140,120000,183825,16701,95,38,38,8360.0,1520,19.0,608,608,14478.0,0,0,0,0,19,0,0,0,19,0,0,0,0,0,0,0
2141,112500,146300,16758,95,38,38,8759.0,1824,38.0,665,665,11514.0,0,0,0,0,19,0,0,0,0,0,0,0,0,0,0,19
2142,122000,196764,18411,95,38,38,8360.0,0,28.5,608,608,13604.0,0,0,0,0,19,0,0,0,0,0,0,0,0,0,0,19
2143,127000,136800,16416,95,38,76,10944.0,2945,38.0,665,133,12749.0,0,0,0,0,19,0,0,0,0,0,0,0,0,0,0,19
2144,117000,136800,16625,76,38,57,13832.0,6688,19.0,665,19,7315.0,0,0,0,0,19,0,0,0,0,0,0,0,0,0,0,19
2145,305900,197334,38000,152,57,57,16872.0,3192,57.0,57,38,27816.0,0,0,0,0,19,0,0,0,0,0,0,0,0,0,0,19
2146,228500,178125,41211,152,57,57,12293.0,5301,47.5,95,95,0.0,0,0,0,0,19,0,0,0,0,0,0,0,0,0,0,19
2147,270000,215726,31787,133,57,57,11077.0,10165,57.0,133,133,26828.0,0,0,0,0,19,0,0,0,0,0,0,0,0,0,0,19
2148,192000,166231,27721,133,57,57,10013.0,4389,38.0,95,95,0.0,0,0,0,0,19,0,0,0,0,0,0,0,0,0,0,19
2149,213000,166231,36708,133,57,57,11590.0,2280,66.5,76,76,12426.0,0,0,0,0,19,0,0,0,0,0,0,0,0,0,0,19
2150,200000,155002,32851,133,57,57,10298.0,8531,47.5,95,95,0.0,0,0,0,0,19,0,0,0,0,0,0,0,0,0,0,19
2151,267000,308294,46588,152,57,57,12977.0,4902,47.5,171,152,5339.0,0,0,0,0,19,0,0,0,0,0,0,0,0,0,0,19
2152,228000,226613,30248,152,57,57,9196.0,2945,38.0,247,228,16587.0,0,0,0,0,19,0,0,0,0,0,0,0,0,0,0,19
2153,275000,241832,46341,152,57,57,10640.0,5795,66.5,114,114,22762.0,0,0,0,0,19,0,0,0,0,0,0,0,0,0,0,19
2154,211000,290605,37848,133,57,57,11552.0,4883,66.5,209,95,14478.0,0,0,0,0,19,0,0,0,0,0,0,0,0,0,0,19
2155,285000,213712,31692,171,57,57,13338.0,5738,57.0,95,95,20121.0,0,0,0,0,19,0,0,0,0,0,0,0,0,0,0,19
2156,240000,190000,39710,152,57,57,10564.0,1235,66.5,228,209,20501.0,0,0,0,0,19,0,0,0,0,0,0,0,0,0,0,19
2157,131500,84265,16112,114,57,57,7980.0,2660,38.0,76,76,12521.0,0,0,0,0,19,0,0,0,0,0,0,0,0,0,0,19
2158,246900,327313,25479,152,57,57,9158.0,6156,47.5,152,133,17385.0,0,0,0,0,19,0,0,0,0,0,0,0,0,0,0,19
2159,219500,155800,36632,133,57,57,8246.0,2812,47.5,76,57,0.0,0,0,0,0,19,0,0,0,0,0,0,0,0,0,0,19
2160,185000,160550,25403,133,57,57,10089.0,741,57.0,76,76,13281.0,0,0,0,0,19,0,0,0,0,0,0,0,0,0,0,19
2161,179400,154755,28044,133,57,57,10488.0,665,47.5,0,0,0.0,0,0,0,0,0,19,0,0,0,0,0,0,19,0,0,0
2162,213500,175655,34143,133,57,57,12141.0,3743,47.5,19,19,0.0,0,0,0,0,19,0,0,0,0,0,0,0,0,0,0,19
2163,179600,161500,27018,133,57,57,11894.0,4788,38.0,57,57,0.0,0,0,0,0,19,0,0,0,0,0,0,0,0,0,0,19
2164,173500,166611,22610,133,57,57,10982.0,2679,57.0,38,38,13471.0,0,0,0,0,19,0,0,0,0,0,0,0,0,0,0,19
2165,167840,158346,25270,114,57,57,8303.0,437,38.0,19,0,0.0,0,0,0,0,0,19,0,0,0,0,0,0,19,0,0,0
2166,168675,158327,28329,133,57,57,9196.0,2470,47.5,19,19,0.0,0,0,0,0,19,0,0,0,0,0,0,0,0,0,0,19
2167,167000,171855,29184,95,57,57,7600.0,760,47.5,38,38,0.0,0,0,0,0,19,0,0,0,0,0,0,0,0,0,0,19
2168,140000,55020,7284,30,12,12,2766.0,1104,12.0,252,252,4764.0,0,0,0,0,6,0,0,0,0,0,0,0,0,0,0,6
2169,118500,58950,5616,30,12,12,2304.0,2430,12.0,240,240,5616.0,0,0,0,0,0,0,0,0,0,0,0,0,0,0,0,6
2170,110000,49848,6528,24,12,12,3120.0,0,6.0,264,264,5838.0,0,0,0,0,6,0,6,0,0,0,0,0,0,0,0,0
2171,94750,65526,5760,24,12,12,2592.0,720,12.0,252,252,3120.0,0,0,0,0,6,0,0,0,0,0,0,0,0,0,0,6
2172,122000,97722,8106,30,12,12,3456.0,858,12.0,492,342,1410.0,0,0,0,0,6,0,0,0,0,0,0,0,0,0,0,6
2173,110000,49440,7074,36,12,12,3732.0,0,6.0,282,282,0.0,0,0,0,0,6,0,0,0,0,0,0,0,0,0,0,6
2174,118500,71046,4896,36,12,12,0.0,192,12.0,102,102,4896.0,0,0,0,0,6,0,0,0,0,0,0,0,0,0,0,6
2175,133500,37710,6264,36,12,12,3168.0,1368,12.0,186,186,3024.0,0,0,0,0,6,0,0,0,0,0,0,0,0,0,0,6
2176,148000,47502,6678,36,12,12,3024.0,2400,15.0,186,186,4506.0,0,0,0,0,6,0,0,0,0,0,0,0,0,0,0,6
2177,141000,57330,13398,30,12,12,3474.0,0,15.0,168,168,0.0,0,0,0,0,6,0,0,0,0,0,0,0,0,0,0,6
2178,155000,51216,6750,30,12,12,2580.0,864,9.0,6,0,0.0,0,0,0,0,0,6,0,0,0,0,0,0,6,0,0,0
2179,157000,42144,6540,30,12,12,2700.0,294,15.0,12,6,5880.0,0,0,0,0,6,0,0,0,0,0,0,0,0,0,0,6
2180,171500,42138,8448,30,12,12,2934.0,510,21.0,12,6,3666.0,0,0,0,0,6,0,0,0,0,0,0,0,0,0,0,6
2183,140000,22050,6432,36,12,18,3150.0,264,12.0,12,12,2802.0,0,0,0,0,6,0,0,0,0,0,0,0,0,0,0,6
2184,131750,38400,5760,30,12,6,2352.0,1074,12.0,288,42,5448.0,0,0,0,0,6,0,0,0,0,0,0,0,0,0,0,6
2185,61500,41292,6912,24,12,6,0.0,0,12.0,312,312,0.0,0,0,0,0,6,0,0,0,0,0,0,0,0,0,0,6
2186,111000,61290,5688,24,12,12,1488.0,0,6.0,318,318,2952.0,0,0,0,0,6,0,0,0,0,0,0,0,0,0,0,6
2187,98500,52446,7170,30,12,12,0.0,708,12.0,366,342,0.0,0,0,0,0,0,0,0,0,0,0,0,0,0,0,0,6
2188,79000,25620,4644,18,12,18,0.0,1716,6.0,456,6,3264.0,0,0,0,0,6,0,0,0,0,0,0,0,0,0,0,6
2189,108500,60252,5190,36,12,12,1296.0,504,12.0,522,72,2532.0,0,0,0,0,6,0,0,0,0,0,0,0,0,0,0,6
2190,110000,56700,5364,24,12,12,2400.0,0,6.0,318,318,3312.0,0,0,0,0,0,0,0,0,0,0,0,0,0,0,0,6
2191,112000,70602,8076,24,12,12,2304.0,1152,9.0,582,42,0.0,0,0,0,0,6,0,0,0,0,0,0,0,0,0,0,6
2192,125000,49032,4608,24,12,12,2130.0,1176,6.0,312,312,3264.0,0,0,0,0,6,0,0,0,0,0,0,0,0,0,0,6
2193,79275,49032,5184,24,12,12,3168.0,1176,12.0,312,312,4092.0,0,0,0,0,0,0,6,0,0,0,0,0,0,0,0,0
2194,119000,49140,5688,24,12,12,1680.0,216,12.0,318,318,4392.0,0,0,0,0,6,0,0,0,0,0,0,0,0,0,0,6
2195,200000,76272,23765,42,7,7,0.0,770,14.0,651,84,1792.0,0,0,0,0,0,0,0,0,0,0,0,0,0,0,0,7
2196,150000,76230,18144,35,14,14,0.0,6874,28.0,588,399,2597.0,0,0,7,0,0,0,0,0,0,0,0,0,0,0,0,7
2197,165000,211840,30040,120,40,60,3600.0,5220,30.0,1680,220,0.0,0,0,0,0,20,0,0,0,0,0,0,0,0,0,0,20
2198,96500,211880,15780,100,40,40,4000.0,2240,20.0,1620,1140,0.0,0,0,0,0,20,0,0,0,0,0,0,0,0,0,0,20
2199,136500,144460,28440,100,40,40,7040.0,1280,20.0,1620,1140,6380.0,0,0,0,0,20,0,0,0,0,0,0,0,0,0,0,20
2200,146500,136420,25960,120,40,40,4800.0,7680,40.0,1720,40,2260.0,0,0,0,0,20,0,0,0,0,0,0,0,0,0,0,20
2201,175000,50400,12376,35,14,21,1680.0,1848,17.5,490,399,3983.0,0,0,0,0,7,0,0,0,0,0,0,0,0,0,0,7
2202,148500,80000,21960,140,40,40,4320.0,0,40.0,1540,240,4920.0,0,0,0,0,20,0,0,0,0,0,0,0,0,0,0,20
2203,141500,134400,28720,120,40,40,4560.0,3680,20.0,1720,1140,0.0,0,0,0,0,20,0,0,20,0,0,0,0,0,0,0,0
2204,189950,152840,28520,140,60,60,4320.0,4800,30.0,1780,180,0.0,0,0,0,0,20,0,0,0,0,0,0,0,0,0,0,20
2205,135000,143100,29220,120,40,40,4500.0,2320,20.0,1620,320,0.0,0,0,0,0,20,0,0,0,0,0,0,0,0,0,0,20
2206,164000,142560,32920,140,40,40,4800.0,2520,40.0,1320,1140,7280.0,0,0,0,0,20,0,0,0,0,0,0,0,0,0,0,20
2207,90350,85600,13880,100,40,60,7040.0,680,20.0,1880,100,7300.0,0,0,0,0,20,0,0,0,0,0,0,0,0,0,0,20
2208,139000,107240,25000,100,40,40,11040.0,6460,40.0,1940,80,0.0,0,0,0,0,20,0,0,0,0,0,0,0,0,0,0,20
2209,119750,126100,19080,100,40,20,4800.0,0,20.0,1380,1140,0.0,0,0,0,0,20,0,0,0,0,0,0,0,0,0,0,20
2210,145000,142720,39160,120,40,40,9840.0,0,40.0,1220,1140,9680.0,0,0,0,0,20,0,0,0,0,0,0,0,0,0,0,20
2211,145000,125400,40040,100,40,40,17420.0,0,40.0,1160,1140,5680.0,0,0,0,0,20,0,0,0,0,0,0,0,0,0,0,20
2212,238000,144600,34360,140,40,60,5280.0,10080,50.0,1600,300,0.0,0,0,0,0,20,0,0,0,0,0,0,0,0,0,0,20
2213,153500,262160,24520,100,40,40,8000.0,10920,30.0,1120,1120,0.0,0,0,0,0,20,0,0,0,0,0,0,0,0,0,0,20
2214,239000,448400,52480,120,40,40,17280.0,0,70.0,1780,1140,22560.0,0,0,0,0,20,0,0,0,0,0,0,0,0,0,0,20
2215,359100,243360,63880,160,40,40,7600.0,0,50.0,1460,180,8560.0,0,0,0,20,0,0,0,0,0,0,0,0,0,0,0,20
2216,188000,156200,35100,80,40,60,4620.0,800,40.0,1540,80,3780.0,0,0,0,0,20,0,0,0,0,0,0,0,0,0,0,20
2217,220000,225500,39820,120,40,40,8640.0,380,30.0,1500,1140,17080.0,0,0,0,0,20,0,0,0,0,0,0,0,0,0,0,20
2218,140000,124420,27100,100,40,40,10560.0,2880,40.0,1320,1140,10660.0,0,0,0,0,20,0,0,0,0,0,0,0,0,0,0,20
2219,315000,211400,54540,160,60,60,8800.0,1480,50.0,1500,260,5940.0,0,0,0,0,20,0,0,0,0,0,0,0,0,0,0,20
2220,259500,145180,46400,120,40,60,3600.0,4480,70.0,1240,100,18480.0,0,0,0,0,20,0,0,0,0,0,0,0,0,0,0,20
2221,257500,288840,36780,120,40,60,8320.0,5740,60.0,1000,60,23720.0,0,0,0,0,20,0,0,0,0,0,0,0,0,0,0,20
2222,219500,262500,34800,140,40,40,4800.0,0,30.0,1340,460,8200.0,0,0,0,0,20,0,0,20,0,0,0,0,0,0,0,0
2223,217000,420000,45180,120,40,60,9000.0,9560,60.0,1080,1080,18080.0,0,0,0,0,0,0,20,0,0,0,0,0,0,0,0,0
2224,201000,509700,31200,120,40,40,11600.0,13180,30.0,940,940,31200.0,0,0,0,0,20,0,0,0,0,0,0,0,0,0,0,20
2225,215000,431580,29760,120,40,40,11040.0,4320,50.0,780,780,16260.0,0,0,0,0,20,0,0,20,0,0,0,0,0,0,0,0
2226,123900,19602,11495,66,22,22,5082.0,1980,11.0,297,297,3630.0,0,0,0,0,11,0,0,0,0,0,0,0,0,0,0,11
2227,170000,357420,33600,80,40,60,12560.0,3040,40.0,240,220,0.0,0,0,0,0,20,0,0,0,0,0,0,0,0,0,0,20
2228,200000,42977,11220,88,22,22,5599.0,1485,22.0,209,209,6347.0,0,0,0,0,11,0,0,0,0,0,0,0,0,0,0,11
2229,198000,413860,33920,140,40,40,12500.0,2920,40.0,720,720,8680.0,0,0,0,0,20,0,0,0,0,0,0,0,0,0,0,20
2230,200624,653360,50300,120,60,40,9680.0,4000,80.0,1000,640,24380.0,0,0,0,20,0,0,0,0,0,0,0,0,0,0,0,20
2231,315000,360880,54520,160,60,60,13820.0,8980,50.0,420,420,0.0,0,0,0,0,20,0,0,0,0,0,0,0,0,0,0,20
2232,115000,17000,3034,10,4,2,0.0,288,4.0,176,4,0.0,0,0,0,0,2,0,0,0,0,0,0,0,0,0,0,2
2233,141000,14000,2430,12,4,6,1440.0,60,2.0,134,114,750.0,0,0,0,0,2,0,0,0,0,0,0,0,0,0,0,2
2234,87000,10000,1606,10,4,4,720.0,488,2.0,132,114,232.0,0,2,0,0,2,0,0,0,0,0,0,0,0,0,0,2
2235,129850,14576,3202,10,6,4,0.0,352,4.0,164,8,0.0,0,0,0,0,2,0,0,0,0,0,0,0,0,0,0,2
2236,100000,12120,2246,8,4,4,528.0,280,2.0,136,114,0.0,0,0,0,0,2,0,0,0,0,0,0,0,0,0,0,2
2237,150909,18120,3656,10,4,6,0.0,772,4.0,168,16,1096.0,0,0,0,2,0,0,0,0,0,0,0,0,0,0,0,2
2238,75200,7344,1632,10,4,4,200.0,192,2.0,170,114,0.0,0,0,0,0,2,0,0,0,0,0,0,0,0,0,0,2
2239,118400,16526,2024,12,4,4,616.0,268,2.0,174,114,0.0,0,0,0,0,2,0,0,0,0,0,0,0,0,0,0,2
2240,67000,17934,2154,10,4,4,676.0,0,2.0,174,114,0.0,0,0,0,0,0,0,0,0,0,0,0,0,0,0,0,2
2241,152000,27420,3116,10,4,4,564.0,578,3.0,114,114,840.0,0,0,0,0,2,0,0,0,0,0,0,0,0,0,0,2
2242,68104,22134,1690,4,4,4,512.0,96,2.0,136,114,0.0,0,0,0,0,2,0,0,0,0,0,0,0,0,0,0,2
2243,119600,16500,3982,10,4,4,0.0,266,4.0,224,2,0.0,0,0,0,0,2,0,0,0,0,0,0,0,0,0,0,2
2244,140000,13130,2146,8,4,4,1440.0,888,4.0,100,54,1934.0,0,0,0,0,0,0,0,0,0,0,0,0,0,0,0,2
2245,124900,12120,2002,10,6,6,432.0,564,2.0,154,0,1474.0,0,0,0,0,2,0,0,0,0,0,0,0,0,0,0,2
2246,375000,111360,32500,160,60,60,9900.0,5520,70.0,20,0,31460.0,0,0,0,0,0,20,0,0,0,0,0,0,20,0,0,0
2247,235000,95000,32500,160,60,60,10760.0,5520,70.0,20,0,31460.0,0,0,0,0,0,0,0,0,0,0,0,0,0,0,0,20
2248,183500,157950,16887,78,26,39,6318.0,3978,39.0,364,364,13013.0,0,0,0,0,13,0,0,0,0,0,0,0,0,0,0,13
2249,156000,98020,11856,78,26,26,6110.0,2496,26.0,377,377,10049.0,0,0,0,0,13,0,0,0,0,0,0,0,0,0,0,13
2250,134000,119431,14040,78,26,26,6292.0,3614,19.5,312,312,4368.0,0,0,0,0,13,0,0,0,0,0,0,0,0,0,0,13
2251,215000,130000,18096,65,39,39,8450.0,2821,26.0,65,65,7605.0,0,0,0,0,13,0,0,0,0,0,0,0,0,0,0,13
2252,245000,167232,18317,91,39,39,7488.0,3757,32.5,65,65,18096.0,0,0,0,0,13,0,0,0,0,0,0,0,0,0,0,13
2253,210000,129064,19214,91,26,26,6578.0,1768,39.0,208,195,16107.0,0,0,0,0,13,0,0,0,0,0,0,0,0,0,0,13
2254,148000,113750,11934,91,26,26,4680.0,3588,19.5,416,416,9802.0,0,0,0,0,13,0,0,0,0,0,0,0,0,0,0,13
2255,143000,109330,13338,78,26,26,6864.0,2509,26.0,429,429,12012.0,0,0,0,0,13,0,0,0,0,0,0,0,0,0,0,13
2256,244000,93242,34523,161,69,69,11776.0,5520,69.0,460,460,21827.0,0,0,0,0,23,0,0,0,0,0,0,0,0,0,0,23
2257,330000,244075,37550,175,75,75,7150.0,0,62.5,225,225,29350.0,0,0,0,0,25,0,0,0,0,0,0,0,0,0,0,25
2258,170000,388815,30544,115,46,46,7084.0,2392,46.0,1104,1104,22241.0,0,0,0,0,23,0,0,0,0,0,0,0,0,0,0,23
2259,257000,459034,52417,138,46,69,10603.0,9476,57.5,1127,276,0.0,0,0,0,0,23,0,0,0,0,0,0,0,0,0,0,23
2260,231713,192464,38847,161,69,69,9959.0,3197,46.0,23,0,0.0,0,0,0,0,0,23,0,0,0,0,0,0,23,0,0,0
2261,267300,190854,35972,184,69,92,11546.0,3036,46.0,23,0,13409.0,0,0,0,0,0,23,0,0,0,0,0,0,23,0,0,0
2262,265900,207851,34132,184,69,92,10856.0,3519,46.0,23,23,9844.0,0,0,0,0,23,0,0,0,0,0,0,0,0,0,0,23
2263,239000,252793,36133,184,69,69,16606.0,3128,46.0,0,0,0.0,0,0,0,0,0,23,0,0,0,0,0,0,23,0,0,0
2264,248900,245088,37858,184,69,69,20010.0,6256,46.0,23,0,0.0,0,0,0,0,0,23,0,0,0,0,0,0,23,0,0,0
2265,174000,237613,28520,161,46,69,12144.0,5336,57.5,506,506,6785.0,0,0,0,0,23,0,0,0,0,0,0,0,0,0,0,23
2266,187500,316434,39491,161,69,69,9200.0,4692,57.5,391,368,20746.0,0,0,0,0,23,0,0,0,0,0,0,0,0,0,0,23
2267,204000,213969,40388,138,69,46,9706.0,6118,80.5,253,230,17066.0,0,0,0,0,23,0,0,0,0,0,0,0,0,0,0,23
2268,180500,154514,30176,184,69,69,10833.0,6532,46.0,138,138,5750.0,0,0,0,0,23,0,0,0,0,0,0,0,0,0,0,23
2269,187500,220570,26358,161,69,69,10074.0,4186,69.0,92,92,18078.0,0,0,0,0,23,0,0,0,0,0,0,0,0,0,0,23
2270,282000,260015,44206,184,69,69,15916.0,6095,69.0,115,115,30567.0,0,0,0,0,23,0,0,0,0,0,0,0,0,0,0,23
2271,178000,178871,34293,138,69,46,13133.0,805,46.0,253,253,0.0,0,0,0,0,23,0,0,0,0,0,0,0,0,0,0,23
2272,270000,334328,37467,184,69,69,18584.0,5796,69.0,115,92,29900.0,0,0,0,0,23,0,0,0,0,0,0,0,0,0,0,23
2273,279900,271400,57178,161,69,69,10396.0,4025,103.5,92,69,17618.0,0,0,0,0,23,0,0,0,0,0,0,0,0,0,0,23
2274,186700,808059,36156,115,46,46,22885.0,12098,57.5,1012,1012,26657.0,0,0,0,0,23,0,0,0,0,0,0,0,0,0,0,23
2275,283463,352038,40848,184,69,69,16376.0,0,69.0,23,0,1840.0,0,0,0,0,0,23,0,0,0,0,0,0,23,0,0,0
2276,392000,290559,41952,230,92,92,21436.0,6992,46.0,23,0,0.0,0,0,0,0,0,23,0,0,0,0,0,0,23,0,0,0
2277,281213,291295,57086,184,69,69,14766.0,4209,57.5,46,23,0.0,0,0,0,0,23,0,0,0,0,0,0,0,0,0,0,23
2278,147000,109226,14560,65,26,26,0.0,390,13.0,0,0,2678.0,0,0,0,0,0,13,0,0,0,0,0,0,13,0,0,0
2279,130000,565500,26442,39,26,26,13533.0,9737,13.0,702,702,0.0,0,0,0,0,13,0,0,0,0,0,0,0,0,0,0,13
2280,140000,87230,12168,78,26,26,5980.0,520,32.5,143,130,11960.0,0,0,0,0,13,0,0,0,0,0,0,0,0,0,0,13
2281,132250,328718,13520,52,26,26,8424.0,0,26.0,572,572,8229.0,0,0,0,0,13,0,0,0,0,0,0,0,0,0,0,13
2282,143000,325000,21216,65,26,26,7488.0,0,26.0,520,520,0.0,0,0,0,0,13,0,0,0,0,0,0,0,0,0,0,13
2283,168000,422019,21086,52,26,26,17628.0,5707,26.0,598,416,15067.0,0,0,0,0,13,0,0,0,0,0,0,0,0,0,0,13
2284,129900,4224,1060,5,2,2,572.0,210,2.0,31,31,840.0,0,0,0,0,1,0,0,0,0,0,0,0,0,0,0,1
2285,134000,4224,1142,5,2,2,528.0,626,2.5,31,31,874.0,0,0,0,0,1,0,0,0,0,0,0,0,0,0,0,1
2286,85500,1504,1092,4,2,2,253.0,0,1.5,35,35,252.0,0,0,0,0,1,0,0,0,0,0,0,0,0,0,0,1
2287,106500,1533,992,4,2,2,297.0,209,2.0,37,37,503.0,0,0,0,0,1,0,0,0,0,0,0,0,0,0,0,1
2288,93900,1495,1092,4,2,2,0.0,64,1.5,37,37,384.0,0,0,0,0,1,0,0,0,0,0,0,0,0,0,0,1
2289,75000,2001,1092,4,2,2,286.0,0,1.5,37,37,0.0,0,0,0,0,1,0,0,0,0,0,0,0,0,0,0,1
2290,84500,1936,630,4,2,2,0.0,0,2.0,37,37,630.0,0,0,0,0,1,0,0,0,0,0,0,0,0,0,0,1
2291,75190,1890,1092,4,2,2,286.0,0,1.5,31,31,0.0,0,0,0,0,1,0,1,0,0,0,0,0,0,0,0,0
2292,146800,147329,13806,78,26,26,7007.0,1560,26.0,403,403,7007.0,0,0,0,0,13,0,0,0,0,0,0,0,0,0,0,13
2293,153500,118677,13104,65,26,39,8814.0,3471,26.0,390,390,11999.0,0,0,0,0,13,0,0,0,0,0,0,0,0,0,0,13
2294,188000,207441,17628,78,26,26,6864.0,18512,52.0,390,390,14924.0,0,0,0,0,13,0,0,0,0,0,0,0,0,0,0,13
2295,196000,441779,21788,65,26,39,8736.0,10140,32.5,390,169,14456.0,0,0,0,0,13,0,0,0,0,0,0,0,0,0,0,13
2296,157000,107718,18616,65,26,26,6903.0,4888,32.5,390,390,6903.0,0,0,0,0,13,0,0,0,0,0,0,0,0,0,0,13
2297,138000,87399,10348,65,26,26,0.0,1677,19.5,468,468,10348.0,0,0,0,0,13,0,0,0,0,0,0,0,0,0,0,13
2298,129500,94172,9984,65,26,26,8112.0,1352,26.0,481,481,8047.0,0,0,0,0,13,0,0,0,0,0,0,0,0,0,0,13
2299,80000,360061,20904,52,26,26,5772.0,2470,13.0,598,598,10543.0,0,0,0,0,0,0,13,0,0,0,0,0,0,0,0,0
2300,129500,98787,10985,52,26,26,4680.0,0,26.0,325,13,7345.0,0,0,0,0,13,0,0,0,0,0,0,0,0,0,0,13
2301,135000,143000,15314,65,26,26,6526.0,1716,32.5,403,52,14170.0,0,0,0,0,13,0,0,0,0,0,0,0,0,0,0,13
2302,124500,108082,10608,65,26,26,3432.0,2184,13.0,325,325,7098.0,0,0,0,0,13,0,0,0,0,0,0,0,0,0,0,13
2303,139000,151125,10608,65,26,26,3432.0,4290,26.0,312,312,7748.0,0,0,0,0,13,0,0,0,0,0,0,0,0,0,0,13
2304,93500,139256,12662,65,26,26,0.0,364,13.0,208,195,2756.0,0,0,0,0,0,0,0,0,0,0,0,0,0,13,0,0
2305,124500,135811,11531,65,26,26,3744.0,1820,19.5,299,299,6708.0,0,0,0,0,13,0,0,0,0,0,0,0,0,0,0,13
2306,149900,132324,15516,72,24,24,5424.0,3360,36.0,624,624,12084.0,0,0,0,0,12,0,0,0,0,0,0,0,0,0,0,12
2307,157500,126396,12288,72,24,36,3756.0,3360,24.0,600,600,9276.0,0,0,0,0,12,0,0,0,0,0,0,0,0,0,0,12
2308,169000,141180,21564,60,24,24,11556.0,0,18.0,588,588,13524.0,0,0,0,0,12,0,0,0,0,0,0,0,0,0,0,12
2309,252000,472608,16680,72,24,48,6600.0,2268,30.0,588,588,13320.0,0,0,0,0,0,0,0,0,0,0,0,0,0,0,0,12
2310,192100,140724,22212,84,24,24,6072.0,1752,24.0,444,444,0.0,0,0,0,0,12,0,0,0,0,0,0,0,0,0,0,12
2311,183500,131808,24400,96,32,32,6400.0,7888,56.0,144,128,11200.0,0,0,0,0,16,0,0,0,0,0,0,0,0,0,0,16
2312,222000,208096,35776,112,32,48,10272.0,0,40.0,144,144,0.0,0,0,0,0,16,0,0,0,0,0,0,0,0,0,0,16
2313,170000,208656,26736,96,32,32,6768.0,1344,40.0,176,176,0.0,0,0,0,0,16,0,0,0,0,0,0,0,0,0,0,16
2314,187500,208496,23968,96,32,32,6544.0,5744,40.0,176,160,9472.0,0,0,0,0,16,0,0,0,0,0,0,0,0,0,0,16
2315,202000,156528,28416,96,32,32,7088.0,6432,40.0,160,160,0.0,0,0,0,0,16,0,0,0,0,0,0,0,0,0,0,16
2316,185000,179312,24176,96,32,32,6608.0,2720,56.0,144,144,11424.0,0,0,0,0,16,0,0,0,0,0,0,0,0,0,0,16
2317,320000,310048,39392,112,48,48,9216.0,8624,56.0,16,0,912.0,0,0,0,0,0,16,0,0,0,0,0,0,16,0,0,0
2318,240000,237744,26720,112,48,48,11040.0,3264,32.0,0,0,0.0,0,0,0,0,0,16,0,0,0,0,0,0,16,0,0,0
2319,250000,210048,33024,128,48,48,8432.0,1904,40.0,16,16,0.0,0,0,0,0,16,0,0,0,0,0,0,0,0,0,0,16
2320,239900,167408,28816,128,48,48,12800.0,1856,40.0,16,16,0.0,0,0,0,0,16,0,0,0,0,0,0,0,0,0,0,16
2321,309000,220016,35392,112,48,48,12368.0,6240,56.0,16,0,960.0,0,0,0,0,0,16,0,0,0,0,0,0,16,0,0,0
2322,274725,372112,32336,112,48,48,6752.0,1600,40.0,0,0,0.0,0,0,0,0,0,16,0,0,0,0,0,0,16,0,0,0
2323,270000,367024,75236,224,84,84,17304.0,5040,70.0,336,336,0.0,0,0,0,0,28,0,0,0,0,0,0,0,0,0,0,28
2324,183500,129216,18704,96,32,32,6432.0,2720,40.0,208,192,11280.0,0,0,0,0,16,0,0,0,0,0,0,0,0,0,0,16
2325,165600,122960,24016,96,32,48,6720.0,4048,40.0,208,192,8288.0,0,0,0,0,16,0,0,0,0,0,0,0,0,0,0,16
2326,176500,145344,26112,112,32,32,7392.0,448,40.0,128,128,0.0,0,0,0,0,16,0,0,0,0,0,0,0,0,0,0,16
2327,130000,103628,33712,224,56,56,12908.0,5320,56.0,532,532,0.0,0,0,0,0,28,0,0,0,0,0,0,0,0,0,0,28
2328,239000,148568,49476,196,84,84,14112.0,13328,84.0,532,532,19880.0,0,0,0,0,28,0,0,0,0,0,0,0,0,0,0,28
2329,275000,183764,48776,224,84,84,15792.0,10528,84.0,588,588,32144.0,0,0,0,0,28,0,0,0,0,0,0,0,0,0,0,28
2330,457347,448644,78344,252,84,112,18760.0,6132,126.0,28,0,34104.0,0,0,0,0,0,28,0,0,0,0,0,0,28,0,0,0
2331,545224,505736,94920,280,112,112,21224.0,6664,98.0,0,0,0.0,0,0,0,0,0,28,0,0,0,0,0,0,28,0,0,0
2332,356383,344176,69244,252,84,84,18900.0,7980,70.0,0,0,5740.0,0,0,0,0,0,28,0,0,0,0,0,0,28,0,0,0
2333,556581,449568,80304,252,84,112,20048.0,9016,98.0,28,0,6720.0,0,0,0,0,0,28,0,0,0,0,0,0,28,0,0,0
2334,361919,348264,72128,224,112,112,18648.0,11872,70.0,0,0,0.0,0,0,0,0,0,28,0,0,0,0,0,0,28,0,0,0
2335,535000,449456,75544,280,112,112,20608.0,7000,98.0,0,0,33768.0,0,0,0,0,0,28,0,0,0,0,0,0,28,0,0,0
2336,401179,445816,78260,252,84,112,18480.0,10472,98.0,28,0,0.0,0,0,0,0,0,28,0,0,0,0,0,0,28,0,0,0
2337,438780,383096,82460,280,112,84,17948.0,6412,98.0,0,0,0.0,0,0,0,0,0,28,0,0,0,0,0,0,28,0,0,0
2338,169000,236192,37120,80,32,32,10752.0,4224,32.0,928,896,0.0,0,0,0,0,16,0,0,0,0,0,0,0,0,0,0,16
2339,145000,554400,16896,80,32,32,9152.0,4224,32.0,816,816,16896.0,0,0,0,0,16,0,0,0,0,0,0,0,0,0,0,16
2340,318000,228116,47992,252,84,84,14476.0,5908,84.0,28,28,33348.0,0,0,0,0,28,0,0,0,0,0,0,0,0,0,0,28
2341,319000,316456,51128,224,84,84,21224.0,10500,84.0,28,0,39816.0,0,0,0,0,0,28,0,0,0,0,0,0,28,0,0,0
2342,470000,511308,56000,252,112,112,20216.0,16128,98.0,28,28,39648.0,0,0,0,0,28,0,0,0,0,0,0,0,0,0,0,28
2343,202500,212175,24315,105,45,45,6600.0,2295,45.0,330,120,3195.0,0,0,0,0,15,0,0,0,0,0,0,0,0,0,0,15
2344,229000,207555,32745,105,45,45,11790.0,0,37.5,270,270,18060.0,0,0,0,0,15,0,0,0,0,0,0,0,0,0,0,15
2345,235000,249885,33945,105,30,45,8085.0,3750,52.5,435,180,11925.0,0,0,0,0,15,0,0,0,0,0,0,0,0,0,0,15
2346,190000,282000,23610,90,30,30,8490.0,6255,52.5,450,450,10680.0,0,0,0,0,15,0,0,0,0,0,0,0,0,0,0,15
2347,169000,156960,16530,90,30,30,8730.0,2430,30.0,390,390,12750.0,0,0,0,0,15,0,0,0,0,0,0,0,0,0,0,15
2348,241500,156000,28080,105,30,30,9060.0,3540,37.5,270,270,13935.0,0,0,0,0,15,0,0,0,0,0,0,0,0,0,0,15
2349,188900,157950,27855,105,30,30,7230.0,7575,37.5,420,420,0.0,0,0,0,0,15,0,0,0,0,0,0,0,0,0,0,15
2350,207500,153600,25290,90,30,30,9180.0,7725,45.0,390,390,25290.0,0,0,0,0,15,0,0,0,0,0,0,0,0,0,0,15
2351,250000,250380,41760,105,30,45,8460.0,8280,67.5,420,420,18885.0,0,15,0,0,15,0,0,0,0,0,0,0,0,0,0,15
2352,179900,172125,23280,90,30,30,6510.0,6255,52.5,465,465,8250.0,0,15,0,0,15,0,0,0,0,0,0,0,0,0,0,15
2353,172000,148905,16245,105,45,30,8940.0,7260,30.0,450,450,15075.0,0,0,0,0,15,0,0,0,0,0,0,0,0,0,0,15
2354,294323,209264,50996,154,66,66,11902.0,5412,77.0,22,0,17336.0,0,22,0,0,0,22,0,0,0,0,0,0,22,0,0,0
2355,184500,157950,28125,90,30,45,7275.0,1140,45.0,465,90,8220.0,0,0,0,0,15,0,0,0,0,0,0,0,0,0,0,15
2356,153500,152100,16110,75,30,30,7425.0,1320,37.5,465,465,11820.0,0,0,0,0,15,0,0,0,0,0,0,0,0,0,0,15
2357,162900,152100,24960,105,30,30,7920.0,4305,37.5,450,450,2910.0,0,0,0,0,15,0,0,0,0,0,0,0,0,0,0,15
2358,181000,152100,19635,90,30,45,7260.0,3975,37.5,480,105,15600.0,0,0,0,0,15,0,0,0,0,0,0,0,0,0,0,15
2359,155000,150000,16545,90,30,30,6930.0,5685,30.0,480,480,11325.0,0,0,0,0,15,0,0,0,0,0,0,0,0,0,0,15
2360,138800,190440,13152,60,24,24,3588.0,3264,24.0,444,444,10392.0,0,0,0,0,0,0,0,0,0,0,0,0,0,0,0,12
2361,116050,112236,10368,48,24,24,3360.0,0,12.0,432,432,0.0,0,0,0,0,0,0,0,0,0,0,0,0,0,12,0,0
2362,88000,97500,10296,48,24,24,0.0,0,12.0,420,420,7368.0,0,0,0,0,12,0,0,0,0,0,0,0,0,0,0,12
2363,97500,86400,10488,48,24,24,6912.0,756,18.0,420,420,7680.0,0,0,0,0,12,0,0,0,0,0,0,0,0,0,0,12
2364,190000,105276,17028,72,36,36,6516.0,3168,36.0,48,48,11412.0,0,0,0,0,12,0,0,0,0,0,0,0,0,0,0,12
2365,105500,8280,3276,18,6,6,1320.0,0,4.5,99,99,0.0,0,0,0,0,3,0,0,0,0,0,0,0,0,0,0,3
2366,125500,6480,4095,15,6,9,1320.0,108,4.5,99,99,1206.0,0,0,0,0,3,0,0,0,0,0,0,0,0,0,0,3
2367,83000,5859,2961,18,6,6,792.0,216,4.5,99,99,927.0,0,0,0,0,3,0,0,0,0,0,0,0,0,0,0,3
2368,116000,5670,3090,18,6,6,792.0,0,4.5,102,102,846.0,0,0,0,0,3,0,0,0,0,0,0,0,0,0,0,3
2369,91500,5040,3654,18,6,6,0.0,603,4.5,105,105,0.0,0,0,0,0,0,0,0,0,0,0,0,0,0,0,0,3
2370,118000,5040,3654,18,6,6,792.0,84,6.0,102,102,951.0,0,0,0,0,3,0,0,0,0,0,0,0,0,0,0,3
2371,89000,5040,2844,18,6,6,792.0,0,4.5,102,102,828.0,0,0,0,0,3,0,0,0,0,0,0,0,0,0,0,3
2372,108000,5040,3276,18,6,6,792.0,1056,4.5,102,102,1146.0,0,0,0,0,3,0,0,0,0,0,0,0,0,0,0,3
2373,94500,5040,2961,18,6,6,864.0,0,4.5,102,102,0.0,0,0,0,0,3,0,0,0,0,0,0,0,0,0,0,3
2374,146300,40430,10690,60,20,20,4400.0,2800,25.0,310,310,8830.0,0,0,0,0,10,0,0,0,0,0,0,0,0,0,0,10
2375,145000,90168,16644,60,24,24,3600.0,2880,24.0,468,372,5772.0,0,0,0,0,12,0,0,0,0,0,0,0,0,0,0,12
2376,123000,94056,10800,60,24,24,3456.0,3828,24.0,468,468,9228.0,0,0,0,0,12,0,0,0,0,0,0,0,0,0,0,12
2377,137500,22800,10550,70,20,20,3190.0,290,30.0,300,300,6120.0,0,0,0,0,10,0,0,0,0,0,0,0,0,0,0,10
2378,144000,21790,14560,60,20,20,4600.0,280,25.0,300,300,700.0,0,0,0,0,10,0,0,0,0,0,0,0,0,0,0,10
2379,315000,451899,53460,243,81,108,20790.0,6453,81.0,54,27,39069.0,0,0,0,0,27,0,0,0,0,0,0,0,0,0,0,27
2380,412083,442449,69903,243,81,108,22437.0,0,94.5,0,0,36963.0,0,0,0,0,0,27,0,0,0,0,0,0,27,0,0,0
2381,342643,438993,70092,243,54,81,22680.0,10638,94.5,0,0,0.0,0,0,0,0,0,27,0,0,0,0,0,0,27,0,0,0
2382,252000,436401,43686,216,81,81,23760.0,0,54.0,54,54,0.0,0,0,0,0,27,0,0,0,0,0,0,0,0,0,0,27
2383,465000,375057,56052,270,108,108,22950.0,12015,94.5,0,0,37422.0,0,0,0,0,0,27,0,0,0,0,0,0,27,0,0,0
2384,293000,330156,46980,189,81,81,23598.0,1161,54.0,0,0,0.0,0,0,0,0,0,27,0,0,0,0,0,0,27,0,0,0
2385,415000,399060,50436,243,108,108,29295.0,15282,81.0,27,27,40635.0,0,0,0,0,27,0,0,0,0,0,0,0,0,0,0,27
2386,326000,432891,49950,243,81,81,20844.0,17037,81.0,54,27,34047.0,0,0,0,0,27,0,0,0,0,0,0,0,0,0,0,27
2387,325300,383805,64152,216,81,81,23031.0,10638,94.5,27,0,0.0,0,0,0,0,0,27,0,0,0,0,0,0,27,0,0,0
2388,309000,362286,66204,216,81,81,18657.0,3915,94.5,54,27,0.0,0,0,0,0,27,0,0,0,0,0,0,0,0,0,0,27
2389,300000,377325,59562,243,81,108,18090.0,6561,67.5,27,0,0.0,0,0,0,0,0,27,0,0,0,0,0,0,27,0,0,0
2390,275500,276480,56646,216,81,108,23706.0,6588,67.5,27,27,0.0,0,0,0,0,27,0,0,0,0,0,0,0,0,0,0,27
2391,338500,268434,56457,243,108,108,14067.0,7506,94.5,27,0,34830.0,0,0,0,0,0,27,0,0,0,0,0,0,27,0,0,0
2392,345000,321948,62748,243,108,108,19872.0,4536,108.0,27,0,26946.0,0,0,0,0,0,27,0,0,0,0,0,0,27,0,0,0
2393,344133,347409,60831,216,81,108,15525.0,10395,67.5,27,0,0.0,0,0,0,0,0,27,0,0,0,0,0,0,27,0,0,0
2394,298236,288144,64503,216,81,81,18144.0,6480,67.5,0,0,0.0,0,0,0,0,0,27,0,0,0,0,0,0,27,0,0,0
2395,329900,314361,63666,216,81,108,21168.0,4158,94.5,27,0,23760.0,0,0,0,0,0,27,0,0,0,0,0,0,27,0,0,0
2396,360000,334206,52488,243,81,108,19116.0,10341,81.0,81,54,34398.0,0,0,0,0,27,0,0,0,0,0,0,0,0,0,0,27
2397,281000,298755,53190,216,81,108,20331.0,6777,67.5,0,0,0.0,0,0,0,0,0,27,0,0,0,0,0,0,27,0,0,0
2398,372397,371466,48384,243,108,81,24975.0,6831,81.0,27,0,33264.0,0,0,0,0,0,27,0,0,0,0,0,0,27,0,0,0
2399,378000,400356,48060,243,108,108,22032.0,5724,81.0,54,27,37341.0,0,0,0,0,27,0,0,0,0,0,0,0,0,0,0,27
2400,374000,319842,48384,243,81,108,23598.0,6885,81.0,81,54,42309.0,0,0,0,0,27,0,0,0,0,0,0,0,0,0,0,27
2401,437154,551637,73656,243,108,108,19062.0,0,94.5,27,0,38070.0,0,0,0,0,0,27,0,0,0,0,0,0,27,0,0,0
2402,275000,295029,51408,216,81,108,19872.0,6453,94.5,27,27,14742.0,0,0,0,0,27,0,0,0,0,0,0,0,0,0,0,27
2403,279000,356805,51678,216,81,81,20142.0,7965,94.5,54,54,26838.0,0,0,0,0,27,0,0,0,0,0,0,0,0,0,0,27
2404,185850,190404,36828,189,81,81,13068.0,6156,81.0,27,27,17793.0,0,0,0,0,27,0,0,0,0,0,0,0,0,0,0,27
2405,282500,159597,42255,243,108,108,15012.0,6804,81.0,27,27,12744.0,0,0,0,0,27,0,0,0,0,0,0,0,0,0,0,27
2406,202500,187785,36936,189,81,81,12798.0,4509,54.0,27,0,0.0,0,0,0,0,0,27,0,0,0,0,0,0,27,0,0,0
2407,202665,183384,36936,189,81,81,12798.0,4509,54.0,27,0,0.0,0,0,0,0,0,27,0,0,0,0,0,0,27,0,0,0
2408,332200,208980,45522,243,81,108,24273.0,9882,81.0,0,0,27621.0,0,0,0,0,0,27,0,0,0,0,0,0,27,0,0,0
2409,310090,172071,44982,243,108,81,15525.0,8181,81.0,0,0,11205.0,0,0,0,0,0,27,0,0,0,0,0,0,27,0,0,0
2410,171750,84672,37935,189,81,81,12906.0,4968,54.0,81,81,0.0,0,0,0,0,27,0,0,0,0,0,0,0,0,0,0,27
2411,169990,163792,21056,96,48,48,6352.0,1968,32.0,16,0,448.0,0,16,0,0,0,16,0,0,0,0,0,0,16,0,0,0
2412,170440,163792,23296,96,48,48,6240.0,384,40.0,16,0,0.0,0,16,0,0,0,16,0,0,0,0,0,0,16,0,0,0
2413,169985,163792,23872,112,48,48,7040.0,512,40.0,0,0,0.0,0,16,0,0,0,16,0,0,0,0,0,0,16,0,0,0
2414,179665,273664,23936,112,48,48,6816.0,1984,56.0,0,0,8864.0,0,0,0,0,0,16,0,0,0,0,0,0,16,0,0,0
2415,219210,224864,29808,112,48,48,10560.0,1872,40.0,0,0,0.0,0,0,0,0,0,16,0,0,0,0,0,0,16,0,0,0
2416,174190,186560,21216,96,48,48,6832.0,1600,32.0,0,0,0.0,0,0,0,0,0,16,0,0,0,0,0,0,16,0,0,0
2417,172785,249248,23296,96,48,32,6864.0,0,40.0,0,0,0.0,0,0,0,0,0,16,0,0,0,0,0,0,16,0,0,0
2418,258000,186096,37968,128,48,48,10112.0,2656,40.0,32,16,0.0,0,0,0,0,0,16,0,0,0,0,0,0,16,0,0,0
2419,185101,145168,23872,112,48,48,7040.0,2112,40.0,0,0,0.0,0,0,0,0,0,16,0,0,0,0,0,0,16,0,0,0
2420,210250,55566,24552,126,54,54,7866.0,2088,54.0,0,0,8154.0,0,0,0,0,0,18,0,0,0,0,0,0,18,0,0,0
2421,234000,57528,28026,126,54,54,7560.0,2934,36.0,54,36,0.0,0,0,0,0,18,0,0,0,0,0,0,0,0,0,0,18
2422,215000,57528,26208,144,54,54,7200.0,2934,36.0,54,54,0.0,0,0,0,0,18,0,0,0,0,0,0,0,0,0,0,18
2423,246990,52884,27198,126,54,54,7164.0,2880,54.0,72,72,18684.0,0,0,0,0,18,0,0,0,0,0,0,0,0,0,0,18
2424,178740,55296,25452,126,54,54,7164.0,2952,36.0,36,36,0.0,0,0,0,0,18,0,0,0,0,0,0,0,0,0,0,18
2425,225000,55296,27864,126,54,54,6984.0,2934,54.0,36,36,19062.0,0,0,0,0,18,0,0,0,0,0,0,0,0,0,0,18
2426,167240,54180,22464,126,54,54,7884.0,1944,36.0,18,0,288.0,0,0,0,0,0,18,0,0,0,0,0,0,18,0,0,0
2427,156820,54180,20556,126,54,54,7920.0,1620,36.0,18,0,288.0,0,0,0,0,0,18,0,0,0,0,0,0,18,0,0,0
2428,213490,54234,27108,126,54,54,7920.0,2916,36.0,18,18,288.0,0,0,0,0,18,0,0,0,0,0,0,0,0,0,0,18
2429,264561,71676,28206,144,54,72,11664.0,5616,54.0,0,0,20772.0,0,0,0,0,0,18,0,0,0,0,0,0,18,0,0,0
2430,246578,72810,27000,126,54,54,11664.0,3258,54.0,0,0,19260.0,0,0,0,0,0,18,0,0,0,0,0,0,18,0,0,0
2431,192140,350880,29408,80,48,32,5952.0,2240,40.0,16,16,0.0,0,16,0,0,16,0,0,0,0,0,0,0,0,0,0,16
2432,183200,125776,24144,96,48,48,6288.0,2800,56.0,64,48,7312.0,0,0,0,0,16,0,0,0,0,0,0,0,0,0,0,16
2433,178000,144896,22624,128,48,48,6448.0,2160,40.0,32,32,0.0,0,0,0,0,16,0,0,0,0,0,0,0,0,0,0,16
2434,201490,146736,25568,112,48,48,6928.0,2368,40.0,32,16,0.0,0,0,0,0,16,0,0,0,0,0,0,0,0,0,0,16
2435,230500,179104,30976,128,48,48,8064.0,4992,40.0,96,96,0.0,0,0,0,0,16,0,0,0,0,0,0,0,0,0,0,16
2436,180000,126000,24144,112,48,48,6288.0,1200,40.0,48,48,0.0,0,0,0,0,16,0,0,0,0,0,0,0,0,0,0,16
2437,172400,129936,26624,96,32,32,7360.0,2240,40.0,96,96,0.0,0,0,0,0,16,0,0,0,0,0,0,0,0,0,0,16
2438,215000,138528,30224,96,32,32,6896.0,0,40.0,96,96,11712.0,0,0,0,0,16,0,0,0,0,0,0,0,0,0,0,16
2439,199900,179424,30176,112,48,48,6896.0,1424,40.0,128,112,0.0,0,0,0,0,16,0,0,0,0,0,0,0,0,0,0,16
2440,173000,173632,26736,96,32,32,7552.0,608,56.0,96,96,12576.0,0,16,0,0,16,0,0,0,0,0,0,0,0,0,0,16
2441,287602,193664,37152,112,48,48,9872.0,7120,56.0,0,0,0.0,0,0,0,0,0,16,0,0,0,0,0,0,16,0,0,0
2442,230000,139808,36656,112,48,48,6864.0,3072,40.0,112,112,0.0,0,0,0,0,16,0,0,0,0,0,0,0,0,0,0,16
2443,348000,245752,62192,208,78,78,22620.0,1820,91.0,234,208,27924.0,0,0,0,0,26,0,0,0,0,0,0,0,0,0,0,26
2444,286000,251160,51376,208,78,78,23010.0,6266,91.0,208,208,20566.0,0,0,0,0,26,0,0,0,0,0,0,0,0,0,0,26
2445,300000,248170,58084,208,78,78,19968.0,1300,91.0,156,156,13130.0,0,0,0,0,26,0,0,0,0,0,0,0,0,0,0,26
2446,625000,929760,94302,260,78,78,20982.0,11362,117.0,286,260,36062.0,0,0,0,0,26,0,0,0,0,0,0,0,0,0,0,26
2447,405000,240058,74230,234,78,104,20124.0,7852,91.0,156,156,30732.0,0,0,0,0,26,0,0,0,0,0,0,0,0,0,0,26
2448,280000,312286,50024,208,78,78,15392.0,17082,91.0,208,208,24856.0,0,0,0,0,26,0,0,0,0,0,0,0,0,0,0,26
2449,258000,314340,58838,208,78,78,10920.0,6942,65.0,208,208,0.0,0,0,0,0,0,0,0,0,0,0,0,0,0,0,0,26
2450,350000,260494,70876,208,78,78,18850.0,16744,65.0,286,286,13702.0,0,0,0,0,26,0,0,0,0,0,0,0,0,0,0,26
2451,584500,448292,91000,234,78,104,24934.0,30316,117.0,338,312,43810.0,0,0,0,0,26,0,0,0,0,0,0,0,0,0,0,26
2452,321000,266136,64844,208,78,78,20878.0,7670,91.0,312,286,14248.0,0,0,0,0,26,0,0,0,0,0,0,0,0,0,0,26
2453,290000,263120,65676,208,78,78,21944.0,10062,91.0,312,312,19240.0,0,0,0,0,26,0,0,0,0,0,0,0,0,0,0,26
2454,315000,327210,72774,208,78,78,18304.0,14768,91.0,338,338,33436.0,0,0,0,0,26,0,0,0,0,0,0,0,0,0,0,26
2455,252000,273834,43208,176,66,66,16720.0,5940,55.0,22,0,0.0,0,22,0,0,0,22,0,0,0,0,0,0,22,0,0,0
2456,336820,334796,36740,176,66,66,20416.0,9680,77.0,0,0,34364.0,0,22,0,0,0,22,0,0,0,0,0,0,22,0,0,0
2457,423000,459712,46134,176,66,88,24948.0,10098,55.0,22,0,37862.0,0,22,0,0,0,22,0,0,0,0,0,0,22,0,0,0
2458,290000,224004,36520,176,66,66,11000.0,8184,66.0,0,0,26840.0,22,0,0,0,0,22,0,0,0,0,0,0,22,0,0,0
2459,232000,191136,35552,154,66,66,18348.0,5874,44.0,22,22,0.0,0,0,0,0,22,0,0,0,0,0,0,0,0,0,0,22
2460,199000,240592,33088,176,66,66,11220.0,3168,44.0,0,0,0.0,0,0,0,0,0,22,0,0,0,0,0,0,22,0,0,0
2461,198600,190080,28116,176,66,66,12848.0,1320,44.0,0,0,528.0,0,0,0,0,0,22,0,0,0,0,0,0,22,0,0,0
2462,405749,289564,58080,198,66,88,17424.0,5830,99.0,0,0,40392.0,0,0,0,0,0,22,0,0,0,0,0,0,22,0,0,0
2463,232600,246752,32758,176,66,66,17072.0,3080,44.0,0,0,0.0,0,0,0,0,0,22,0,0,0,0,0,0,22,0,0,0
2464,266000,236016,42658,176,66,66,23166.0,5346,55.0,0,0,0.0,0,0,0,0,0,22,0,0,0,0,0,0,22,0,0,0
2465,186500,178750,34166,154,66,66,13530.0,990,55.0,22,0,0.0,0,0,0,0,0,22,0,0,0,0,0,0,22,0,0,0
2466,200825,178750,37752,132,66,66,13530.0,1166,55.0,22,22,0.0,0,0,0,0,22,0,0,0,0,0,0,0,0,0,0,22
2467,197000,178750,34672,154,66,66,13508.0,1100,55.0,0,0,0.0,0,0,0,0,0,22,0,0,0,0,0,0,22,0,0,0
2468,185000,158400,27764,132,66,66,12584.0,2640,44.0,0,0,19910.0,0,0,0,0,0,22,0,0,0,0,0,0,22,0,0,0
2469,176000,165000,27852,154,66,66,9966.0,4004,44.0,22,22,0.0,0,0,0,0,22,0,0,0,0,0,0,0,0,0,0,22
2470,187750,158400,28622,154,66,66,12584.0,7414,66.0,0,0,0.0,0,0,0,0,0,22,0,0,0,0,0,0,22,0,0,0
2471,139500,108262,15988,84,28,42,0.0,756,21.0,14,14,336.0,0,0,0,0,14,0,0,0,0,0,0,0,0,0,0,14
2472,186800,154336,19600,98,42,42,8568.0,2786,28.0,14,0,0.0,0,0,0,0,0,14,0,0,0,0,0,0,14,0,0,0
2473,132000,183008,15834,84,28,42,0.0,546,21.0,14,0,0.0,0,14,0,0,0,14,0,0,0,0,0,0,14,0,0,0
2474,142500,183008,15974,84,42,28,6776.0,0,21.0,14,14,0.0,0,14,0,0,0,0,0,0,0,0,0,0,0,0,0,14
2475,158000,183008,16212,84,28,42,8064.0,700,35.0,28,28,13174.0,0,14,0,0,0,14,0,0,0,0,0,0,14,0,0,0
2476,184000,109200,23604,98,42,42,6468.0,3430,35.0,14,14,0.0,0,0,0,0,14,0,0,0,0,0,0,0,0,0,0,14
2477,184900,106848,22190,98,42,42,6286.0,2478,35.0,14,14,0.0,0,0,0,0,14,0,0,0,0,0,0,0,0,0,0,14
2478,187000,116256,25718,84,28,28,9632.0,4410,35.0,126,112,0.0,0,0,0,0,14,0,0,0,0,0,0,0,0,0,0,14
2479,175900,100142,22442,84,42,42,6776.0,1736,35.0,196,196,5418.0,0,0,0,0,14,0,0,0,0,0,0,0,0,0,0,14
2480,248500,131180,24234,84,42,42,6468.0,8624,49.0,196,182,10612.0,0,0,0,0,0,0,0,0,0,0,0,0,0,0,0,14
2481,172000,100450,19572,84,42,42,7588.0,644,42.0,224,210,12656.0,0,0,0,0,14,0,0,0,0,0,0,0,0,0,0,14
2482,151000,100450,17038,84,42,42,6776.0,896,28.0,210,210,3892.0,0,0,0,0,14,0,0,0,0,0,0,0,0,0,0,14
2483,150000,126266,18480,84,28,42,6608.0,560,35.0,168,168,3836.0,0,14,0,0,14,0,0,0,0,0,0,0,0,0,0,14
2484,107000,124600,14784,56,28,28,5376.0,588,28.0,560,560,14784.0,0,0,0,0,14,0,0,0,0,0,0,0,0,0,0,14
2485,119900,109200,13510,70,28,28,4200.0,5894,28.0,574,574,8974.0,0,0,0,0,0,0,0,0,0,0,0,0,0,0,0,14
2486,129500,72800,7904,40,16,16,4992.0,0,16.0,352,352,288.0,0,8,0,0,8,0,0,0,0,0,0,0,0,0,0,8
2487,125000,72800,13824,40,16,16,4032.0,0,24.0,344,344,10656.0,0,8,0,0,0,0,0,0,0,0,8,0,0,0,0,0
2488,119500,71416,13232,48,16,16,4224.0,0,16.0,232,232,0.0,0,8,0,0,8,0,0,0,0,0,0,0,0,0,0,8
2489,144000,73920,9688,40,16,16,4608.0,1288,8.0,352,32,4896.0,0,0,0,0,8,0,0,0,0,0,0,0,0,0,0,8
2490,151000,67768,9696,48,16,16,3936.0,2432,16.0,232,88,4048.0,0,0,0,0,8,0,0,0,0,0,0,0,0,0,0,8
2491,126000,74464,7872,40,16,16,2480.0,0,8.0,328,328,4432.0,8,0,0,0,8,0,0,0,0,0,0,0,0,0,0,8
2492,116000,67600,7272,40,16,16,2352.0,1240,8.0,304,304,3456.0,0,8,0,0,8,0,8,0,0,0,0,0,0,0,0,0
2493,133500,69104,7400,40,16,16,3872.0,2216,16.0,344,344,1448.0,0,8,0,0,8,0,0,0,0,0,0,0,0,0,0,8
2494,120875,104416,8192,40,16,16,2464.0,0,12.0,328,328,5696.0,0,0,0,0,8,0,0,0,0,0,0,0,0,0,0,8
2495,137000,108208,7480,40,16,16,2304.0,1440,16.0,328,328,7480.0,0,0,0,0,8,0,0,0,0,0,0,0,0,0,0,8
2496,124000,64160,7296,40,16,16,0.0,0,8.0,336,336,5152.0,0,0,0,0,8,0,0,0,0,0,0,0,0,0,0,8
2497,135000,55944,9888,40,16,16,2304.0,0,8.0,360,96,3720.0,0,0,0,0,8,0,0,0,0,0,0,0,0,0,0,8
2498,129200,70312,7528,40,16,16,2304.0,512,8.0,312,312,5272.0,0,0,0,0,8,0,0,0,0,0,0,0,0,0,0,8
2499,260000,343920,63504,168,72,72,13200.0,17784,96.0,768,768,36480.0,0,0,0,0,24,0,0,0,0,0,0,0,0,0,0,24
2500,260000,417534,62842,208,78,78,12012.0,5434,65.0,390,364,0.0,0,0,0,0,26,0,0,0,0,0,0,0,0,0,0,26
2501,334000,286650,73476,208,78,78,23088.0,14846,91.0,364,338,29068.0,0,0,0,0,26,0,0,0,0,0,0,0,0,0,0,26
2502,310000,378066,65520,208,78,78,20696.0,6864,91.0,338,338,26312.0,0,0,0,0,0,0,0,0,0,0,0,0,0,0,0,26
2503,268000,346996,59670,182,78,78,15340.0,1040,91.0,364,156,18928.0,0,0,0,0,26,0,0,0,0,0,0,0,0,0,0,26
2504,262000,323986,42224,208,78,78,19682.0,7956,78.0,312,286,37856.0,0,0,0,0,26,0,0,0,0,0,0,0,0,0,0,26
2505,176400,79816,25146,154,66,66,12936.0,4202,33.0,44,44,0.0,0,0,0,0,22,0,0,0,0,0,0,0,0,0,0,22
2506,197000,72952,27434,176,66,66,12100.0,1848,55.0,22,22,22858.0,0,0,0,0,22,0,0,0,0,0,0,0,0,0,0,22
2507,151000,69960,26400,154,44,66,10560.0,3652,55.0,22,22,0.0,0,0,0,0,22,0,0,0,0,0,0,0,0,0,0,22
2508,147400,55968,26906,154,66,66,10560.0,3652,55.0,22,22,0.0,0,0,0,0,22,0,0,0,0,0,0,0,0,0,0,22
2509,149900,55968,26906,154,66,66,10560.0,3652,55.0,22,22,0.0,0,0,0,0,22,0,0,0,0,0,0,0,0,0,0,22
2510,144152,69960,26400,154,66,66,10560.0,3652,55.0,22,22,0.0,0,0,0,0,0,0,0,0,0,0,0,0,0,0,0,22
2511,166000,65956,33528,132,66,66,9680.0,704,55.0,132,132,7766.0,0,0,0,0,22,0,0,0,0,0,0,0,0,0,0,22
2512,183900,82170,31944,154,66,66,11132.0,748,77.0,154,154,9900.0,0,0,0,0,22,0,0,0,0,0,0,0,0,0,0,22
2513,165000,58322,30404,154,66,66,10780.0,4466,77.0,132,132,14102.0,0,0,0,0,22,0,0,0,0,0,0,0,0,0,0,22
2514,139000,97834,23760,154,66,66,10912.0,1100,55.0,66,66,0.0,0,0,0,0,22,0,0,0,0,0,0,0,0,0,0,22
2515,200000,182908,37268,154,66,66,9548.0,10824,55.0,198,176,0.0,0,0,0,0,22,0,0,0,0,0,0,0,0,0,0,22
2516,221000,157960,34496,176,66,66,12408.0,5852,44.0,110,88,0.0,0,0,0,0,22,0,0,0,0,0,0,0,0,0,0,22
2517,270000,229176,35856,192,72,96,11544.0,5904,60.0,264,240,35856.0,0,0,0,0,24,0,0,0,0,0,0,0,0,0,0,24
2518,165000,270000,28992,144,72,48,13104.0,5760,60.0,696,696,18408.0,0,0,0,0,24,0,0,0,0,0,0,0,0,0,0,24
2519,214000,63920,20995,136,51,34,8228.0,3587,34.0,442,442,20247.0,0,0,0,0,17,0,0,0,0,0,0,0,0,0,0,17
2520,188000,61880,17612,136,51,51,8228.0,4097,34.0,442,442,14620.0,0,0,0,0,17,0,0,0,0,0,0,0,0,0,0,17
2521,190000,65858,20842,136,51,51,8228.0,3587,34.0,442,442,13719.0,0,0,0,0,17,0,0,0,0,0,0,0,0,0,0,17
2522,170000,65892,20842,136,51,51,8228.0,3281,34.0,476,476,20026.0,0,0,0,0,17,0,0,0,0,0,0,0,0,0,0,17
2523,385000,1206504,44208,216,72,72,21456.0,22296,60.0,600,456,43440.0,0,0,0,0,24,0,0,0,0,0,0,0,0,0,0,24
2524,146500,196650,17895,75,30,30,7515.0,4395,45.0,510,510,14430.0,0,15,0,0,15,0,0,0,0,0,0,0,0,0,0,15
2525,170000,152880,28800,105,30,45,7305.0,1470,45.0,570,210,0.0,0,0,0,0,15,0,0,0,0,0,0,0,0,0,0,15
2526,262500,311715,32340,105,30,30,7620.0,5550,30.0,570,45,5475.0,0,0,0,0,15,0,0,0,0,0,0,0,0,0,0,15
2527,179900,175500,21240,90,30,30,11640.0,4320,37.5,570,570,6060.0,0,0,0,0,15,0,0,0,0,0,0,0,0,0,0,15
2528,250000,165435,39810,90,30,45,9285.0,4305,52.5,570,330,9285.0,0,0,0,0,15,0,0,0,0,0,0,0,0,0,0,15
2529,165150,156000,26850,90,30,30,7260.0,4425,45.0,510,510,3705.0,0,0,0,0,15,0,0,0,0,0,0,0,0,0,0,15
2530,164500,152100,20010,105,30,30,7155.0,4785,45.0,585,585,9315.0,0,15,0,0,15,0,0,0,0,0,0,0,0,0,0,15
2531,140000,144000,17460,105,30,30,7920.0,0,22.5,555,555,0.0,0,0,0,0,15,0,15,0,0,0,0,0,0,0,0,0
2532,135500,117000,11760,60,24,24,4608.0,816,24.0,468,468,10560.0,0,0,0,0,12,0,0,0,0,0,0,0,0,0,0,12
2533,142000,115200,12612,60,24,24,6048.0,0,24.0,456,456,9096.0,0,0,0,0,12,0,0,0,0,0,0,0,0,0,0,12
2534,155000,103680,21240,60,24,24,6360.0,3960,30.0,456,456,10128.0,0,0,0,0,12,0,0,0,0,0,0,0,0,0,0,12
2535,157500,112320,11712,72,24,36,6048.0,1128,24.0,456,24,9120.0,0,0,0,0,0,0,0,0,0,0,0,0,0,0,0,12
2536,138500,100800,12624,60,24,24,3456.0,4272,30.0,456,456,12192.0,0,0,0,0,12,0,0,0,0,0,0,0,0,0,0,12
2537,140000,100800,10776,60,24,24,3912.0,1716,24.0,456,456,8928.0,0,0,0,0,12,0,0,0,0,0,0,0,0,0,0,12
2538,124400,117108,12612,60,24,24,3168.0,3240,24.0,480,480,9588.0,0,0,0,0,12,0,0,0,0,0,0,0,0,0,0,12
2539,158000,115200,13692,60,24,24,6816.0,936,24.0,468,468,12048.0,0,0,0,0,12,0,0,0,0,0,0,0,0,0,0,12
2540,146000,110760,14400,60,24,36,10608.0,768,30.0,492,96,7932.0,0,0,0,0,12,0,0,0,0,0,0,0,0,0,0,12
2541,190000,222045,29895,90,30,30,7425.0,990,37.5,525,525,6240.0,0,0,0,0,15,0,0,0,0,0,0,0,0,0,0,15
2542,136500,127908,12600,60,24,24,4416.0,3828,24.0,540,540,10980.0,0,0,0,0,12,0,12,0,0,0,0,0,0,0,0,0
2543,129900,109200,10368,60,24,24,7488.0,0,24.0,576,576,8340.0,0,0,0,0,12,0,0,0,0,0,0,0,0,0,0,12
2544,145000,100716,20544,60,24,24,7056.0,3912,24.0,564,12,6336.0,0,0,0,0,0,0,0,0,0,0,0,0,0,0,0,12
2545,185900,105600,18780,72,24,36,3588.0,5232,36.0,492,72,13836.0,0,12,0,0,0,0,0,0,0,0,0,0,0,0,0,12
2546,160000,105600,15012,72,24,24,5532.0,1392,24.0,504,504,6636.0,0,0,0,0,12,0,0,0,0,0,0,0,0,0,0,12
2547,167000,124416,17856,72,24,24,5160.0,2568,30.0,504,504,12096.0,0,0,0,0,12,0,0,0,0,0,0,0,0,0,0,12
2548,157500,112200,17280,60,24,24,5760.0,3264,18.0,504,504,4320.0,0,0,0,0,12,0,0,0,0,0,0,0,0,0,0,12
2549,140000,124584,13140,72,24,24,3168.0,0,24.0,576,576,6156.0,0,0,0,0,12,0,0,0,0,12,0,0,0,0,0,0
2550,150000,107676,12636,60,24,48,9000.0,3120,24.0,576,180,7140.0,0,0,0,0,0,0,0,0,0,0,0,0,0,0,0,12
2551,151500,129600,14976,60,24,24,3432.0,0,24.0,552,552,7584.0,0,0,0,0,12,0,0,0,0,0,0,0,0,0,0,12
2552,129800,102600,9792,72,24,24,2880.0,3216,24.0,864,672,6888.0,0,0,0,0,12,0,0,0,0,0,0,0,0,0,0,12
2553,137000,137100,12096,60,24,24,3300.0,1440,12.0,624,624,5832.0,0,0,0,0,12,0,0,0,0,0,0,0,0,0,0,12
2554,137000,116688,12516,60,24,24,3276.0,2076,12.0,708,672,0.0,0,0,0,0,12,0,0,0,0,0,0,0,0,0,0,12
2555,121600,23560,6150,20,10,10,1525.0,600,12.5,300,280,1920.0,0,0,0,0,0,0,0,0,0,0,0,0,0,0,0,5
2556,85500,29500,4345,20,10,5,0.0,0,5.0,415,240,0.0,0,0,0,0,5,0,0,0,0,0,0,0,0,0,0,5
2557,79900,29125,3735,20,10,10,2640.0,160,5.0,400,265,0.0,0,0,0,0,5,0,0,0,0,0,0,0,0,0,0,5
2558,127000,37190,6260,25,10,10,2880.0,520,5.0,490,75,0.0,0,5,0,0,5,0,0,0,0,0,0,0,0,0,0,5
2559,161000,115200,17196,60,24,24,5292.0,4188,24.0,540,192,10980.0,0,0,0,0,12,0,0,0,0,0,0,0,0,0,0,12
2560,146500,130296,19488,60,24,24,2880.0,4368,24.0,648,648,480.0,0,0,0,0,0,12,0,0,0,0,0,0,0,0,0,12
2561,135000,115200,14592,60,24,24,3360.0,0,24.0,660,660,11952.0,0,0,0,0,12,0,0,0,0,0,0,0,0,0,0,12
2562,137900,128160,25632,60,24,24,6336.0,360,24.0,660,660,9072.0,0,0,0,0,12,0,0,0,0,0,0,0,0,0,0,12
2563,133000,113880,18936,72,24,12,2880.0,384,24.0,780,672,6816.0,0,0,0,0,12,0,0,0,0,0,0,0,0,0,0,12
2564,137000,113544,20736,60,24,24,2808.0,3660,18.0,684,396,0.0,0,0,0,0,12,0,0,0,0,0,0,0,0,0,0,12
2565,121000,118656,11232,60,24,24,2880.0,1920,12.0,624,372,5832.0,0,0,0,0,12,0,0,0,0,0,0,0,0,0,0,12
2566,119000,107004,19008,60,24,24,6072.0,0,24.0,468,468,0.0,0,0,0,0,12,0,0,0,0,0,0,0,0,0,0,12
2567,172000,152400,14952,72,24,24,5292.0,828,24.0,504,504,11268.0,0,0,0,0,12,0,0,0,0,0,0,0,0,0,0,12
2568,98600,102000,14820,60,24,24,5760.0,0,12.0,540,540,7200.0,0,0,0,0,0,0,0,0,0,0,0,0,0,0,0,12
2569,226000,170400,25884,84,24,36,5844.0,2052,30.0,480,480,5340.0,0,0,0,0,12,0,0,0,0,0,0,0,0,0,0,12
2570,118000,108000,13536,60,24,24,3432.0,0,12.0,624,624,9744.0,0,0,0,0,0,0,0,0,0,0,0,0,0,0,0,12
2571,235000,305028,37344,96,36,36,9540.0,6816,42.0,1056,192,14640.0,0,0,0,0,0,0,0,0,0,0,0,0,0,0,0,12
2572,135000,116676,12096,72,24,24,5160.0,0,12.0,516,516,0.0,0,0,0,0,12,0,0,0,0,0,0,0,0,0,0,12
2573,132500,92736,14280,60,24,24,6480.0,216,24.0,528,528,9636.0,0,0,0,0,12,0,0,0,0,0,0,0,0,0,0,12
2574,143000,97956,13728,60,24,24,9552.0,1032,24.0,564,564,12504.0,0,0,0,0,12,0,0,0,0,0,0,0,0,0,0,12
2575,132000,100800,16368,60,24,24,3972.0,720,18.0,588,588,7476.0,0,0,0,0,12,0,0,0,0,0,0,0,0,0,0,12
2576,145250,139200,16596,72,24,24,3504.0,540,18.0,552,552,6780.0,0,0,0,0,12,0,0,0,0,0,0,0,0,0,0,12
2577,162000,115320,16032,72,24,24,5856.0,960,18.0,576,576,2436.0,0,0,0,0,12,0,0,0,0,0,0,0,0,0,0,12
2578,148000,120000,16440,60,24,24,3600.0,3732,24.0,600,600,11508.0,0,0,0,0,12,0,0,0,0,0,0,0,0,0,0,12
2579,141000,178200,13104,60,24,24,3588.0,4680,24.0,588,588,10740.0,0,0,0,0,12,0,0,0,0,0,0,0,0,0,0,12
2580,153000,121824,13488,72,24,24,4236.0,6396,24.0,600,144,10968.0,0,0,0,0,12,0,0,0,0,0,0,0,0,0,0,12
2581,134450,120132,14832,60,24,36,5364.0,0,18.0,588,120,4320.0,0,0,0,0,12,0,0,0,0,0,0,0,0,0,0,12
2582,135960,84384,11316,60,24,24,7200.0,504,24.0,324,324,11316.0,0,0,0,0,12,0,0,0,0,0,0,0,0,0,0,12
2583,156000,97104,12600,72,24,36,3432.0,0,24.0,624,72,9888.0,0,0,0,0,0,0,0,0,0,0,0,0,0,0,0,12
2584,140000,135720,16500,72,24,24,5412.0,360,12.0,624,624,0.0,0,0,0,0,12,0,0,0,0,0,0,0,0,0,0,12
2585,139500,153336,12096,60,24,24,3360.0,1848,24.0,648,36,7896.0,0,0,0,0,12,0,0,0,0,0,0,0,0,0,0,12
2586,155000,122040,18900,72,24,36,4800.0,0,18.0,660,660,0.0,0,0,0,0,12,0,0,0,0,0,0,0,0,0,0,12
2587,127000,92400,13740,60,24,24,8208.0,0,12.0,600,600,3252.0,0,0,0,0,12,0,0,0,0,0,0,0,0,0,0,12
2588,133500,132600,12060,60,24,24,3828.0,3456,12.0,600,600,5856.0,0,0,0,0,12,0,0,0,0,0,0,0,0,0,0,12
2589,125000,163200,12672,60,24,24,3600.0,0,30.0,612,612,12672.0,0,0,0,0,12,0,0,0,0,0,0,0,0,0,0,12
2590,142000,185136,10608,60,24,24,3240.0,2340,24.0,660,180,8892.0,0,0,0,0,12,0,0,0,0,0,0,0,0,0,0,12
2591,167000,255588,24468,84,36,24,9492.0,1080,30.0,780,516,0.0,0,0,0,0,0,0,12,0,0,0,0,0,0,0,0,0
2592,159000,159600,16608,60,24,24,10752.0,4776,24.0,600,60,5928.0,0,0,0,0,12,0,0,0,0,0,0,0,0,0,0,12
2593,180000,88544,10560,20,8,8,4032.0,3308,18.0,324,124,4072.0,0,0,0,0,4,0,0,0,0,0,0,0,0,0,0,4
2594,127000,90000,15744,72,24,24,7788.0,336,18.0,708,672,0.0,0,0,0,0,12,0,0,0,0,0,0,0,0,0,0,12
2595,112000,28000,5240,24,8,8,1592.0,504,8.0,328,224,2468.0,0,0,0,0,4,0,4,0,0,0,0,0,0,0,0,0
2596,99800,41640,2852,12,8,12,1484.0,944,4.0,304,20,0.0,0,0,0,0,4,0,0,0,0,0,0,0,0,0,0,4
2597,117000,21600,3332,20,8,12,1304.0,0,4.0,208,24,1660.0,0,0,0,0,4,0,0,0,0,0,0,0,0,0,0,4
2598,108480,21600,4292,20,8,8,1304.0,448,4.0,340,152,0.0,0,0,0,0,0,0,0,0,0,0,0,0,0,0,0,4
2599,68000,130968,8580,36,24,24,7920.0,2244,12.0,924,672,0.0,0,0,0,0,12,0,0,0,0,0,0,0,0,0,0,12
2600,86900,28032,2880,16,8,4,1120.0,280,4.0,424,32,0.0,0,0,0,0,4,0,0,0,0,0,0,0,0,0,0,4
2601,120000,43200,4520,20,8,8,2880.0,916,8.0,344,224,3284.0,0,0,0,0,4,0,0,0,0,0,0,0,0,0,0,4
2602,155500,28800,6380,24,8,8,2112.0,1120,8.0,364,224,1352.0,0,0,0,0,4,0,0,0,0,0,0,0,0,0,0,4
2603,80000,43272,7040,16,8,8,2592.0,864,6.0,384,224,0.0,0,0,0,0,0,0,4,0,0,0,0,0,0,0,0,0
2604,105000,41640,4856,12,8,8,3744.0,1504,4.0,364,224,0.0,0,0,0,0,0,0,0,0,0,0,0,0,0,0,0,4
2605,160000,43200,9656,20,8,8,2080.0,568,8.0,424,144,2656.0,0,0,0,0,4,0,0,0,0,4,0,0,0,0,0,0
2606,170000,43200,5864,20,8,12,2264.0,1828,10.0,280,68,2504.0,0,0,0,0,4,0,0,0,0,0,0,0,0,0,0,4
2607,160000,103896,15888,72,24,24,5280.0,1656,24.0,492,492,7716.0,0,0,0,0,0,0,0,0,0,0,0,0,0,0,0,12
2608,159950,160800,13032,60,24,24,5808.0,0,24.0,480,480,7728.0,0,0,0,0,12,0,0,0,0,0,0,0,0,0,0,12
2609,165000,122208,13752,72,24,24,3528.0,5040,18.0,516,516,6960.0,0,0,0,0,12,0,0,0,0,0,0,0,0,0,0,12
2610,159000,117432,20808,72,24,36,5280.0,1536,18.0,528,300,7200.0,0,0,0,0,12,0,0,0,0,0,0,0,0,0,0,12
2611,147000,114120,14484,72,24,24,3168.0,2880,18.0,528,252,8412.0,0,0,0,0,12,0,0,0,0,0,0,0,0,0,0,12
2612,115000,93600,10944,60,24,24,3456.0,0,12.0,504,504,10944.0,0,0,0,0,0,0,0,0,0,0,0,0,0,0,0,12
2613,159500,106920,14328,72,24,24,6468.0,2304,18.0,564,564,7860.0,0,0,0,0,12,0,0,0,0,0,0,0,0,0,0,12
2614,120000,87984,10368,72,24,36,3456.0,2016,24.0,564,564,4968.0,0,0,0,0,0,0,0,0,0,0,0,0,0,0,0,12
2615,129900,85200,9792,60,24,24,3696.0,0,24.0,588,588,8496.0,0,0,0,0,12,0,0,0,0,0,0,0,0,0,0,12
2616,183000,129600,21276,72,24,24,5016.0,7164,36.0,540,168,10956.0,0,0,0,0,12,0,0,0,0,0,0,0,0,0,0,12
2617,157500,139800,17664,84,24,36,5808.0,3540,24.0,564,564,0.0,0,0,0,0,12,0,0,0,0,0,0,0,0,0,0,12
2618,277500,219300,29376,84,24,24,5292.0,7464,48.0,528,96,7632.0,0,0,0,0,12,0,0,0,0,0,0,0,0,0,0,12
2619,207500,195852,19200,60,24,24,3828.0,6552,24.0,588,108,15324.0,0,0,0,0,12,0,0,0,0,0,0,0,0,0,0,12
2620,147500,145728,18252,48,24,36,7164.0,4404,18.0,672,672,5460.0,0,0,0,0,12,0,0,0,0,0,0,0,0,0,0,12
2621,135000,129600,14304,48,24,24,0.0,0,18.0,684,672,0.0,0,0,0,0,0,0,0,0,0,0,0,0,0,0,0,12
2622,109500,86400,12480,60,24,24,7500.0,0,12.0,672,672,0.0,0,0,0,0,12,0,0,0,0,0,0,0,0,0,0,12
2623,109900,86400,12480,48,24,24,5040.0,348,12.0,672,672,0.0,0,0,0,0,12,0,0,0,0,0,0,0,0,0,0,12
2624,133700,90720,12480,60,24,24,3432.0,4704,12.0,564,564,4428.0,0,0,0,0,12,0,0,0,0,0,0,0,0,0,0,12
2625,81400,102528,12480,36,24,24,4800.0,0,24.0,672,672,0.0,0,0,0,0,12,0,0,0,0,0,0,0,0,0,0,12
2626,87500,102528,12480,36,24,24,4800.0,0,24.0,684,672,0.0,0,0,0,0,12,0,0,0,0,0,0,0,0,0,0,12
2627,93500,102528,12480,36,24,24,4800.0,0,24.0,672,672,0.0,0,0,0,0,12,0,0,0,0,0,0,0,0,0,0,12
2628,119000,102144,18672,60,24,24,0.0,0,24.0,552,552,0.0,0,0,0,0,12,0,0,0,0,0,0,0,0,0,0,12
2629,141000,95340,13800,60,24,24,3600.0,0,24.0,564,564,8220.0,0,0,0,0,12,0,0,0,0,0,0,0,0,0,0,12
2630,146000,84000,13800,60,24,24,3456.0,1944,12.0,540,540,9372.0,0,0,0,0,12,0,0,0,0,0,0,0,0,0,0,12
2631,155000,91080,16176,72,24,24,5436.0,3552,18.0,480,480,6144.0,0,0,0,0,12,0,0,0,0,0,0,0,0,0,0,12
2632,134500,122460,11988,60,24,24,3600.0,2664,24.0,528,528,9408.0,0,0,0,0,12,0,0,0,0,0,0,0,0,0,0,12
2633,120000,88800,12540,84,24,24,6336.0,0,24.0,528,528,9708.0,0,0,0,0,12,0,0,0,0,0,0,0,0,0,0,12
2634,105000,84000,10368,60,24,24,4032.0,0,18.0,528,528,5616.0,0,0,0,0,12,0,0,0,0,0,0,0,0,0,0,12
2635,124000,84000,12300,60,24,24,0.0,2112,24.0,528,528,11436.0,0,0,0,0,12,0,0,0,0,0,0,0,0,0,0,12
2636,169000,39424,8056,20,12,8,2496.0,956,8.0,424,4,0.0,0,0,0,0,4,0,0,0,0,0,0,0,0,0,0,4
2637,107000,39624,5312,16,8,8,840.0,928,4.0,324,224,0.0,0,0,0,0,0,0,0,0,0,0,0,0,0,0,0,4
2638,135000,38400,6672,20,8,8,960.0,560,8.0,232,224,1104.0,0,0,0,0,4,0,0,0,0,0,0,0,0,0,0,4
2639,111500,22080,6628,16,8,4,648.0,0,4.0,344,104,1136.0,0,0,0,0,4,0,0,0,0,0,0,0,0,0,0,4
2640,156500,38400,5664,24,8,12,1600.0,96,6.0,424,8,1524.0,0,0,0,0,4,0,0,0,0,0,0,0,0,0,0,4
2641,178000,38400,6564,28,8,16,2184.0,936,8.0,324,64,64.0,0,0,0,0,4,0,0,0,0,0,0,0,0,0,0,4
2642,139900,25804,5712,28,8,8,2304.0,1392,8.0,424,144,832.0,0,0,0,0,4,0,0,0,0,0,0,0,0,0,0,4
2643,105000,15840,4016,28,8,12,800.0,1392,4.0,304,224,0.0,0,0,0,0,4,0,0,0,0,0,0,0,0,0,0,4
2644,110000,22736,3252,24,8,12,1080.0,452,4.0,304,4,0.0,0,0,0,0,4,0,0,0,0,0,0,0,0,0,0,4
2645,111500,30980,7804,16,12,4,2304.0,136,8.0,424,224,0.0,0,0,0,0,4,0,0,0,0,0,0,0,0,0,0,4
2646,108000,30964,4128,24,8,8,1120.0,448,4.0,328,224,860.0,0,0,0,0,0,0,4,0,0,0,0,0,0,0,0,0
2647,111500,22532,3376,20,8,8,864.0,1016,4.0,324,224,0.0,0,0,0,0,4,0,0,0,0,0,0,0,0,0,0,4
2648,124000,36000,7000,20,8,16,960.0,1172,4.0,504,60,0.0,0,0,0,0,0,0,0,0,0,0,0,0,0,0,0,4
2649,105000,28800,3456,16,8,8,2112.0,460,4.0,224,224,0.0,0,0,0,0,4,0,4,0,0,0,0,0,0,0,0,0
2650,116000,17600,4472,24,8,8,1760.0,0,4.0,344,224,0.0,0,0,0,0,4,0,0,0,0,0,0,0,0,0,0,4
2651,96900,30456,5504,12,8,8,864.0,1316,4.0,404,224,0.0,0,0,0,0,4,0,0,0,0,0,0,0,0,0,0,4
2652,135500,24000,3840,20,8,8,2304.0,0,8.0,204,204,2304.0,0,0,0,0,4,0,0,0,0,0,0,0,0,0,0,4
2653,139000,24000,6264,20,8,12,1800.0,1280,6.0,328,224,0.0,0,0,0,0,4,0,0,0,0,0,0,0,0,0,0,4
2654,61500,31320,1968,12,8,8,800.0,312,8.0,340,224,1664.0,0,0,0,0,4,0,0,0,0,0,0,0,0,0,0,4
2655,120000,38304,4728,24,8,8,1512.0,0,6.0,244,224,1240.0,0,0,0,0,4,0,0,0,0,0,0,0,0,0,0,4
2656,126175,23280,4652,12,8,8,880.0,960,8.0,204,4,1024.0,0,0,0,0,4,0,0,0,0,0,0,0,0,0,0,4
2657,64000,22988,3360,12,8,4,1000.0,448,4.0,344,224,0.0,0,0,0,0,4,0,0,0,0,0,0,0,0,0,0,4
2658,137000,36568,7712,24,8,4,1760.0,688,8.0,384,224,0.0,0,0,0,0,4,0,0,0,0,0,0,0,0,0,0,4
2659,87000,38400,7096,16,8,8,3116.0,360,12.0,424,224,0.0,0,0,0,0,4,0,0,0,0,0,0,0,0,0,0,4
2660,163000,43200,7072,28,8,8,1280.0,1364,6.0,368,144,1560.0,0,0,0,0,4,0,0,0,0,0,0,0,0,0,0,4
2661,155000,25200,8416,28,8,8,1728.0,1716,8.0,384,4,0.0,0,0,0,0,4,0,0,0,0,0,0,0,0,0,0,4
2662,79000,20000,5760,20,8,8,1408.0,308,4.0,424,224,0.0,0,0,0,0,4,0,0,0,0,0,0,0,0,0,0,4
2663,144000,35400,6760,28,8,8,900.0,1320,4.0,360,224,0.0,0,0,0,0,4,0,0,0,0,0,0,4,0,0,0,0
2664,114504,14400,5472,24,8,8,864.0,632,4.0,384,52,0.0,0,0,0,0,4,0,0,0,0,0,0,0,0,0,0,4
2665,157000,28800,7048,28,8,12,2304.0,1028,10.0,344,224,0.0,0,0,0,0,4,0,0,0,0,0,0,0,0,0,0,4
2666,125000,45360,4800,24,8,8,1248.0,912,4.0,332,224,0.0,0,0,0,0,0,0,0,0,0,0,0,0,0,0,0,4
2667,475000,91800,14432,40,12,16,3360.0,2680,10.0,456,52,0.0,0,0,0,0,4,0,0,0,0,0,0,0,0,0,0,4
2668,93500,23904,4992,20,8,8,0.0,1544,8.0,344,224,0.0,0,0,0,0,4,0,0,0,0,0,0,0,0,0,0,4
2669,125000,39000,3840,20,8,8,2496.0,0,4.0,192,192,0.0,0,0,0,0,4,0,0,0,0,0,0,0,0,0,0,4
2670,64500,9522,2040,6,2,2,0.0,210,2.0,176,112,0.0,0,0,0,0,2,0,0,0,0,2,0,0,0,0,0,0
2671,100000,37230,3940,20,10,10,0.0,0,5.0,325,280,1330.0,0,0,0,0,0,0,0,0,0,0,0,0,0,0,0,5
2672,140200,32175,7885,30,10,5,1560.0,0,5.0,335,280,0.0,0,5,0,0,5,0,0,0,0,0,0,0,0,0,0,5
2673,202500,58685,9135,30,10,10,1200.0,525,5.0,410,50,0.0,0,0,0,0,5,0,0,0,0,0,0,0,0,0,0,5
2674,159000,25000,8320,30,10,10,2100.0,300,10.0,295,280,1995.0,0,0,0,0,5,0,0,0,0,0,0,0,0,0,0,5
2675,119900,31200,4472,20,8,8,1640.0,1084,8.0,268,224,2028.0,0,0,0,0,4,0,0,0,0,0,0,0,0,0,0,4
2676,114500,31200,5880,30,10,10,2640.0,560,5.0,360,280,0.0,0,0,0,0,5,0,0,0,0,0,0,0,0,0,0,5
2677,115000,31200,6720,25,10,10,1200.0,1570,5.0,350,280,0.0,0,0,0,0,5,0,0,0,0,0,0,0,0,0,0,5
2678,75000,30600,5810,15,15,10,1290.0,120,10.0,380,280,1735.0,0,0,0,0,0,0,0,0,0,0,5,0,0,0,0,0
2679,88000,30600,5075,25,10,10,2250.0,1160,5.0,405,280,2445.0,0,0,0,0,0,0,0,0,0,0,0,0,0,0,0,5
2680,80500,31200,4560,20,10,10,0.0,0,5.0,295,280,0.0,0,0,0,0,5,0,0,0,0,0,0,0,0,0,0,5
2681,149000,31200,7880,25,10,10,1125.0,0,5.0,390,280,0.0,0,0,0,0,0,0,0,0,0,0,0,0,0,0,0,5
2682,110000,30600,6620,25,10,15,900.0,275,5.0,380,110,0.0,0,0,0,0,5,0,0,0,0,0,0,0,0,0,0,5
2683,110500,24000,4412,24,8,12,1760.0,1144,4.0,324,104,1588.0,0,0,0,0,4,0,0,0,0,0,0,0,0,0,0,4
2684,89000,30000,3080,25,10,10,1025.0,645,5.0,425,280,3080.0,0,0,0,0,5,0,0,0,0,0,0,0,0,0,0,5
2685,113000,31900,5240,25,10,10,1400.0,580,5.0,420,280,0.0,0,0,0,0,5,0,0,0,0,0,0,0,0,0,0,5
2686,109000,58360,4080,25,10,10,1050.0,1400,5.0,405,280,0.0,0,0,0,0,5,0,0,0,0,0,0,0,0,0,0,5
2687,220000,132480,9944,24,8,8,2304.0,0,8.0,176,176,0.0,0,4,0,0,4,0,0,0,0,0,0,0,0,0,0,4
2688,129000,49365,4800,20,10,10,2880.0,1440,10.0,180,180,3945.0,0,5,0,0,5,0,0,0,0,0,0,0,0,0,0,5
2689,117000,21240,6540,24,8,12,1020.0,1576,4.0,384,12,0.0,0,0,0,0,4,0,0,0,0,0,0,0,0,0,0,4
2690,52500,16472,2772,16,8,4,0.0,80,4.0,260,224,0.0,0,0,0,0,4,0,0,0,0,0,0,0,0,0,0,4
2691,107000,20640,2860,8,4,2,740.0,856,4.0,164,112,0.0,0,0,0,0,0,0,0,0,0,0,0,0,0,0,0,2
2692,116500,15036,2660,10,2,4,780.0,234,2.0,192,4,0.0,0,0,0,0,2,0,0,0,0,0,0,0,0,0,0,2
2693,72000,18000,1638,10,4,6,0.0,0,2.0,174,112,0.0,0,0,0,0,0,0,0,0,0,0,0,0,0,0,0,2
2694,119500,17200,2752,12,4,4,396.0,0,4.0,138,112,0.0,0,0,0,0,2,0,0,0,0,0,0,0,0,0,0,2
2695,125500,14400,2720,10,4,6,594.0,510,3.0,136,22,0.0,0,0,0,0,2,0,0,0,0,0,0,0,0,0,0,2
2696,91000,19572,2154,6,4,4,420.0,296,2.0,168,112,0.0,0,0,0,0,2,0,0,0,0,0,0,0,0,0,0,2
2697,84500,13560,1508,12,4,4,0.0,106,4.0,142,48,980.0,0,0,0,0,2,0,0,0,0,0,0,0,0,0,0,2
2698,90000,14400,1968,12,4,4,616.0,328,2.0,152,112,686.0,0,0,0,0,0,0,0,0,0,0,2,0,0,0,0,0
2699,137500,99000,11376,40,16,16,2304.0,0,16.0,440,440,2632.0,0,0,0,0,8,0,0,0,0,0,0,0,0,0,0,8
2700,150000,89088,15368,48,16,16,4608.0,1440,16.0,336,336,0.0,0,0,0,0,8,0,0,0,0,0,0,0,0,0,0,8
2701,131000,170960,13120,40,16,16,3152.0,1800,8.0,448,448,0.0,0,0,0,0,8,0,0,0,0,0,0,0,0,0,0,8
2702,130000,145530,28392,105,42,63,6048.0,9702,31.5,1008,1008,12474.0,0,0,0,0,0,0,0,0,0,0,0,0,0,0,0,21
2703,125000,49500,6192,30,12,12,1560.0,726,6.0,426,336,0.0,0,0,0,0,6,0,0,0,0,0,0,0,0,0,0,6
2704,80000,36540,6153,35,14,14,1260.0,756,7.0,490,392,0.0,0,0,0,0,7,0,0,0,0,0,0,0,0,0,0,7
2705,157000,38500,7511,49,14,14,1722.0,840,21.0,14,14,6181.0,0,0,0,0,7,0,0,0,0,0,0,0,0,0,0,7
2706,148000,89880,11056,32,16,16,3672.0,656,12.0,344,216,4376.0,0,0,0,0,8,0,0,0,0,0,0,0,0,0,0,8
2707,90000,86328,10368,32,16,16,4128.0,0,16.0,312,312,0.0,0,0,0,0,8,0,0,0,0,0,0,0,0,0,0,8
2708,154500,67312,8544,48,16,16,2112.0,1536,12.0,344,24,5304.0,0,0,0,0,8,0,0,0,0,0,0,0,0,0,0,8
2709,153600,90616,8512,40,16,16,4224.0,2896,12.0,312,312,6232.0,0,0,0,0,8,0,0,0,0,0,0,0,0,0,0,8
2710,164500,94216,10560,40,16,16,4512.0,3744,16.0,320,320,7032.0,0,0,0,0,0,0,0,0,0,0,0,0,0,0,0,8
2711,132000,82928,7472,48,16,16,2688.0,616,12.0,336,336,3648.0,0,0,0,0,8,0,0,0,0,0,0,0,0,0,0,8
2712,142500,72000,8472,40,16,16,2288.0,704,16.0,320,320,6184.0,0,0,0,0,0,0,0,0,0,0,0,0,0,0,0,8
2713,158000,92424,9272,40,16,16,2688.0,3728,12.0,304,304,5384.0,0,0,0,0,8,0,0,0,0,0,0,0,0,0,0,8
2714,149500,62752,11200,48,16,16,3520.0,0,12.0,224,224,1672.0,0,0,0,0,8,0,0,0,0,0,0,0,0,0,0,8
2715,165000,76280,11664,40,16,16,4096.0,2272,20.0,312,312,9408.0,0,0,0,0,8,0,0,0,0,0,0,0,0,0,0,8
2716,180000,82680,13768,40,16,16,3520.0,2208,20.0,304,104,4560.0,0,0,0,0,8,0,0,0,0,0,0,0,0,0,0,8
2717,160500,57408,8320,48,16,16,4928.0,2488,16.0,224,224,6352.0,0,0,0,0,8,0,0,0,0,0,0,0,0,0,0,8
2718,156500,77296,15736,40,16,16,4640.0,1360,16.0,232,232,0.0,0,0,0,0,8,0,0,0,0,0,0,0,0,0,0,8
2719,157000,65880,15592,40,16,16,4688.0,256,16.0,232,232,3864.0,0,0,0,0,8,0,0,0,0,0,0,0,0,0,0,8
2720,172500,109200,15360,40,24,24,3608.0,0,24.0,384,384,3984.0,0,0,0,0,8,0,0,0,0,0,0,0,0,0,0,8
2721,155000,105000,14424,40,16,16,3872.0,0,24.0,392,48,6800.0,0,0,0,0,8,0,0,0,0,0,0,0,0,0,0,8
2722,170000,143360,14232,40,16,16,3632.0,5840,20.0,408,256,11128.0,0,0,0,0,0,0,0,0,0,0,0,0,0,0,0,8
2723,105000,140232,6976,40,16,8,2576.0,928,8.0,656,448,0.0,0,0,0,0,8,0,0,0,0,0,0,0,0,0,0,8
2724,145000,81968,7680,32,16,16,2912.0,704,12.0,328,40,5184.0,0,0,0,0,8,0,0,0,0,0,0,0,0,0,0,8
2725,168000,113400,11496,40,16,16,4608.0,2432,20.0,400,152,7904.0,0,0,0,0,8,0,0,0,0,0,0,0,0,0,0,8
2726,278000,427455,38430,147,42,42,10941.0,5943,42.0,819,819,34356.0,0,0,0,0,21,0,0,0,0,0,0,0,0,0,0,21
2727,164000,274050,21000,105,42,42,12075.0,8106,42.0,903,903,20034.0,0,0,0,0,21,0,0,0,0,0,0,0,0,0,0,21
2728,225000,327453,48027,147,63,42,14007.0,2835,42.0,1113,1113,12663.0,0,0,0,0,21,0,0,0,0,0,0,0,0,0,0,21
2729,130000,86560,6480,40,16,16,4608.0,0,16.0,280,272,5552.0,0,0,0,0,8,0,0,0,0,0,0,0,0,0,0,8
2730,142500,106800,7152,40,16,16,3520.0,1928,16.0,256,256,6096.0,0,0,0,0,8,0,0,0,0,0,0,0,0,0,0,8
2731,148400,35700,35700,147,63,63,9450.0,8904,73.5,546,525,8337.0,0,0,0,0,21,0,0,0,0,0,0,0,0,0,0,21
2732,190000,110691,30513,147,42,63,9345.0,5544,52.5,420,420,22722.0,0,0,0,0,0,0,0,0,0,0,0,0,0,0,0,21
2733,146000,56250,8100,24,12,12,3024.0,1422,9.0,312,312,4794.0,0,0,0,0,6,0,0,0,0,0,0,0,0,0,0,6
2734,128000,38928,6900,30,12,12,1290.0,1584,6.0,384,336,1380.0,0,0,0,0,0,0,0,0,0,0,0,0,0,0,0,6
2735,225000,46800,12048,30,12,24,1380.0,618,24.0,348,24,3618.0,0,0,0,0,6,0,0,0,0,0,0,0,0,0,0,6
2736,274970,118140,13206,36,18,18,2592.0,4932,12.0,240,240,0.0,0,0,0,6,0,0,0,0,0,0,0,0,0,0,0,6
2737,235000,119700,12054,36,12,12,4770.0,1332,12.0,468,336,0.0,0,0,0,0,6,0,0,0,0,0,0,0,0,0,0,6
2738,415000,118800,22032,36,12,18,5016.0,4776,21.0,426,96,2550.0,0,0,0,0,6,0,0,0,0,0,0,0,0,0,0,6
2739,182000,70074,9360,30,12,12,3168.0,5100,15.0,264,264,10656.0,0,0,0,0,6,0,0,0,0,0,0,0,0,0,0,6
2740,135000,72288,8928,30,12,12,3414.0,3438,6.0,324,24,0.0,0,0,0,0,6,0,0,0,0,0,0,0,0,0,0,6
2741,137000,63114,6342,30,12,18,1728.0,0,9.0,306,42,0.0,0,0,0,0,6,0,0,0,0,0,0,0,0,0,0,6
2742,136900,57150,11130,36,12,12,1950.0,1092,12.0,312,204,2664.0,0,0,0,0,6,0,0,0,0,0,0,0,0,0,0,6
2743,149900,57150,9654,36,12,12,1830.0,0,9.0,318,318,2808.0,0,0,0,0,6,0,0,0,0,0,0,0,0,0,0,6
2744,123500,38520,6888,30,12,12,1848.0,0,9.0,324,324,4566.0,0,0,0,0,6,0,0,0,0,0,0,0,0,0,0,6
2745,93000,50010,6744,30,12,12,0.0,1356,6.0,312,312,0.0,0,0,0,0,6,0,0,0,0,0,0,0,0,0,0,6
2746,91500,45510,8736,30,12,12,1680.0,0,15.0,348,336,0.0,0,0,0,0,6,0,0,0,0,0,0,0,0,0,0,6
2747,180000,156800,18172,84,42,42,5642.0,2674,42.0,294,294,17612.0,0,0,0,0,14,0,0,0,0,0,0,0,0,0,0,14
2748,209000,169792,35826,84,42,56,7084.0,5782,35.0,238,238,7686.0,0,0,0,0,0,0,0,0,0,0,0,0,0,0,0,14
2749,215000,133756,26754,112,42,42,6594.0,3682,35.0,182,168,5320.0,0,0,0,0,14,0,0,0,0,0,0,0,0,0,0,14
2750,224500,126966,20160,84,42,42,12880.0,4032,56.0,182,182,18816.0,0,0,0,0,14,0,0,0,0,0,0,0,0,0,0,14
2751,229800,209057,35644,133,57,57,16112.0,760,47.5,19,0,0.0,0,0,0,0,0,19,0,0,0,0,0,0,19,0,0,0
2752,183600,142272,22952,133,57,57,12008.0,3097,38.0,19,19,7467.0,0,0,0,0,0,0,0,0,0,0,0,0,0,0,0,19
2753,194000,140714,23180,133,57,57,12008.0,3021,57.0,0,0,12996.0,0,0,0,0,0,19,0,0,0,0,0,0,19,0,0,0
2754,193879,128478,24586,133,57,57,12578.0,4237,38.0,0,0,0.0,0,0,0,0,0,19,0,0,0,0,0,0,19,0,0,0
2755,221500,212990,30666,133,57,57,16435.0,3857,38.0,19,0,380.0,0,0,0,0,0,19,0,0,0,0,0,0,19,0,0,0
2756,204900,170810,28462,133,57,57,12825.0,7296,38.0,0,0,0.0,0,0,0,0,0,19,0,0,0,0,0,0,19,0,0,0
2757,239799,166440,37278,133,57,57,16492.0,1710,47.5,0,0,8816.0,0,0,0,0,0,19,0,0,0,0,0,0,19,0,0,0
2758,233555,254163,35074,114,57,57,9405.0,608,57.0,0,0,29944.0,0,0,0,0,0,19,0,0,0,0,0,0,19,0,0,0
2759,260000,221255,32946,133,57,57,12540.0,3496,57.0,19,19,24700.0,0,0,0,0,19,0,0,0,0,0,0,0,0,0,0,19
2760,294900,221255,30210,152,57,76,14326.0,4864,66.5,19,0,21318.0,0,0,0,0,0,19,0,0,0,0,0,0,19,0,0,0
2761,209700,208696,34371,133,57,57,12122.0,3762,47.5,19,0,0.0,0,0,0,0,0,19,0,0,0,0,0,0,19,0,0,0
2762,225000,177004,30666,133,57,57,10944.0,2755,38.0,19,19,1064.0,0,0,0,0,19,0,0,0,0,0,0,0,0,0,0,19
2763,181000,177004,30324,133,57,57,11590.0,3591,47.5,19,19,0.0,0,0,0,0,19,0,0,0,0,0,0,0,0,0,0,19
2764,220000,140574,26810,112,42,42,7084.0,3780,49.0,196,196,11046.0,0,0,0,0,0,0,0,0,0,0,0,0,0,0,0,14
2765,190000,766500,33222,105,42,42,8190.0,7686,52.5,882,882,17052.0,0,0,0,0,21,0,0,0,0,0,0,0,0,0,0,21
2766,180000,450513,20748,126,42,42,11340.0,5460,42.0,777,777,19698.0,0,0,0,0,21,0,0,0,0,0,0,0,0,0,0,21
2767,280000,1485981,32193,147,42,63,12096.0,5334,63.0,651,651,13755.0,0,0,0,0,21,0,0,0,0,0,0,0,0,0,0,21
2768,158900,252000,29148,126,42,42,10962.0,1218,63.0,798,798,17913.0,0,0,0,0,0,0,21,0,0,0,0,0,0,0,0,0
2769,148000,168074,17366,95,57,38,10944.0,0,19.0,190,190,5662.0,0,0,0,0,19,0,0,0,0,0,0,0,0,0,0,19
2770,145000,247285,20900,95,38,38,8778.0,0,28.5,190,190,0.0,0,0,0,0,19,0,0,0,0,0,0,0,0,0,0,19
2771,187000,236322,28481,114,57,57,8987.0,9576,47.5,209,209,0.0,0,0,0,0,19,0,0,0,0,0,0,0,0,0,0,19
2772,193000,165015,27075,133,38,38,11229.0,2470,57.0,152,152,16074.0,0,0,0,0,19,0,0,0,0,0,0,0,0,0,0,19
2773,156000,257792,18810,95,38,38,10944.0,4256,28.5,209,209,13604.0,0,0,0,0,19,0,0,0,0,0,0,0,0,0,0,19
2774,235000,172900,28975,133,57,57,10279.0,4845,57.0,114,114,26600.0,0,0,0,0,19,0,0,0,0,0,0,0,0,0,0,19
2775,217000,175484,28386,114,38,57,10944.0,3705,57.0,171,171,22800.0,0,0,0,0,19,0,0,0,0,0,0,0,0,0,0,19
2776,214000,195016,30172,133,57,57,8968.0,3553,38.0,133,133,22078.0,0,0,0,0,19,0,0,0,0,0,0,0,0,0,0,19
2777,196000,176168,33231,133,57,57,9785.0,4275,47.5,133,133,9500.0,0,0,0,0,19,0,0,0,0,0,0,0,0,0,0,19
2778,217000,255094,33801,133,57,57,11134.0,5985,66.5,133,114,16986.0,0,0,0,0,19,0,0,0,0,0,0,0,0,0,0,19
2779,200000,255550,35359,133,57,57,9348.0,4503,66.5,76,76,13300.0,0,0,0,0,19,0,0,0,0,0,0,0,0,0,0,19
2780,192500,266114,33744,133,57,57,9006.0,4560,47.5,76,76,0.0,0,0,0,0,19,0,0,0,0,0,0,0,0,0,0,19
2781,205000,260376,29279,133,57,57,16017.0,10431,38.0,95,76,0.0,0,0,0,0,19,0,0,0,0,0,0,0,0,0,0,19
2782,132500,204820,18126,95,38,38,10944.0,0,19.0,570,570,9177.0,0,0,0,0,19,0,0,0,0,0,0,0,0,0,0,19
2783,157500,158460,26372,114,38,38,6023.0,8398,28.5,551,551,9671.0,0,0,0,0,19,0,0,0,0,0,0,0,0,0,0,19
2784,174000,197315,24358,114,38,38,12768.0,7334,47.5,532,532,18905.0,0,0,0,0,19,0,0,0,0,0,0,0,0,0,0,19
2785,128500,188480,18449,95,38,38,5700.0,0,28.5,703,703,9937.0,0,0,0,0,19,0,0,0,0,0,0,0,0,0,0,19
2786,128500,181640,16416,95,38,38,5472.0,0,19.0,646,646,6840.0,0,0,0,0,19,0,0,0,0,0,0,0,0,0,0,19
2787,149900,186200,16986,95,38,38,10488.0,4864,38.0,646,646,16986.0,0,0,0,0,0,0,0,0,0,0,0,0,0,0,0,19
2788,119900,136800,16416,95,38,38,5643.0,0,19.0,646,646,8303.0,0,0,0,0,19,0,0,0,0,0,0,0,0,0,0,19
2789,137000,32508,11880,54,18,18,4356.0,432,22.5,117,108,3042.0,0,0,0,0,9,0,0,0,0,0,0,0,0,0,0,9
2790,255000,215973,37791,152,57,57,11134.0,4921,66.5,76,76,17708.0,0,0,0,0,19,0,0,0,0,0,0,0,0,0,0,19
2791,222000,188670,33478,133,57,57,11229.0,7106,47.5,76,76,8664.0,0,0,0,0,19,0,0,0,0,0,0,0,0,0,0,19
2792,214000,179892,33345,114,38,38,10070.0,4731,66.5,133,133,12141.0,0,0,0,0,19,0,0,0,0,0,0,0,0,0,0,19
2793,220000,210672,25802,152,57,57,7942.0,4446,47.5,76,76,16568.0,0,0,0,0,19,0,0,0,0,0,0,0,0,0,0,19
2794,275000,280839,33953,152,57,57,14212.0,6612,38.0,95,76,0.0,0,0,0,0,19,0,0,0,0,0,0,0,0,0,0,19
2795,197000,165794,36271,133,57,57,10051.0,2052,47.5,76,76,0.0,0,0,0,0,19,0,0,0,0,0,0,0,0,0,0,19
2796,230000,154375,31426,133,57,57,17100.0,2584,57.0,76,76,18734.0,0,0,0,0,19,0,0,0,0,0,0,0,0,0,0,19
2797,268500,200754,42066,152,57,57,12274.0,5263,66.5,133,133,17480.0,0,0,0,0,19,0,0,0,0,0,0,0,0,0,0,19
2798,210900,409127,38931,133,57,57,8873.0,3192,47.5,190,171,0.0,0,0,0,0,19,0,0,0,0,0,0,0,0,0,0,19
2799,227000,213750,36841,133,38,57,10545.0,4028,57.0,152,152,15124.0,0,0,0,0,19,0,0,0,0,0,0,0,0,0,0,19
2800,237000,213750,37905,133,57,57,11590.0,8455,66.5,209,190,13015.0,0,0,0,0,19,0,0,0,0,0,0,0,0,0,0,19
2801,274300,185250,39843,133,38,57,11077.0,8037,66.5,152,152,18525.0,0,0,0,0,19,0,0,0,0,0,0,0,0,0,0,19
2802,216837,172900,34884,133,57,57,9196.0,2907,38.0,38,19,456.0,0,0,0,0,19,0,0,0,0,0,0,0,0,0,0,19
2803,133000,84265,16112,114,57,57,7980.0,2660,38.0,57,57,13623.0,0,0,0,0,19,0,0,0,0,0,0,0,0,0,0,19
2804,155900,84265,16112,114,57,57,7980.0,2660,38.0,38,38,12578.0,0,0,0,0,19,0,0,0,0,0,0,0,0,0,0,19
2805,233230,296609,36461,152,57,57,13015.0,969,47.5,0,0,0.0,0,0,0,0,0,19,0,0,0,0,0,0,19,0,0,0
2806,207000,167390,26410,133,57,57,10355.0,1292,57.0,57,57,19000.0,0,0,0,0,19,0,0,0,0,0,0,0,0,0,0,19
2807,195000,235467,37012,133,57,57,8246.0,2812,47.5,38,19,0.0,0,0,0,0,19,0,0,0,0,0,0,0,0,0,0,19
2808,200000,173565,32300,114,57,57,10336.0,4085,57.0,57,57,6460.0,0,0,0,0,19,0,0,0,0,0,0,0,0,0,0,19
2809,203160,163039,33003,133,57,57,10982.0,1995,47.5,0,0,0.0,0,0,0,0,0,19,0,0,0,0,0,0,19,0,0,0
2810,195800,159600,30609,133,57,57,10868.0,3420,47.5,19,19,0.0,0,0,0,0,19,0,0,0,0,0,0,0,0,0,0,19
2811,212900,191596,29488,133,57,57,14858.0,3116,38.0,19,0,456.0,0,0,0,0,0,19,0,0,0,0,0,0,19,0,0,0
2812,196500,221255,32680,133,57,57,10735.0,1330,47.5,38,38,0.0,0,0,0,0,19,0,0,0,0,0,0,0,0,0,0,19
2813,198000,166668,25384,133,57,57,9538.0,3401,57.0,19,0,18924.0,0,0,0,0,0,19,0,0,0,0,0,0,19,0,0,0
2814,173900,168074,28500,114,38,57,10716.0,665,47.5,19,0,0.0,0,0,0,0,0,19,0,0,0,0,0,0,19,0,0,0
2815,163990,160759,27664,114,57,57,7410.0,456,47.5,19,0,0.0,0,0,0,0,0,19,0,0,0,0,0,0,19,0,0,0
2816,164990,166573,24890,133,57,57,7600.0,0,38.0,19,19,456.0,0,0,0,0,0,19,0,0,0,0,0,0,19,0,0,0
2817,98000,52662,8616,24,12,12,3168.0,882,18.0,576,36,3060.0,0,0,0,0,6,0,0,0,0,0,0,0,0,0,0,6
2818,149900,106530,8796,30,12,6,3168.0,1440,9.0,282,282,1056.0,0,0,0,0,6,0,0,0,0,0,0,0,0,0,0,6
2819,102000,53262,7320,24,12,12,2376.0,0,6.0,330,330,5016.0,0,0,0,0,6,0,6,0,0,0,0,0,0,0,0,0
2820,127500,47040,6072,36,12,12,0.0,0,18.0,186,186,5856.0,0,0,6,0,0,0,0,0,0,0,0,0,0,0,0,6
2821,127500,56400,5880,36,12,12,0.0,0,18.0,186,186,5670.0,0,0,6,0,0,0,0,0,0,0,0,0,0,0,0,6
2822,119900,96798,7056,30,12,12,2160.0,1224,12.0,222,222,5082.0,0,0,0,0,0,0,0,0,0,0,0,0,0,0,0,6
2823,196500,42972,10344,42,18,18,3696.0,1350,15.0,18,12,0.0,0,0,0,0,6,0,0,0,0,0,0,0,0,0,0,6
2824,117250,48300,5484,36,12,18,0.0,192,12.0,24,24,4632.0,0,0,0,0,6,0,0,0,0,0,0,0,0,0,0,6
2825,229000,66360,13884,42,18,18,3012.0,1644,15.0,18,6,0.0,0,0,0,0,6,0,0,0,0,6,0,0,0,0,0,0
2826,145000,22050,6432,30,12,12,3150.0,168,12.0,6,6,3282.0,0,0,0,0,6,0,0,0,0,0,0,0,0,0,0,6
2827,140000,22050,6432,36,12,12,3150.0,264,18.0,6,0,3282.0,0,0,0,0,0,6,0,0,0,0,0,0,6,0,0,0
2828,142500,22050,6432,36,12,12,3150.0,264,12.0,6,0,3282.0,0,0,0,0,0,6,0,0,0,0,0,0,6,0,0,0
2829,134000,15132,10254,42,18,18,2280.0,240,12.0,12,12,0.0,0,0,0,0,6,0,0,0,0,0,0,0,0,0,0,6
2830,130000,15132,10254,42,18,18,2280.0,240,12.0,12,12,0.0,0,0,0,0,6,0,0,0,0,0,0,0,0,0,0,6
2831,130000,15132,10254,36,18,18,2280.0,240,12.0,12,0,0.0,0,0,0,0,6,0,0,0,0,0,0,0,0,0,0,6
2832,137500,15132,10254,42,18,18,2280.0,240,12.0,12,12,0.0,0,0,0,0,6,0,0,0,0,0,0,0,0,0,0,6
2833,130000,20178,10248,42,18,18,2280.0,240,12.0,12,12,0.0,0,0,0,0,6,0,0,0,0,0,0,0,0,0,0,6
2834,97900,41736,5616,24,12,12,1590.0,0,6.0,348,336,0.0,0,0,0,0,6,0,0,0,0,0,0,0,0,0,0,6
2835,92000,46932,8028,36,12,12,3168.0,1248,12.0,546,336,0.0,0,0,6,0,0,0,0,0,0,0,0,0,0,0,0,6
2836,107000,52242,10014,24,12,12,1728.0,336,9.0,492,336,0.0,0,0,6,0,0,0,0,0,0,0,0,0,0,0,0,6
2837,81000,50460,7104,30,12,12,0.0,906,6.0,576,60,0.0,0,0,6,0,0,0,0,0,0,0,0,0,0,0,0,6
2838,104900,58428,7326,30,12,12,2352.0,1416,12.0,492,336,2352.0,0,0,0,0,6,0,0,0,0,0,0,0,0,0,0,6
2839,115000,49032,5184,30,12,12,3432.0,0,12.0,306,96,1002.0,0,0,0,0,6,0,0,0,0,0,0,0,0,0,0,6
2840,125000,96072,8892,24,12,12,3654.0,180,15.0,312,228,4146.0,0,0,0,0,0,0,0,0,0,0,0,0,0,0,0,6
2841,116000,49488,7500,30,12,6,1680.0,1818,12.0,528,336,0.0,0,0,0,0,6,0,0,0,0,0,0,0,0,0,0,6
2842,83000,49488,8484,24,12,12,0.0,672,6.0,504,336,0.0,0,0,0,0,0,0,6,0,0,0,0,0,0,0,0,0
2843,118500,43428,15610,28,21,14,3080.0,1316,14.0,658,392,0.0,0,0,0,0,7,0,0,0,0,0,0,0,0,0,0,7
2844,35000,48528,2988,12,12,12,1296.0,600,6.0,504,306,0.0,0,0,0,0,6,0,0,0,0,6,0,0,0,0,0,0
2845,121000,68328,7638,24,12,18,1650.0,1272,6.0,576,78,0.0,0,0,0,0,6,0,0,0,0,0,0,0,0,0,0,6
2846,160000,49574,13496,35,14,14,0.0,1596,14.0,630,77,0.0,0,0,0,0,7,0,0,0,0,0,0,0,0,0,0,7
2847,140000,58800,11165,42,14,14,1680.0,756,7.0,462,42,2716.0,0,0,0,0,7,0,0,0,0,0,0,0,0,0,0,7
2848,137000,76230,10857,35,14,7,1680.0,0,21.0,476,392,6510.0,0,0,0,0,7,0,0,0,0,0,0,0,0,0,0,7
2849,128000,45010,9380,42,14,14,3080.0,0,14.0,427,392,5460.0,0,0,0,0,0,0,0,0,0,0,0,0,0,0,0,7
2850,160000,49000,10353,49,14,21,2184.0,4102,14.0,560,63,2968.0,0,0,0,0,7,0,0,0,0,0,0,0,0,0,0,7
2851,138887,262640,35680,100,40,40,3600.0,4860,30.0,1840,1120,0.0,0,0,0,0,20,0,0,0,0,0,0,0,0,0,0,20
2852,149000,34293,10570,42,14,14,1512.0,1148,7.0,602,392,2135.0,0,0,0,0,7,0,0,0,0,0,0,0,0,0,0,7
2853,102000,42000,10654,35,14,14,0.0,966,14.0,560,392,0.0,0,0,0,0,7,0,0,0,0,0,0,0,0,0,0,7
2854,167000,187980,32720,140,40,60,5760.0,4240,30.0,1740,1120,0.0,0,0,0,0,0,0,0,0,0,0,0,0,0,0,0,20
2855,200100,151760,36040,140,40,40,4320.0,800,30.0,1720,1120,7040.0,0,0,0,0,20,0,0,0,0,0,0,0,0,0,0,20
2856,131000,71148,10255,35,14,14,1680.0,882,14.0,469,392,4522.0,0,0,0,0,7,0,0,0,0,0,0,0,0,0,0,7
2857,112000,43337,9016,35,14,14,1680.0,0,7.0,455,392,2688.0,0,0,0,0,7,0,0,0,0,0,0,0,0,0,0,7
2858,140000,191000,34340,140,40,60,12840.0,6140,40.0,1820,720,4320.0,0,0,0,0,0,0,0,0,0,0,0,0,0,0,0,20
2859,195000,435600,31000,120,40,40,6360.0,8580,30.0,1720,1120,0.0,0,0,0,0,20,0,0,0,0,0,0,0,0,0,0,20
2860,230000,228700,30340,160,40,60,8000.0,0,20.0,1540,1120,0.0,0,0,0,0,20,0,0,0,0,0,0,0,0,0,0,20
2861,194000,248000,34340,100,40,40,8200.0,2260,30.0,1320,1120,12040.0,0,0,0,0,20,0,0,0,0,0,0,0,0,0,0,20
2862,137500,232000,23600,80,40,20,5040.0,1340,20.0,1680,1120,0.0,0,0,0,0,20,0,0,0,0,0,0,0,0,0,0,20
2863,250000,230000,41140,140,60,60,3600.0,6440,30.0,1400,380,4460.0,0,0,0,0,20,0,0,0,0,0,0,0,0,0,0,20
2864,218000,163400,33420,140,60,40,9020.0,0,40.0,1540,1120,10520.0,0,0,0,0,20,0,0,0,0,0,0,0,0,0,0,20
2865,239000,331200,46900,120,40,40,7200.0,0,50.0,1480,1120,10060.0,0,0,0,0,20,0,0,0,0,0,0,0,0,0,0,20
2866,199500,246400,32180,140,40,60,11580.0,2080,30.0,1480,320,0.0,0,0,0,0,20,0,0,0,0,0,0,0,0,0,0,20
2867,210000,284200,36020,120,40,40,7300.0,1800,30.0,1520,940,0.0,0,0,0,0,20,0,0,0,0,0,0,0,0,0,0,20
2868,230000,282300,36220,120,40,80,9400.0,5600,20.0,1000,40,16860.0,0,0,0,0,0,0,0,0,0,0,0,0,0,0,0,20
2869,217500,259680,32940,100,40,60,12420.0,0,60.0,580,580,28600.0,0,0,0,0,20,0,0,0,0,0,0,0,0,0,0,20
2870,257000,312000,46300,100,40,40,6840.0,3840,60.0,1120,860,15200.0,0,0,0,0,20,0,0,0,0,0,0,0,0,0,0,20
2871,157000,315000,26720,100,40,40,7500.0,0,40.0,1060,1060,16820.0,0,0,0,0,20,0,0,0,0,0,0,0,0,0,0,20
2872,223000,327620,36880,120,60,60,10800.0,5780,60.0,740,740,22200.0,0,0,0,0,20,0,0,0,0,0,0,0,0,0,0,20
2873,102000,14576,1952,10,4,4,430.0,320,4.0,128,112,610.0,0,0,2,0,0,0,0,0,0,0,0,0,0,0,0,2
2874,145400,14000,2570,12,4,4,1012.0,456,3.0,160,112,748.0,0,0,0,0,2,0,0,0,0,0,0,0,0,0,0,2
2875,72000,17068,1344,8,4,4,0.0,224,2.0,162,112,0.0,0,0,0,0,2,0,0,0,0,0,0,0,0,0,0,2
2876,85000,14060,1282,8,4,2,544.0,508,2.0,162,112,0.0,0,0,0,0,2,0,0,0,0,0,0,0,0,0,0,2
2877,106500,17530,1902,8,4,4,654.0,56,2.0,140,112,570.0,0,0,0,0,0,0,0,0,0,0,0,0,0,0,0,2
2878,139000,18120,3276,12,4,6,768.0,42,4.0,98,98,0.0,0,0,0,0,2,0,0,0,0,0,0,0,0,0,0,2
2879,108000,22080,2672,8,4,4,1140.0,334,3.0,172,112,1274.0,0,0,0,0,2,0,2,0,0,0,0,0,0,0,0,0
2880,51689,24732,1458,6,4,4,0.0,46,2.0,122,112,0.0,0,0,0,0,0,0,0,0,0,0,0,0,0,0,0,2
2881,35311,18000,960,4,4,4,616.0,0,2.0,114,112,100.0,0,0,0,0,0,0,0,0,0,0,0,0,0,0,0,2
2882,115000,18000,2792,10,2,4,0.0,0,4.0,110,110,0.0,0,0,0,0,0,0,0,0,0,0,0,0,0,0,0,2
2883,78000,17040,1872,6,4,4,0.0,0,2.0,180,112,0.0,0,0,0,0,2,0,0,0,0,0,0,0,0,0,0,2
2884,375000,114960,35560,160,60,80,9900.0,6580,80.0,20,0,31460.0,0,0,0,0,0,20,0,0,0,0,0,0,20,0,0,0
2885,300000,76840,32920,160,60,60,10500.0,6720,70.0,40,20,31280.0,0,0,0,0,20,0,0,0,0,0,0,0,0,0,0,20
2886,242500,306540,21125,78,26,13,7488.0,2132,32.5,351,351,10088.0,0,0,0,0,13,0,0,0,0,0,0,0,0,0,0,13
2887,145000,109005,21632,78,26,26,8008.0,0,26.0,364,364,0.0,0,0,0,0,13,0,0,0,0,0,0,0,0,0,0,13
2888,209000,118508,19383,104,39,39,6370.0,2860,26.0,65,65,0.0,0,0,0,0,13,0,0,0,0,0,0,0,0,0,0,13
2889,135000,136890,13052,78,26,26,6552.0,0,26.0,377,377,12675.0,0,0,0,0,13,0,0,0,0,0,0,0,0,0,0,13
2890,148000,144040,15730,78,26,26,6864.0,0,39.0,403,403,7488.0,0,0,0,0,13,0,0,0,0,0,0,0,0,0,0,13
2891,171000,143910,25467,91,26,26,9958.0,0,39.0,234,221,0.0,0,0,0,0,0,0,0,0,0,0,0,0,0,0,0,13
2892,335000,602094,57937,161,69,69,14444.0,7981,80.5,391,368,22195.0,0,0,0,0,23,0,0,0,0,0,0,0,0,0,0,23
2893,230000,205975,32375,175,75,75,7800.0,0,50.0,500,500,0.0,0,0,0,0,25,0,0,0,0,0,0,0,0,0,0,25
2894,250764,1152346,37950,138,46,46,11914.0,3174,46.0,1104,1104,20907.0,0,0,0,23,0,0,0,0,0,0,0,0,0,0,0,23
2895,228000,383387,39261,184,69,46,11753.0,14674,57.5,575,575,0.0,0,0,0,0,23,0,0,0,0,0,0,0,0,0,0,23
2896,176000,317653,26151,138,46,69,12673.0,2875,69.0,437,437,23460.0,0,0,0,0,23,0,0,0,0,0,0,0,0,0,0,23
2897,180000,185127,30797,161,46,46,11132.0,3404,69.0,368,368,24219.0,0,0,0,0,23,0,0,0,0,0,0,0,0,0,0,23
2898,250000,256910,57822,161,46,46,15939.0,0,57.5,368,345,27968.0,0,0,0,0,23,0,0,0,0,0,0,0,0,0,0,23
2899,202000,186254,32269,138,69,69,10810.0,3979,69.0,138,138,28796.0,0,0,0,0,23,0,0,0,0,0,0,0,0,0,0,23
2900,312500,329613,41400,184,69,69,17595.0,8004,69.0,92,92,29302.0,0,0,0,0,23,0,0,0,0,0,0,0,0,0,0,23
2901,320000,313214,45080,184,69,69,16422.0,4830,69.0,23,0,31050.0,0,0,0,0,0,23,0,0,0,0,0,0,23,0,0,0
2902,369900,263189,46644,184,69,69,20240.0,9016,69.0,23,0,33580.0,0,0,0,0,0,23,0,0,0,0,0,0,23,0,0,0
2903,359900,266271,42274,207,92,92,15686.0,8878,69.0,23,0,33465.0,0,0,0,0,0,23,0,0,0,0,0,0,23,0,0,0
2904,81500,406250,20800,13,26,26,3510.0,1755,19.5,715,715,0.0,0,0,0,0,13,0,0,0,0,0,0,0,0,0,0,13
2905,215000,91260,17784,91,26,26,10192.0,624,52.0,117,117,16159.0,0,0,0,0,13,0,0,0,0,0,0,0,0,0,0,13
2906,164000,58500,15808,78,26,26,5226.0,1625,39.0,104,104,11661.0,0,0,0,0,13,0,0,0,0,0,0,0,0,0,0,13
2907,153500,58500,17381,78,26,26,5265.0,2587,39.0,104,104,15613.0,0,0,0,0,13,0,0,0,0,0,0,0,0,0,0,13
2908,84500,223821,14820,65,26,26,0.0,1196,13.0,0,0,0.0,0,0,0,0,0,0,0,0,0,0,0,0,0,0,0,13
2909,104500,2665,1304,5,2,2,336.0,141,1.5,29,29,0.0,0,0,0,0,1,0,0,0,0,0,0,0,0,0,0,1
2910,127000,2665,1475,5,2,2,336.0,130,2.0,29,29,721.0,0,0,0,0,1,0,0,0,0,0,0,0,0,0,0,1
2911,151400,3964,2521,6,2,2,576.0,748,3.5,33,33,837.0,0,0,0,0,1,0,0,0,0,0,0,0,0,0,0,1
2912,126500,132236,11362,65,26,26,3744.0,1560,26.0,494,39,5733.0,0,0,0,0,13,0,0,0,0,0,0,0,0,0,0,13
2913,146500,153868,21476,65,26,26,12064.0,0,26.0,468,468,1937.0,0,0,0,0,13,0,0,0,0,0,0,0,0,0,0,13
2914,73000,1470,630,4,2,2,0.0,0,2.0,36,36,522.0,0,0,0,0,1,0,0,0,0,0,0,0,0,0,0,1
2915,79400,1484,1092,4,2,2,253.0,0,1.5,34,34,252.0,0,0,0,0,1,0,0,0,0,0,0,0,0,0,0,1
2916,140000,173992,17680,65,26,26,4368.0,2080,26.0,481,351,6019.0,0,0,0,0,13,0,0,0,0,0,0,0,0,0,0,13
2917,92000,1533,630,5,2,4,0.0,0,2.0,36,36,553.0,0,0,0,0,0,0,0,0,0,0,0,0,0,0,0,1
2918,87550,1533,1092,4,2,2,286.0,0,1.5,36,36,408.0,0,0,0,0,0,0,0,0,0,0,0,0,0,0,0,1
2919,79500,1526,1092,4,2,2,0.0,34,1.5,36,36,0.0,0,0,0,0,1,0,0,0,0,0,0,0,0,0,0,1
2920,90500,1936,1092,4,2,2,0.0,0,1.5,36,36,0.0,0,0,0,0,1,0,0,0,0,0,0,0,0,0,0,1
2921,71000,1894,1092,4,2,2,286.0,24,1.5,36,36,252.0,0,0,0,0,0,0,0,0,0,0,0,0,0,0,0,1
2922,150900,164320,22464,78,26,26,7462.0,520,26.0,390,390,17316.0,0,0,0,0,13,0,0,0,0,0,0,0,0,0,0,13
2923,188000,120861,22464,65,26,26,7280.0,0,52.0,390,390,20878.0,0,0,0,0,0,0,0,0,0,0,0,0,0,0,0,13
2924,160000,226200,14638,65,26,26,6292.0,4368,39.0,377,377,12168.0,0,0,0,0,13,0,0,0,0,0,0,0,0,0,0,13
2925,131000,260000,15912,65,26,26,7488.0,6162,26.0,598,130,15912.0,0,0,0,0,0,0,0,0,0,0,0,0,0,0,0,13
2926,142500,103181,13039,78,26,26,7644.0,1560,26.0,286,286,10647.0,0,0,0,0,13,0,0,0,0,0,0,0,0,0,0,13
2927,131000,115505,11726,65,26,26,6292.0,2132,26.0,299,299,8125.0,0,0,0,0,13,0,0,0,0,0,0,0,0,0,0,13
2928,132000,135733,12610,65,26,26,0.0,1456,19.5,182,182,4381.0,0,0,0,0,13,0,0,0,0,0,0,0,0,0,0,13
2929,170000,130130,18057,65,26,26,5434.0,3614,26.0,416,403,15522.0,0,0,0,0,13,0,0,0,0,0,0,0,0,0,0,13
2930,188000,125151,26000,91,26,26,8450.0,3094,32.5,169,156,9854.0,0,0,0,0,13,0,0,0,0,0,0,0,0,0,0,13
