Order,Lot Area,Gr Liv Area,Overall Qual,Exter Qual,Kitchen Qual,Garage Area,PorchSFTotal,BathroomsTotal,HouseAge,HouseRemodelAge,Total Bsmt SF,Railroad_Near,Railroad_Adjacent,NeighborhoodClass,Sale Condition_Alloca,Sale Condition_Normal,Sale Condition_Partial,Sale Type_COD,Sale Type_CWD,Sale Type_ConLD,Sale Type_ConLI,Sale Type_ConLw,Sale Type_New,Sale Type_Oth,Sale Type_VWD,Sale Type_WD,SalePrice
1,31770,1656,6,2,2,528.0,272,2.0,50,50,639.0,0,0,1,0,1,0,0,0,0,0,0,0,0,0,1,215000
2,11622,896,5,2,2,730.0,260,1.0,49,49,612.0,0,0,1,0,1,0,0,0,0,0,0,0,0,0,1,105000
3,14267,1329,6,2,3,312.0,429,1.5,52,52,923.0,0,0,1,0,1,0,0,0,0,0,0,0,0,0,1,172000
4,11160,2110,7,3,4,522.0,0,3.5,42,42,1065.0,0,0,1,0,1,0,0,0,0,0,0,0,0,0,1,244000
5,13830,1629,5,2,2,482.0,246,2.5,13,12,791.0,0,0,2,0,1,0,0,0,0,0,0,0,0,0,1,189900
6,9978,1604,6,2,3,470.0,396,2.5,12,12,602.0,0,0,2,0,1,0,0,0,0,0,0,0,0,0,1,195500
7,4920,1338,8,3,3,582.0,170,3.0,9,9,616.0,0,0,3,0,1,0,0,0,0,0,0,0,0,0,1,213500
8,5005,1280,8,3,3,506.0,226,2.0,18,18,263.0,0,0,3,0,1,0,0,0,0,0,0,0,0,0,1,191500
9,5389,1616,8,3,3,608.0,389,3.0,15,14,1180.0,0,0,3,0,1,0,0,0,0,0,0,0,0,0,1,236500
10,7500,1804,7,2,3,442.0,200,2.5,11,11,0.0,0,0,2,0,1,0,0,0,0,0,0,0,0,0,1,189000
11,10000,1655,6,2,2,440.0,241,2.5,17,16,0.0,0,0,2,0,1,0,0,0,0,0,0,0,0,0,1,175900
12,7980,1187,6,2,2,420.0,504,3.0,18,3,935.0,0,0,2,0,1,0,0,0,0,0,0,0,0,0,1,185000
13,8402,1465,6,2,2,393.0,75,2.5,12,12,0.0,0,0,2,0,1,0,0,0,0,0,0,0,0,0,1,180400
14,10176,1341,7,2,3,506.0,192,2.5,20,20,637.0,0,0,2,0,1,0,0,0,0,0,0,0,0,0,1,171500
15,6820,1502,8,3,3,528.0,194,2.5,25,25,1488.0,0,0,3,0,1,0,0,0,0,0,0,0,0,0,1,212000
16,53504,3279,8,4,4,841.0,749,4.5,7,7,1416.0,0,0,3,0,1,0,0,0,0,0,0,0,0,0,1,538000
17,12134,1752,8,3,2,492.0,337,2.0,22,5,427.0,0,0,2,0,1,0,0,0,0,0,0,0,0,0,1,164000
18,11394,1856,9,3,4,834.0,113,2.5,0,0,1445.0,0,0,3,0,0,1,0,0,0,0,0,1,0,0,0,394432
19,19138,864,4,2,2,400.0,0,1.0,59,59,120.0,0,0,2,0,1,0,0,0,0,0,0,0,0,0,1,141000
20,13175,2073,6,2,2,500.0,349,3.0,32,22,953.0,0,0,2,0,1,0,0,0,0,0,0,0,0,0,1,210000
21,11751,1844,6,2,2,546.0,122,2.0,33,33,705.0,0,0,2,0,1,0,1,0,0,0,0,0,0,0,0,190000
22,10625,1173,7,2,3,528.0,120,3.0,36,36,1053.0,0,0,2,0,0,0,0,0,0,0,0,0,0,0,1,170000
23,7500,1674,7,3,3,663.0,96,3.5,10,10,533.0,0,0,2,0,1,0,0,0,0,0,0,0,0,0,1,216000
24,11241,1004,6,2,2,480.0,0,2.0,40,40,578.0,0,0,1,0,1,0,0,0,0,0,0,0,0,0,1,149000
25,12537,1078,5,2,2,500.0,0,2.5,39,2,734.0,0,0,1,0,1,0,0,0,0,0,0,0,0,0,1,149900
26,8450,1056,5,2,2,304.0,269,2.0,42,42,775.0,0,0,1,0,1,0,0,0,0,0,0,0,0,0,1,142000
27,8400,882,4,2,2,525.0,240,2.0,40,40,882.0,0,0,1,0,1,0,0,0,0,0,0,0,0,0,1,126000
28,10500,864,4,2,2,0.0,0,1.0,39,39,432.0,0,0,1,0,1,0,0,0,0,1,0,0,0,0,0,115000
29,5858,1337,7,3,3,511.0,271,3.0,11,11,1051.0,0,0,1,0,1,0,0,0,0,0,0,0,0,0,1,184000
30,1680,987,6,2,2,264.0,275,1.5,39,39,156.0,0,0,1,0,1,0,1,0,0,0,0,0,0,0,0,96000
31,1680,1092,5,2,2,320.0,0,1.5,39,39,300.0,0,0,1,0,1,0,0,0,0,0,0,0,0,0,1,105500
32,1680,1092,6,2,2,264.0,0,1.5,39,39,0.0,0,0,1,0,0,0,0,0,0,0,0,0,0,0,1,88000
33,4043,1069,6,2,2,440.0,220,2.0,33,33,360.0,0,0,1,0,1,0,0,0,0,0,0,0,0,0,1,127500
34,2280,1456,6,2,3,440.0,173,2.5,35,35,514.0,0,0,1,0,1,0,0,0,0,0,0,0,0,0,1,149900
35,2280,836,7,2,2,308.0,30,1.0,35,35,0.0,0,0,1,0,1,0,0,0,0,0,0,0,0,0,1,120000
36,2280,1456,6,2,2,440.0,26,2.5,32,32,311.0,0,0,1,0,1,0,0,0,0,0,0,0,0,0,1,146000
37,12858,2334,9,4,4,751.0,277,2.5,1,0,0.0,0,0,3,0,0,1,0,0,0,0,0,1,0,0,0,376162
38,11478,1704,8,3,3,772.0,50,3.0,3,2,1218.0,0,0,3,0,1,0,0,0,0,0,0,0,0,0,1,306000
39,10159,1940,9,4,4,606.0,263,3.5,1,0,1646.0,0,0,3,0,0,1,0,0,0,0,0,1,0,0,0,395192
40,12883,1544,8,3,3,868.0,35,2.0,1,0,0.0,0,0,3,0,0,1,0,0,0,0,0,1,0,0,0,290941
41,12182,1541,7,3,3,532.0,70,2.0,5,5,1201.0,0,0,3,0,0,1,0,0,0,0,0,1,0,0,0,220000
42,11520,1698,9,3,4,730.0,266,2.0,5,5,110.0,0,0,3,0,1,0,0,0,0,0,0,0,0,0,1,275000
43,14122,1822,8,3,4,678.0,119,2.0,5,4,28.0,0,0,3,0,1,0,0,0,0,0,0,0,0,0,1,259000
44,10171,1535,7,3,3,532.0,0,2.0,6,6,2.0,0,0,3,0,1,0,0,0,0,0,0,0,0,0,1,214000
45,12919,2364,9,4,4,820.0,67,3.5,1,0,2188.0,0,0,3,0,0,1,0,0,0,0,0,1,0,0,0,611657
46,6371,1358,7,3,3,484.0,227,3.0,1,0,733.0,0,0,3,0,0,1,0,0,0,0,0,1,0,0,0,224000
47,14300,2696,9,4,4,958.0,370,3.5,7,6,1373.0,0,0,3,0,1,0,0,0,0,0,0,0,0,0,1,500000
48,13650,2250,8,3,3,756.0,368,3.5,8,8,578.0,0,0,3,0,1,0,0,0,0,0,0,0,0,0,1,320000
49,7658,1752,9,4,4,576.0,278,3.0,5,5,456.0,0,0,3,0,1,0,0,0,0,0,0,0,0,0,1,319900
50,7132,1370,8,3,3,484.0,169,2.0,4,4,24.0,0,0,3,0,1,0,0,0,0,0,0,0,0,0,1,205000
51,2628,1626,7,3,3,474.0,27,2.5,7,7,0.0,0,0,3,0,1,0,0,0,0,0,0,0,0,0,1,175500
52,18494,1324,6,3,3,430.0,59,2.0,5,5,0.0,0,0,2,0,1,0,0,0,0,0,0,0,0,0,1,199500
53,3203,1145,7,3,3,437.0,216,2.0,4,4,16.0,0,0,2,0,1,0,0,0,0,0,0,0,0,0,1,160000
54,3182,1269,8,3,3,430.0,310,2.0,6,5,24.0,0,0,2,0,1,0,0,0,0,0,0,0,0,0,1,192000
55,13300,1374,7,3,3,400.0,100,3.5,6,6,326.0,0,0,2,0,1,0,0,0,0,0,0,0,0,0,1,184500
56,7851,1960,6,3,3,440.0,336,3.5,8,8,625.0,0,0,2,0,1,0,0,0,0,0,0,0,0,0,1,216500
57,8577,1733,7,3,3,433.0,192,2.5,6,6,0.0,0,0,2,0,1,0,0,0,0,0,0,0,0,0,1,185088
58,7750,1430,7,2,2,400.0,180,2.5,10,10,250.0,0,0,2,0,1,0,0,0,0,0,0,0,0,0,1,180000
59,9505,2035,7,3,3,434.0,192,2.5,9,9,0.0,0,0,2,0,1,0,0,0,0,0,0,0,0,0,1,222500
60,14774,2599,9,3,3,779.0,698,2.5,11,11,0.0,0,0,3,0,1,0,0,0,0,0,0,0,0,0,1,333168
61,17433,2475,8,3,3,962.0,451,2.5,12,12,0.0,0,0,3,0,1,0,0,0,0,0,0,0,0,0,1,355000
62,10593,1720,7,3,3,527.0,450,3.0,14,14,919.0,0,0,3,0,1,0,0,0,0,0,0,0,0,0,1,260400
63,12256,2622,8,3,3,712.0,218,3.5,16,15,1032.0,0,0,3,0,1,0,0,0,0,0,0,0,0,0,1,325000
64,11764,2270,8,3,3,671.0,189,2.5,11,3,524.0,0,0,3,0,1,0,0,0,0,0,0,0,0,0,1,290000
65,16770,1839,7,3,2,486.0,81,2.5,12,12,0.0,0,0,3,0,1,0,0,0,0,0,0,0,0,0,1,221000
66,14720,3238,8,3,3,666.0,369,3.5,15,14,816.0,0,0,3,0,1,0,0,0,0,0,0,0,0,0,1,410000
67,8987,1595,8,3,3,880.0,144,2.0,5,4,0.0,0,0,2,0,1,0,0,0,0,0,0,0,0,0,1,221500
68,9215,1218,7,3,3,676.0,136,2.0,1,0,0.0,0,0,2,0,0,1,0,0,0,0,0,1,0,0,0,204500
69,8640,1547,7,2,3,614.0,214,2.5,1,1,24.0,0,0,2,0,1,0,0,0,0,0,0,0,0,0,0,215200
70,9000,1566,8,3,3,750.0,312,3.0,2,2,1078.0,0,0,2,0,1,0,0,0,0,0,0,0,0,0,1,262500
71,12552,1947,7,3,3,678.0,136,2.5,6,5,222.0,0,0,2,0,1,0,0,0,0,0,0,0,0,0,1,254900
72,10440,1468,6,3,3,528.0,318,3.0,5,5,1414.0,0,0,2,0,1,0,0,0,0,0,0,0,0,0,1,271500
73,10142,2084,7,3,3,618.0,45,3.5,6,6,656.0,0,0,2,0,1,0,0,0,0,0,0,0,0,0,1,233000
74,11920,1659,7,3,3,484.0,212,2.5,6,6,0.0,0,0,2,0,1,0,0,0,0,0,0,0,0,0,1,181000
75,8880,2110,7,3,3,463.0,130,3.5,16,8,695.0,0,0,2,0,1,0,0,0,0,0,0,0,0,0,1,205000
76,8012,923,6,2,2,264.0,80,2.0,30,30,662.0,0,0,2,0,1,0,0,0,0,0,0,0,0,0,1,143000
77,11218,1845,6,3,3,462.0,739,2.5,18,18,0.0,0,0,2,0,1,0,0,0,0,0,0,0,0,0,1,189000
78,7892,918,6,2,2,264.0,28,2.0,31,31,0.0,0,0,2,0,1,0,0,0,0,0,0,0,0,0,1,99500
79,7175,752,6,2,2,264.0,443,2.0,26,26,744.0,0,0,2,0,1,0,0,0,0,0,0,0,0,0,1,125000
80,9453,1744,7,3,3,457.0,678,2.5,17,7,402.0,1,0,2,0,1,0,0,0,0,0,0,0,0,0,1,194500
81,9672,1097,6,2,2,480.0,0,2.0,26,25,338.0,0,0,2,0,1,0,0,0,0,0,0,0,0,0,1,152000
82,8400,1564,6,2,2,476.0,254,2.5,30,29,0.0,0,0,2,0,1,0,0,0,0,0,0,0,0,0,1,171000
83,9800,1012,5,2,2,429.0,201,1.0,90,60,0.0,0,0,2,0,1,0,0,0,0,0,0,0,0,0,1,67500
84,8930,1902,6,2,2,539.0,0,2.0,32,32,0.0,0,1,1,0,1,0,0,0,0,0,0,0,0,0,1,112000
85,11782,1155,5,2,3,576.0,192,2.0,49,15,899.0,0,0,1,0,1,0,0,0,0,0,0,0,0,0,1,148000
86,8450,894,5,2,2,336.0,560,2.0,45,1,670.0,0,1,1,0,1,0,0,0,0,0,0,0,0,0,1,138500
87,9819,900,5,2,2,280.0,0,1.0,43,43,450.0,0,0,1,0,1,0,0,0,0,0,0,0,0,0,1,122000
88,7500,1040,5,2,2,308.0,220,2.5,47,47,824.0,0,0,1,0,1,0,0,0,0,0,0,0,0,0,1,133000
89,6897,1040,5,2,2,260.0,104,2.5,48,0,659.0,0,0,1,0,1,0,0,0,0,0,0,0,0,0,1,127000
90,15410,1494,6,2,2,461.0,482,3.0,36,8,985.0,1,0,1,0,0,0,0,0,0,0,0,0,0,0,1,169000
91,10186,1923,7,3,3,564.0,279,3.5,18,18,674.0,0,0,3,0,1,0,0,0,0,0,0,0,0,0,1,190000
92,13143,2349,8,3,3,762.0,162,3.5,17,17,1231.0,0,0,3,0,1,0,0,0,0,0,0,0,0,0,1,362500
93,11134,2225,8,3,3,713.0,228,3.5,18,17,1129.0,0,0,3,0,1,0,0,0,0,0,0,0,0,0,1,285000
94,4835,1488,7,3,3,506.0,218,3.0,6,5,1298.0,0,0,2,0,1,0,0,0,0,0,0,0,0,0,1,260000
95,3515,1680,7,3,3,588.0,111,2.5,6,6,0.0,0,0,2,0,1,0,0,0,0,0,0,0,0,0,1,190000
96,3215,1200,7,3,3,480.0,172,2.5,6,6,280.0,0,0,2,0,1,0,0,0,1,0,0,0,0,0,0,155000
97,3182,1200,7,3,3,480.0,172,2.5,6,5,0.0,0,0,2,0,1,0,0,0,0,0,0,0,0,0,1,151000
98,2544,1200,7,3,3,480.0,172,3.5,6,5,410.0,0,0,2,0,1,0,0,0,0,0,0,0,0,0,1,149500
99,2544,1236,6,3,3,480.0,166,3.5,5,5,376.0,0,0,2,0,1,0,0,0,0,0,0,0,0,0,1,152000
100,4403,1478,7,4,3,484.0,144,3.5,1,1,578.0,0,0,2,0,0,1,0,0,0,0,0,1,0,0,0,222000
101,2117,1573,6,3,3,440.0,32,2.5,10,10,378.0,0,0,2,0,1,0,0,0,0,0,0,0,0,0,1,177500
102,2980,1512,6,3,3,440.0,32,3.5,10,10,466.0,0,0,2,0,1,0,0,0,0,0,0,0,0,0,1,177000
103,2572,1416,7,3,3,484.0,44,3.5,11,11,604.0,0,0,2,0,1,0,0,0,0,0,0,0,0,0,1,155000
104,2403,1080,7,3,3,496.0,50,2.5,7,7,244.0,0,0,2,0,1,0,0,0,0,0,0,0,0,0,1,147110
105,12853,1418,8,3,3,852.0,576,2.5,0,0,1032.0,0,0,2,0,0,1,0,0,0,0,0,1,0,0,0,267916
106,7379,1848,8,3,3,592.0,464,3.5,10,10,484.0,0,0,2,0,1,0,0,0,0,0,0,0,0,0,1,254000
107,4420,788,8,3,3,484.0,175,2.0,30,30,728.0,0,0,2,0,1,0,0,0,0,0,0,0,0,0,1,155000
108,3880,1226,8,3,3,484.0,301,2.0,32,32,1052.0,0,0,2,0,1,0,0,0,0,0,0,0,0,0,1,206000
109,13517,1479,6,3,3,475.0,44,2.5,34,5,533.0,0,1,1,0,1,0,0,0,0,0,0,0,0,0,1,130500
110,8000,1492,7,3,3,596.0,414,3.0,8,8,833.0,0,0,2,0,1,0,0,0,0,0,0,0,0,0,1,230000
111,10456,1829,6,2,2,535.0,76,3.0,43,43,506.0,0,0,2,0,1,0,0,0,0,0,0,0,0,0,1,218500
112,10791,2495,6,2,3,660.0,256,3.5,17,17,1137.0,0,0,2,0,1,0,0,0,0,0,0,0,0,0,1,243500
113,10603,1610,6,2,3,480.0,236,3.0,33,9,1200.0,0,0,2,0,1,0,0,0,0,0,0,0,0,0,1,205000
114,18837,1891,6,2,2,678.0,69,3.5,32,32,733.0,0,0,2,0,1,0,0,0,0,0,0,0,0,0,1,212500
115,10421,1714,7,2,2,496.0,450,2.5,22,22,394.0,0,0,2,0,1,0,0,0,0,0,0,0,0,0,1,196500
116,9360,1381,6,2,3,676.0,0,2.5,38,4,982.0,0,0,2,0,1,0,0,0,0,0,0,0,0,0,1,197500
117,9600,1645,6,2,2,441.0,78,2.0,39,39,329.0,0,0,2,0,1,0,0,0,0,0,0,0,0,0,1,171000
118,9600,1232,5,2,2,490.0,224,2.5,44,44,698.0,0,0,1,0,1,0,0,0,0,0,0,0,0,0,1,142250
119,9790,1328,6,2,2,528.0,26,2.5,47,47,650.0,0,0,2,0,1,0,0,0,0,0,0,0,0,0,1,143000
120,9320,1225,4,2,2,0.0,352,2.5,51,51,569.0,0,0,1,0,1,0,0,0,0,0,0,0,0,0,1,128950
121,9900,1209,5,2,2,504.0,120,2.0,44,44,1059.0,0,0,1,0,1,0,0,0,1,0,0,0,0,0,0,159000
122,9680,1510,5,2,3,517.0,244,3.0,43,43,1010.0,0,0,1,0,1,0,0,0,0,0,0,0,0,0,1,178900
123,10600,1775,6,2,2,480.0,172,2.0,46,46,0.0,0,0,1,0,0,0,1,0,0,0,0,0,0,0,0,136300
124,14112,1152,5,2,2,484.0,227,2.0,46,46,1014.0,0,0,1,0,1,0,0,0,0,0,0,0,0,0,1,180500
125,8800,1054,6,2,3,480.0,120,2.0,47,47,763.0,0,0,1,0,0,0,0,0,0,0,0,0,0,0,1,137500
126,13260,1728,5,2,2,0.0,0,4.0,48,9,1500.0,0,0,1,0,0,0,0,0,0,0,0,0,1,0,0,84900
127,9717,1078,5,2,3,240.0,478,2.0,60,14,1078.0,0,0,1,0,1,0,0,0,0,0,0,0,0,0,1,142125
128,9724,2461,5,3,2,400.0,0,2.0,58,8,670.0,0,0,1,0,1,0,0,0,0,0,0,0,0,0,1,197600
129,17360,1556,6,2,2,470.0,150,2.0,61,60,300.0,0,0,1,0,1,0,0,0,0,0,0,0,0,0,1,172500
130,7207,858,5,2,2,0.0,117,2.0,52,2,696.0,0,0,1,0,1,0,0,0,0,0,0,0,0,0,1,116500
131,5350,1306,3,2,1,0.0,263,1.0,70,44,0.0,0,0,1,0,1,0,0,0,0,0,0,0,0,0,1,76500
132,9920,1063,5,2,2,280.0,164,2.0,56,56,644.0,0,0,1,0,1,0,0,0,0,0,0,0,0,0,1,128000
133,9600,1520,6,2,2,364.0,189,2.0,55,38,806.0,0,0,1,0,1,0,0,0,0,0,0,0,0,0,1,153000
134,7800,1268,5,2,2,244.0,98,1.0,56,56,540.0,0,0,1,0,1,0,0,0,0,0,0,0,0,0,1,132000
135,11380,1128,6,2,3,315.0,238,2.0,44,2,944.0,0,0,1,0,1,0,0,0,0,0,0,0,0,0,1,178000
136,11600,2274,5,2,2,480.0,0,2.0,50,50,443.0,0,0,1,0,1,0,0,0,0,0,0,0,0,0,1,154300
137,19900,2207,7,2,2,576.0,301,3.0,40,21,912.0,0,0,1,0,1,0,0,0,0,0,0,0,0,0,1,180000
138,16492,1888,6,3,3,578.0,0,2.5,44,8,960.0,0,0,1,0,1,0,0,0,0,0,0,0,0,0,1,190000
139,8267,1604,5,2,2,576.0,42,2.0,52,52,0.0,0,0,1,0,1,0,0,0,0,0,0,0,0,0,1,135000
140,8197,1480,7,3,3,620.0,325,3.0,7,1,1188.0,0,0,1,0,1,0,0,0,0,0,0,0,0,0,1,214000
141,8050,1143,5,2,2,308.0,0,2.0,51,51,1018.0,0,0,1,0,1,0,0,0,0,0,0,0,0,0,1,136000
142,10552,1700,5,2,3,447.0,38,2.0,51,51,1018.0,0,0,1,0,1,0,0,0,0,0,0,0,0,0,1,165500
143,8400,1314,5,2,2,294.0,250,2.0,53,53,922.0,0,0,1,0,1,0,0,0,0,0,0,0,0,0,1,145000
144,8760,1194,6,2,2,312.0,120,2.0,51,51,0.0,0,0,1,0,1,0,0,0,0,0,0,0,0,0,1,148000
145,12160,1188,5,2,2,531.0,0,2.0,51,51,1000.0,0,0,1,0,0,0,1,0,0,0,0,0,0,0,0,142000
146,9300,1264,5,2,2,461.0,143,2.0,50,50,697.0,0,0,1,0,1,0,0,0,0,0,0,0,0,0,1,167500
147,10725,1206,5,2,2,312.0,21,1.0,51,51,936.0,0,0,1,0,1,0,0,0,0,0,0,0,0,0,1,108538
148,10032,1580,6,2,2,440.0,188,2.5,51,51,734.0,0,0,1,0,1,0,0,0,0,0,0,0,0,0,1,159500
149,8382,1337,4,2,2,263.0,0,1.0,54,54,0.0,0,0,1,0,1,0,0,0,0,0,0,0,0,0,1,108000
150,10950,1064,5,2,1,318.0,0,1.5,58,58,339.0,0,0,1,0,1,0,0,0,0,0,0,0,0,0,1,135000
151,10895,972,5,2,2,305.0,205,1.0,55,55,648.0,0,0,1,0,1,0,0,0,0,0,0,0,0,0,1,122500
152,13587,988,5,2,2,264.0,0,2.0,52,52,532.0,0,0,1,0,0,0,0,0,0,0,0,0,0,0,1,119000
153,7922,1057,5,2,3,246.0,52,2.0,57,3,731.0,0,0,1,0,0,0,0,0,0,0,0,0,0,0,1,109000
154,7898,985,4,2,2,676.0,0,1.5,90,16,0.0,0,0,1,0,1,0,0,0,0,0,0,0,0,0,1,105000
155,7200,827,5,2,2,392.0,0,1.0,55,3,0.0,0,0,1,0,1,0,0,0,0,0,0,0,0,0,1,107500
156,10200,1086,5,2,2,490.0,0,2.0,56,7,682.0,0,0,1,0,1,0,0,0,0,0,0,0,0,0,1,144900
157,5868,936,5,2,2,308.0,240,2.0,54,10,488.0,0,0,1,0,1,0,0,0,0,0,0,0,0,0,1,129000
158,17503,1458,6,2,2,330.0,192,1.5,62,60,0.0,0,0,1,0,0,0,0,0,0,0,0,0,0,0,1,97500
159,6979,1056,6,2,2,576.0,320,2.0,30,30,1056.0,0,0,1,0,1,0,0,0,0,0,0,0,0,0,1,144000
160,9830,1287,5,2,3,576.0,563,2.0,51,4,330.0,0,0,1,0,1,0,0,0,0,0,0,0,0,0,1,162000
161,11275,2978,7,3,3,564.0,240,2.5,43,3,0.0,0,0,1,0,1,0,0,0,0,0,0,0,0,0,1,242000
162,8064,1224,6,2,2,280.0,414,2.0,62,6,655.0,0,0,1,0,1,0,0,0,0,0,0,0,0,0,1,132000
163,7500,1246,5,2,3,305.0,218,2.5,51,16,1246.0,0,0,1,0,1,0,0,0,0,0,0,0,0,0,1,154000
164,8520,1385,5,2,2,720.0,0,2.0,58,58,507.0,0,0,1,0,1,0,0,0,0,0,0,0,0,0,1,166000
165,7200,900,5,2,3,576.0,254,1.5,59,10,720.0,0,0,1,0,1,0,0,0,0,0,0,0,0,0,1,134800
166,10000,1116,6,2,2,440.0,385,1.5,48,48,0.0,0,0,1,0,1,0,0,0,0,0,0,0,0,0,1,160000
167,7635,1175,5,2,2,484.0,0,1.5,50,50,938.0,0,0,1,0,1,0,0,0,0,0,0,0,0,0,1,148000
168,9760,1395,6,2,2,440.0,1010,2.0,47,26,980.0,0,0,1,0,1,0,0,0,0,0,0,0,0,0,1,192000
169,7700,1839,6,2,2,442.0,340,1.5,44,44,0.0,0,0,1,0,1,0,0,0,0,0,0,0,0,0,1,155000
170,4800,1844,4,2,2,240.0,84,2.0,110,56,48.0,0,0,1,0,0,0,1,0,0,0,0,0,0,0,0,80400
171,8800,1140,4,2,2,0.0,160,1.0,100,6,0.0,0,0,1,0,1,0,0,0,0,0,0,0,0,0,1,96500
172,4485,936,5,2,2,0.0,186,2.0,90,60,579.0,0,0,1,0,1,0,0,0,0,0,0,0,0,0,1,109500
173,8960,1028,5,2,2,360.0,130,1.0,83,60,0.0,0,0,1,0,1,0,0,0,0,0,0,0,0,0,1,115000
174,5805,1347,5,2,3,551.0,0,2.5,53,53,1347.0,0,0,1,0,1,0,0,0,0,0,0,0,0,0,1,143000
175,5790,1605,3,3,2,379.0,202,2.0,95,60,0.0,0,0,1,0,1,0,0,0,0,0,0,0,0,0,1,107400
176,4608,747,4,2,2,220.0,0,1.0,65,60,0.0,0,0,1,0,1,0,0,0,0,0,0,0,0,0,1,80000
177,7200,804,5,2,3,240.0,154,2.0,70,18,510.0,0,0,1,0,0,0,0,0,0,0,0,0,0,0,1,119000
178,5500,1316,5,2,2,484.0,0,2.0,81,9,926.0,0,0,1,0,1,0,0,0,0,0,0,0,0,0,1,130000
179,6900,1251,6,2,1,240.0,0,1.0,72,10,0.0,0,0,1,0,1,0,0,0,0,0,0,0,0,0,1,119000
180,11851,1633,5,2,3,240.0,226,1.0,62,1,780.0,0,0,1,0,1,0,0,0,0,0,0,0,0,0,1,129000
181,8239,1245,5,2,2,315.0,334,1.0,90,48,176.0,0,0,1,0,1,0,0,0,0,0,0,0,0,0,1,100000
182,9656,832,2,2,2,780.0,0,1.0,87,40,0.0,0,0,1,0,0,0,0,0,0,0,0,0,0,0,1,12789
183,8520,720,6,2,2,484.0,106,1.0,82,7,0.0,0,0,1,0,1,0,0,0,0,0,0,0,0,0,1,105900
184,9600,1566,8,3,3,288.0,528,2.0,110,7,0.0,0,0,1,0,0,0,0,0,0,0,0,0,0,0,1,150000
185,10800,1652,5,2,2,416.0,196,3.0,95,60,686.0,0,0,1,0,1,0,0,0,0,0,0,0,0,0,1,139000
186,9000,2268,8,3,3,624.0,108,3.0,120,8,0.0,0,0,1,0,1,0,0,0,0,0,0,0,0,0,1,240000
187,9045,2256,5,2,1,0.0,36,2.0,100,60,0.0,0,0,1,0,0,0,0,0,0,0,0,0,0,0,1,76500
188,7407,1236,6,2,2,923.0,316,2.0,53,14,600.0,0,0,1,0,1,0,0,0,0,0,0,0,0,0,1,149700
189,7740,1363,4,2,2,528.0,168,1.0,100,60,0.0,0,0,1,0,1,0,0,0,0,0,0,0,0,0,1,125500
190,11340,2290,4,2,2,560.0,114,2.0,125,60,0.0,0,0,1,0,1,0,0,0,0,0,0,0,0,0,1,122500
191,10560,1470,6,2,2,624.0,0,1.5,88,16,283.0,0,0,1,0,1,0,0,0,0,0,0,0,0,0,1,140750
192,5830,1612,5,2,2,363.0,0,1.5,60,13,788.0,0,0,1,0,1,0,0,0,0,0,0,0,0,0,1,128500
193,7793,2068,7,2,3,315.0,60,1.5,88,5,474.0,0,0,1,0,1,0,0,0,0,0,0,0,0,0,1,209500
194,5000,765,4,2,3,200.0,176,2.0,85,60,188.0,0,0,1,0,1,0,0,0,0,0,0,0,0,0,1,87000
195,6000,1132,6,2,2,240.0,128,2.0,71,60,464.0,0,0,1,0,0,0,0,0,0,0,0,0,0,0,1,134000
196,6000,1196,6,2,2,576.0,0,2.0,70,60,264.0,0,0,1,0,1,0,0,0,0,0,0,0,0,0,1,128000
197,6360,1453,5,2,3,240.0,183,1.5,68,60,519.0,0,0,1,0,1,0,0,0,0,0,0,0,0,0,1,132000
198,6000,1416,6,2,2,312.0,269,1.5,62,60,300.0,0,0,1,0,1,0,0,0,0,0,0,0,0,0,1,139900
199,6240,1040,5,2,2,624.0,338,1.0,74,30,276.0,0,0,1,0,1,0,0,0,0,0,0,0,0,0,1,123900
200,6240,1536,5,2,2,480.0,10,2.0,80,60,448.0,0,0,1,0,1,0,0,0,0,0,0,0,0,0,1,138400
201,6120,1068,6,2,2,288.0,128,2.0,87,60,960.0,0,0,1,0,1,0,0,0,0,0,0,0,0,0,1,109500
202,10300,1710,7,2,2,480.0,87,2.0,89,60,0.0,0,1,1,0,1,0,0,0,0,0,0,0,0,0,1,140000
203,8094,1962,4,2,2,572.0,524,1.5,95,60,0.0,0,0,1,0,1,0,0,0,0,0,0,0,0,0,1,149500
204,12900,1560,6,3,3,0.0,512,1.5,98,1,0.0,0,0,1,0,1,0,0,0,0,0,0,0,0,0,1,159900
205,3068,1324,6,2,2,180.0,112,1.5,90,17,0.0,0,0,1,0,1,0,0,0,0,0,0,0,0,0,1,122000
206,8472,816,5,1,2,516.0,106,2.0,47,47,816.0,1,0,1,0,1,0,0,0,0,0,0,0,0,0,1,110000
207,5600,1092,4,1,1,0.0,0,2.0,80,60,0.0,0,0,1,0,1,0,0,0,0,0,0,0,0,0,1,55000
208,7630,1812,5,2,3,672.0,384,2.0,110,14,0.0,0,0,1,0,1,0,0,0,0,0,0,0,0,0,1,140000
209,24090,2403,7,2,2,349.0,374,2.0,70,60,0.0,0,0,2,0,1,0,1,0,0,0,0,0,0,0,0,244400
210,15263,1675,5,2,2,365.0,132,2.0,51,51,766.0,0,0,2,0,1,0,0,0,0,0,0,0,0,0,1,173000
211,10632,1224,5,2,0,180.0,248,1.5,93,60,0.0,0,0,2,0,1,0,1,0,0,0,0,0,0,0,0,107500
212,9900,1392,5,1,2,0.0,168,2.0,95,60,1026.0,0,0,1,0,1,0,0,0,1,0,0,0,0,0,0,100000
213,6001,919,6,2,2,231.0,45,1.0,70,60,368.0,0,0,1,0,1,0,0,0,0,0,0,0,0,0,1,95000
214,6449,1884,4,2,2,0.0,239,1.5,103,60,73.0,0,0,1,0,0,0,0,0,0,0,0,0,0,0,1,93369
215,6048,1680,5,2,2,450.0,200,3.0,100,60,736.0,0,0,1,0,1,0,1,0,0,0,0,0,0,0,0,114900
216,6342,1020,5,2,2,0.0,176,1.0,135,14,0.0,0,0,1,0,1,0,0,0,0,0,0,0,0,0,1,94000
217,10773,1832,4,1,2,0.0,58,4.0,43,43,704.0,0,0,1,0,1,0,0,0,0,0,0,0,0,0,1,136000
218,10778,1768,4,2,2,0.0,0,2.0,42,42,0.0,0,0,1,0,1,0,0,0,0,0,0,0,0,0,1,136500
219,11625,1039,5,2,2,504.0,0,2.5,45,45,841.0,0,0,1,0,1,0,0,0,0,0,0,0,0,0,1,131500
220,11341,1392,5,2,2,528.0,95,2.5,53,14,1302.0,0,0,1,0,1,0,0,0,0,0,0,0,0,0,1,121500
221,8521,912,5,2,2,336.0,0,1.0,43,43,842.0,0,0,1,0,1,0,0,0,0,0,0,0,0,0,1,125000
222,8246,1060,5,2,3,270.0,496,2.0,42,9,856.0,0,0,1,0,1,0,0,0,0,0,0,0,0,0,1,154000
223,7800,892,5,2,3,416.0,0,2.0,44,2,714.0,0,0,1,0,1,0,0,0,0,0,0,0,0,0,1,137900
224,9364,1352,6,2,2,299.0,415,1.5,41,41,371.0,0,0,1,0,1,0,0,0,0,0,0,0,0,0,1,158000
225,7832,864,5,2,2,280.0,226,2.0,42,42,775.0,0,0,1,0,1,0,0,0,0,0,0,0,0,0,1,137250
226,7424,1373,5,2,2,591.0,0,2.0,32,32,1319.0,0,0,1,0,1,0,0,0,0,0,0,0,0,0,1,160250
227,11227,1440,5,2,2,480.0,230,1.5,42,42,720.0,0,0,1,0,1,0,0,0,0,0,0,0,0,0,1,163000
228,11616,1386,6,2,2,440.0,335,2.5,32,32,438.0,0,0,1,0,0,0,0,0,0,0,0,0,0,0,1,158900
229,14000,2260,7,3,3,533.0,340,3.5,14,13,1201.0,0,0,2,0,1,0,0,0,0,0,0,0,0,0,1,328000
230,20062,1483,7,3,2,690.0,496,2.5,33,9,1092.0,0,0,2,0,1,0,0,0,0,0,0,0,0,0,1,270000
231,9259,756,4,2,2,440.0,80,1.0,83,60,0.0,0,0,1,0,1,0,0,0,0,0,0,0,0,0,1,85000
232,9600,1067,4,2,3,436.0,290,2.0,60,15,442.0,0,0,1,0,1,0,0,0,0,0,0,0,0,0,1,128000
233,23595,1524,7,3,3,586.0,268,2.5,31,31,1258.0,0,0,2,0,1,0,0,0,0,0,0,0,0,0,1,260000
234,17082,1981,6,2,3,522.0,440,3.5,32,18,964.0,0,0,2,0,1,0,0,0,0,0,0,0,0,0,1,230000
235,18600,1610,3,2,1,480.0,60,2.5,72,20,972.0,0,0,1,0,1,0,0,0,0,0,0,0,0,0,1,124000
236,10625,835,5,2,2,366.0,77,1.0,90,60,108.0,0,0,1,0,0,0,1,0,0,0,0,0,0,0,0,83000
237,11479,1074,6,2,3,467.0,104,2.0,60,23,491.0,0,0,1,0,1,0,0,0,0,0,0,0,0,0,1,144500
238,9571,1144,5,2,2,596.0,44,2.0,54,54,739.0,0,0,1,0,1,0,0,0,0,0,0,0,0,0,1,129000
239,9350,1531,4,2,2,209.0,0,1.0,63,31,192.0,0,0,1,0,1,0,0,0,0,0,0,0,0,0,1,127000
240,9525,1172,5,2,2,366.0,240,2.0,56,12,954.0,0,0,1,0,1,0,0,0,0,0,0,0,0,0,1,128000
241,10420,1212,6,2,3,460.0,122,2.0,1,1,36.0,0,0,1,0,1,0,0,0,0,0,0,0,0,0,1,186000
242,17485,1508,7,3,3,572.0,0,2.0,1,0,1346.0,0,0,1,0,0,1,0,0,0,0,0,0,0,0,0,308030
243,11200,1298,5,2,2,504.0,144,2.0,46,46,0.0,0,0,1,0,1,0,1,0,0,0,0,0,0,0,0,114000
244,11100,930,4,2,3,308.0,0,1.0,64,4,0.0,0,0,1,0,0,0,0,0,0,0,0,0,0,0,1,84900
245,9206,1732,6,3,3,476.0,238,2.5,25,25,0.0,0,0,2,0,1,0,0,0,0,0,0,0,0,0,1,178000
246,11980,1433,7,3,3,528.0,544,2.5,23,23,1433.0,0,0,2,0,1,0,0,0,0,0,0,0,0,0,1,270000
247,12361,1802,6,3,3,1017.0,542,3.0,17,17,860.0,0,0,2,0,1,0,0,0,0,0,0,0,0,0,1,218000
248,9938,1949,7,3,3,574.0,246,3.5,17,16,750.0,0,0,2,0,1,0,0,0,0,0,0,0,0,0,1,236000
249,9069,996,6,2,3,564.0,120,2.0,18,18,747.0,0,0,2,0,1,0,0,0,0,0,0,0,0,0,1,147000
250,10475,1694,8,3,3,776.0,193,2.0,2,2,0.0,0,0,2,0,1,0,0,0,0,0,0,0,0,0,1,245350
251,6762,1208,7,3,3,632.0,166,3.0,4,4,686.0,0,0,2,0,1,0,0,0,0,0,0,0,0,0,1,206000
252,10402,1226,7,2,3,740.0,36,2.0,1,1,0.0,0,0,2,0,1,0,0,0,0,0,0,0,0,0,1,198900
253,7360,1222,7,3,3,615.0,54,2.0,0,0,24.0,0,0,2,0,1,0,0,0,0,0,0,0,0,0,1,187000
254,12376,3222,7,2,3,594.0,367,4.0,20,20,1470.0,0,0,2,0,1,0,0,0,0,0,0,0,0,0,1,320000
255,14235,1445,6,2,2,484.0,59,2.0,110,17,0.0,0,0,2,0,1,0,0,0,0,0,0,0,0,0,1,138500
256,8816,1052,6,2,2,440.0,0,2.0,39,39,504.0,0,0,2,0,1,0,0,0,0,0,0,0,0,0,1,155000
257,11105,965,5,2,2,580.0,71,2.0,14,14,870.0,0,0,2,0,1,0,0,0,0,0,0,0,0,0,1,159000
258,9337,1692,7,2,2,513.0,39,2.5,13,12,353.0,0,0,2,0,1,0,0,0,0,0,0,0,0,0,1,191000
259,8750,1682,6,2,3,523.0,77,2.5,12,12,505.0,0,0,2,0,1,0,0,0,0,0,0,0,0,0,1,200500
260,15240,1026,5,3,2,308.0,401,2.5,33,6,886.0,0,0,2,0,1,0,0,0,0,0,0,0,0,0,1,150000
261,10900,1392,6,2,2,299.0,36,1.5,33,33,378.0,0,0,2,0,1,0,0,0,0,0,0,0,0,0,1,161750
262,10650,894,5,2,2,308.0,365,2.0,34,34,894.0,0,0,2,0,1,0,0,0,0,0,0,0,0,0,1,128200
263,7480,876,5,2,2,484.0,0,2.0,38,38,480.0,0,0,2,0,1,0,0,0,0,0,0,0,0,0,1,127000
264,10389,1978,8,3,3,850.0,213,3.5,7,7,1682.0,0,0,2,0,1,0,0,0,0,0,0,0,0,0,1,318000
265,11423,1601,8,3,3,670.0,180,3.0,9,8,1358.0,0,0,2,0,1,0,0,0,0,0,0,0,0,0,1,272000
266,9548,1829,7,3,3,613.0,231,3.5,7,7,483.0,0,0,2,0,1,0,0,0,0,0,0,0,0,0,1,237000
267,9375,2098,7,3,3,621.0,369,2.5,13,13,0.0,0,0,2,0,1,0,0,0,0,0,0,0,0,0,1,240000
268,12137,1661,7,2,3,598.0,34,2.0,12,12,0.0,0,0,2,0,1,0,0,0,0,0,0,0,0,0,1,224900
269,4435,848,6,3,3,420.0,140,2.0,7,7,672.0,0,0,2,0,1,0,0,0,0,0,0,0,0,0,1,143750
270,4426,848,6,3,3,420.0,160,2.0,6,6,662.0,0,0,2,0,1,0,0,0,0,0,0,0,0,0,1,143000
271,10635,1668,8,3,3,502.0,262,3.0,7,7,1342.0,0,0,2,0,1,0,0,0,0,0,0,0,0,0,1,232000
272,8400,1484,7,3,3,606.0,179,3.0,6,5,712.0,0,0,2,0,1,0,0,0,0,0,0,0,0,0,1,213000
273,8773,1414,7,3,3,494.0,237,2.0,6,6,24.0,0,0,2,0,1,0,0,0,0,0,0,0,0,0,1,185500
274,8777,640,3,2,2,240.0,0,1.0,65,3,0.0,0,0,1,0,1,0,0,0,1,0,0,0,0,0,0,84900
275,8842,992,5,2,2,319.0,116,1.0,56,56,0.0,0,0,1,0,0,0,0,0,0,0,0,0,1,0,0,155891
276,9825,1664,5,2,2,0.0,0,2.0,45,45,0.0,0,0,1,0,1,0,0,0,0,0,0,0,0,0,1,100000
277,10044,1196,5,2,2,336.0,425,2.0,42,42,1070.0,0,0,1,0,1,0,0,0,0,0,0,0,0,0,1,144000
278,11792,1120,4,2,1,480.0,160,1.0,62,60,0.0,0,0,1,0,0,0,0,0,0,0,0,0,0,0,1,64000
279,6305,1096,6,2,2,352.0,0,2.0,35,35,528.0,0,0,1,0,1,0,0,0,0,0,0,0,0,0,1,125200
280,7819,1117,6,2,2,672.0,144,2.0,34,34,549.0,0,0,1,0,0,0,0,0,0,0,0,0,0,0,1,107000
281,6410,960,4,2,2,0.0,0,1.0,52,52,0.0,0,0,1,0,1,0,0,0,0,0,0,0,0,0,1,90000
282,8546,1121,4,2,2,440.0,196,2.0,7,6,0.0,0,0,1,0,1,0,0,0,0,0,0,0,0,0,1,140000
283,8741,1487,6,2,2,220.0,140,1.5,65,60,94.0,0,0,1,0,1,0,0,0,0,0,0,0,0,0,1,113000
284,12180,924,4,2,1,280.0,0,2.0,69,60,348.0,0,0,1,0,1,0,0,0,0,0,0,0,0,0,1,80000
285,8562,1526,5,2,2,364.0,194,1.0,53,8,383.0,0,0,1,0,1,0,0,0,0,0,0,0,0,0,1,144500
286,4853,1296,5,2,1,260.0,36,2.0,86,11,133.0,0,0,1,0,1,0,0,0,0,0,0,0,0,0,1,104000
287,6858,1647,6,2,1,216.0,202,2.5,95,60,0.0,0,0,1,0,1,0,0,0,0,0,0,0,0,0,1,128000
288,8212,864,3,2,2,200.0,96,2.0,96,60,203.0,0,0,1,0,1,0,0,0,0,0,0,0,0,0,1,58500
289,5000,1691,5,2,3,308.0,242,2.0,86,60,218.0,0,0,1,0,1,0,0,0,0,0,0,0,0,0,1,127000
290,7890,856,6,2,2,399.0,166,2.0,71,60,238.0,0,0,1,0,1,0,0,0,0,0,0,0,0,0,1,126000
291,7200,2650,4,2,2,0.0,0,3.0,43,43,0.0,0,0,1,0,1,0,0,0,0,0,0,0,0,0,1,160000
292,9839,1666,5,2,2,0.0,156,2.0,79,60,0.0,0,0,1,0,1,0,0,0,0,0,0,0,0,0,1,100000
293,9638,2447,6,2,3,336.0,430,2.0,91,20,0.0,0,0,1,0,1,0,0,0,0,0,0,0,0,0,1,169000
294,10452,2133,7,3,2,312.0,86,2.5,69,25,678.0,0,0,2,0,1,0,0,0,0,0,0,0,0,0,1,257500
295,15600,2177,5,2,2,484.0,0,2.5,60,19,375.0,0,0,2,0,1,0,0,0,0,0,0,0,0,0,1,215000
296,9042,2340,7,4,3,252.0,60,2.0,69,4,275.0,0,0,2,0,1,0,0,0,0,0,0,0,0,0,1,266500
297,17500,1902,7,3,4,567.0,369,3.0,51,8,1406.0,0,0,2,0,1,0,0,0,0,0,0,0,0,0,1,335000
298,19645,1652,7,2,3,473.0,0,3.5,16,3,343.0,0,0,2,0,1,0,0,0,0,0,0,0,0,0,1,203135
299,3907,1034,8,3,3,598.0,177,2.0,21,21,747.0,0,0,1,0,1,0,0,0,0,0,0,0,0,0,1,185000
300,3907,1191,8,3,3,531.0,193,2.0,21,21,76.0,0,0,1,0,1,0,0,0,0,0,0,0,0,0,1,162500
301,15602,1801,7,2,2,484.0,215,3.0,51,13,1247.0,0,0,2,0,1,0,0,0,0,0,0,0,0,0,1,289000
302,5436,1154,4,2,3,240.0,96,2.0,88,3,735.0,0,0,1,0,1,0,0,0,0,0,0,0,0,0,1,125500
303,8154,540,2,2,2,200.0,0,1.0,69,60,480.0,0,0,1,0,1,0,0,0,0,0,1,0,0,0,0,82000
304,9140,1107,6,2,2,625.0,256,1.0,89,35,308.0,0,0,1,0,1,0,1,0,0,0,0,0,0,0,0,110000
305,7500,1128,4,2,2,528.0,194,1.0,90,60,0.0,0,0,1,0,0,0,1,0,0,0,0,0,0,0,0,68400
306,8712,1178,4,2,2,384.0,166,1.0,110,60,0.0,0,0,1,0,0,0,0,0,0,0,0,0,0,0,1,102776
307,8712,1044,5,1,1,504.0,0,1.0,58,58,0.0,0,0,1,1,0,0,0,0,0,0,0,0,0,0,1,55993
308,8712,952,4,1,2,330.0,265,1.0,114,60,0.0,0,0,1,1,0,0,0,0,0,0,0,0,0,0,1,50138
309,3811,1646,8,3,3,525.0,336,3.5,6,5,1373.0,0,0,2,0,1,0,0,0,0,0,0,0,0,0,1,246000
310,11050,1916,8,3,3,741.0,70,3.5,12,11,615.0,0,0,2,0,1,0,0,0,0,0,0,0,0,0,1,254900
311,9620,1285,6,2,3,473.0,401,2.5,33,33,679.0,0,0,2,0,1,0,0,0,0,0,0,0,0,0,1,190000
312,9196,1560,7,3,3,573.0,250,2.0,7,7,0.0,0,0,2,0,1,0,0,0,0,0,0,0,0,0,1,201000
313,12328,1034,6,2,2,888.0,0,2.0,34,34,539.0,0,0,2,0,1,0,0,0,0,0,0,0,0,0,1,169900
314,12760,2048,6,2,2,776.0,0,3.0,34,34,0.0,0,0,2,0,1,0,0,0,1,0,0,0,0,0,0,170000
315,57200,1687,5,2,2,572.0,50,2.0,62,60,687.0,0,0,2,0,1,0,0,0,0,0,0,0,0,0,1,160000
316,11896,1346,7,3,3,660.0,148,3.0,2,2,78.0,0,0,2,0,1,0,0,0,0,0,0,0,0,0,1,220000
317,9803,1214,7,3,3,520.0,25,2.0,1,0,0.0,0,0,2,0,0,1,0,0,0,0,0,1,0,0,0,179781
318,9802,1444,5,2,2,400.0,100,2.5,4,3,0.0,0,0,2,0,1,0,0,0,0,0,0,0,0,0,1,174000
319,12003,1968,8,3,4,680.0,75,2.5,1,0,0.0,0,0,2,0,0,1,0,0,0,0,0,1,0,0,0,269500
320,11316,1894,7,3,3,510.0,40,3.5,8,7,624.0,0,0,2,0,1,0,0,0,0,0,0,0,0,0,1,214900
321,14191,1908,8,3,3,431.0,135,2.5,8,8,0.0,0,0,2,0,1,0,0,0,0,0,0,0,0,0,1,202900
322,13214,2018,9,4,4,746.0,220,2.0,2,1,0.0,0,0,2,0,1,0,0,0,0,0,0,0,0,0,1,378500
323,15300,1264,5,2,2,528.0,0,2.0,45,33,42.0,0,0,2,0,1,0,0,0,0,0,0,0,0,0,1,169000
324,10114,1430,5,2,3,624.0,0,2.0,6,5,0.0,0,0,2,0,1,0,0,0,0,0,0,0,0,0,1,173500
325,9400,1824,6,2,2,0.0,128,3.0,39,39,0.0,0,0,2,0,1,0,0,0,0,0,0,0,0,0,1,139000
326,11875,1344,5,2,2,686.0,328,2.0,11,11,0.0,0,0,2,0,1,0,0,0,0,0,0,0,0,0,1,166500
327,1974,1092,4,2,2,286.0,216,1.5,37,37,334.0,0,0,1,0,1,0,0,0,0,0,0,0,0,0,1,83500
328,2394,945,5,2,2,253.0,338,2.5,37,37,915.0,0,0,1,0,1,0,0,0,0,0,0,0,0,0,1,119500
329,2592,1112,5,2,2,336.0,182,1.5,34,34,361.0,0,0,1,0,1,0,0,0,0,0,0,0,0,0,1,85000
330,1476,1092,4,2,2,0.0,226,1.5,40,40,176.0,0,0,1,0,1,0,0,0,0,0,0,0,0,0,1,76000
331,1491,630,4,2,2,0.0,120,2.0,38,38,630.0,0,0,1,0,1,0,0,0,0,0,0,0,0,0,1,75500
332,1900,1092,4,2,2,0.0,0,1.5,40,40,0.0,0,0,1,0,1,0,0,0,0,0,0,0,0,0,1,88250
333,1890,1092,4,2,2,286.0,64,1.5,38,38,294.0,0,0,1,0,1,0,0,0,0,0,0,0,0,0,1,85500
334,6953,874,5,2,2,352.0,0,1.0,39,6,469.0,0,0,2,0,1,0,0,0,1,0,0,0,0,0,0,130000
335,26142,1188,5,2,2,312.0,300,1.0,48,48,593.0,0,0,2,0,1,0,0,0,0,0,0,0,0,0,1,157900
336,12887,833,5,2,3,495.0,431,2.0,26,26,797.0,0,0,2,0,1,0,0,0,0,0,0,0,0,0,1,149900
337,7700,2432,5,2,2,616.0,200,5.0,25,24,0.0,0,0,2,0,1,0,0,0,0,0,0,0,0,0,1,159000
338,10475,1274,5,2,2,576.0,22,1.5,19,19,458.0,0,0,2,0,1,0,0,0,0,0,0,0,0,0,1,136000
339,10544,1479,5,2,2,275.0,567,2.0,41,41,476.0,0,0,2,0,1,0,0,0,0,0,0,0,0,0,1,161000
340,9892,1803,8,3,3,482.0,415,4.0,16,15,1625.0,0,0,2,0,1,0,0,0,0,0,0,0,0,0,1,285000
341,12961,1797,6,3,3,616.0,474,3.5,17,16,944.0,0,0,2,0,1,0,0,0,0,0,0,0,0,0,1,231000
342,13008,882,6,2,2,502.0,0,1.0,53,53,564.0,0,0,1,0,1,0,0,0,0,0,0,0,0,0,1,124500
343,10200,1434,6,2,2,528.0,101,3.0,35,35,844.0,0,0,1,0,1,0,0,0,0,0,0,0,0,0,1,157000
344,13860,2704,8,3,4,538.0,380,3.5,37,14,1410.0,0,0,1,0,1,0,0,0,0,0,0,0,0,0,1,345000
345,10179,1608,6,2,2,470.0,282,2.5,12,12,847.0,0,0,2,0,1,0,0,0,0,0,0,0,0,0,1,189500
346,11792,2283,8,3,3,632.0,166,2.5,6,6,850.0,0,0,2,0,1,0,0,0,0,0,0,0,0,0,1,270000
347,8400,1628,7,2,2,390.0,120,2.5,13,12,284.0,0,0,2,0,1,0,0,0,0,0,0,0,0,0,1,189000
348,14892,1746,9,4,4,758.0,240,3.0,3,2,1320.0,0,0,2,0,1,0,0,0,0,0,0,0,0,0,1,377500
349,8530,1474,7,2,2,400.0,192,2.5,14,13,0.0,0,0,2,0,1,0,0,0,0,0,0,0,0,0,1,168500
350,7296,2522,8,3,3,564.0,239,3.0,5,4,1965.0,0,0,3,0,1,0,0,0,0,0,0,0,0,0,1,375000
351,5664,1659,8,3,4,499.0,271,3.0,9,9,1158.0,0,0,3,0,1,0,0,0,0,0,0,0,0,0,1,278000
352,7380,1478,8,2,2,495.0,211,3.0,11,11,341.0,0,0,3,0,1,0,0,0,0,0,0,0,0,0,1,240000
353,8013,1734,8,3,3,528.0,102,3.0,14,13,741.0,0,0,3,0,1,0,0,0,0,0,0,0,0,0,1,239500
354,8923,1382,7,3,2,396.0,256,2.5,11,11,189.0,0,0,2,0,1,0,0,0,0,0,0,0,0,0,1,177500
355,10141,1718,7,2,2,427.0,385,2.5,11,11,0.0,0,0,2,0,1,0,0,0,0,0,0,0,0,0,1,185000
356,7500,1636,6,3,2,440.0,84,3.5,11,10,476.0,0,0,2,0,1,0,0,0,0,0,0,0,0,0,1,191000
357,7837,1571,6,3,2,380.0,40,2.5,16,15,0.0,0,0,2,0,1,0,0,0,0,0,0,0,0,0,1,178000
358,9765,1470,6,4,2,420.0,295,2.5,16,16,310.0,0,0,2,0,1,0,0,0,0,0,0,0,0,0,1,185000
359,8803,1516,6,2,3,409.0,46,3.5,15,14,600.0,0,0,2,0,1,0,0,0,0,0,0,0,0,0,1,181316
360,7250,1190,6,2,3,430.0,21,2.0,16,16,0.0,0,0,2,0,1,0,0,0,0,0,0,0,0,0,1,166000
361,9636,1593,6,2,2,389.0,382,2.5,17,16,0.0,0,0,2,0,1,0,0,0,0,0,0,0,0,0,1,178000
362,8125,1481,6,2,2,343.0,36,2.5,15,14,0.0,0,0,2,0,1,0,0,0,0,0,0,0,0,0,1,174000
363,9248,1167,6,2,3,400.0,146,3.0,17,17,560.0,0,0,2,0,1,0,0,0,0,0,0,0,0,0,1,173000
364,10762,1983,7,3,3,490.0,0,2.5,10,10,694.0,0,0,2,0,1,0,0,0,0,0,0,0,0,0,1,225000
365,11851,1442,7,2,2,500.0,542,2.0,19,19,0.0,0,0,2,0,1,0,0,0,0,0,0,0,0,0,1,180500
366,5814,1360,8,3,3,565.0,63,2.0,25,25,1036.0,0,0,3,0,0,0,1,0,0,0,0,0,0,0,0,187500
367,17423,2234,9,4,4,1166.0,60,3.0,1,0,1904.0,0,0,3,0,0,1,0,0,0,0,0,1,0,0,0,501837
368,11844,2046,8,3,3,834.0,404,2.5,1,1,0.0,0,0,3,0,0,1,0,0,0,0,0,1,0,0,0,372500
369,16158,1530,7,3,3,430.0,204,3.0,4,4,1274.0,0,0,3,0,1,0,0,0,0,0,0,0,0,0,1,260000
370,11900,1934,5,2,2,567.0,376,3.5,32,32,400.0,0,0,2,0,1,0,0,0,0,0,0,0,0,0,1,185000
371,13005,2353,7,3,4,484.0,483,3.5,29,29,692.0,0,0,2,0,1,0,0,0,0,0,0,0,0,0,1,260000
372,17043,1586,6,2,2,435.0,192,2.0,30,11,0.0,0,0,2,0,1,0,0,0,0,0,0,0,0,0,1,181000
373,11900,1411,7,2,2,544.0,192,2.0,32,32,822.0,0,0,2,0,0,0,0,0,0,0,0,0,0,0,1,82500
374,16635,1602,6,3,3,529.0,240,2.5,32,9,1246.0,0,0,2,0,1,0,0,0,0,0,0,0,0,0,1,215000
375,13250,2050,7,2,3,529.0,384,2.5,31,31,0.0,1,0,2,0,0,0,0,0,0,0,0,0,0,0,1,154000
376,10928,1671,6,2,2,484.0,307,2.0,31,23,363.0,0,0,2,0,1,0,0,0,0,0,0,0,0,0,1,200000
377,12388,2673,7,2,3,441.0,262,2.5,29,18,602.0,0,0,2,0,1,0,0,0,0,0,0,0,0,0,1,249000
378,14115,1472,7,2,2,588.0,281,3.0,29,29,1036.0,0,0,2,0,1,0,0,0,0,0,0,0,0,0,1,187500
379,11088,1707,6,2,2,479.0,0,2.0,31,11,832.0,0,0,2,0,1,0,0,0,0,0,0,0,0,0,1,184000
380,9600,2524,8,3,3,542.0,594,3.5,28,28,1104.0,0,0,2,0,1,0,0,0,0,0,0,0,0,0,1,278000
381,11880,1601,7,2,2,478.0,0,2.0,31,31,704.0,0,1,2,0,0,0,1,0,0,0,0,0,0,0,0,157000
382,10400,1370,7,2,2,479.0,0,2.0,33,33,0.0,0,0,2,0,0,0,0,0,0,0,0,0,0,0,1,152000
383,10304,1868,5,2,3,484.0,544,3.5,33,33,381.0,0,0,2,0,1,0,0,0,0,0,0,0,0,0,1,197500
384,7000,1884,7,3,4,581.0,35,3.5,6,6,622.0,0,0,2,0,1,0,0,0,0,0,0,0,0,0,1,240900
385,8004,1935,8,3,2,552.0,150,3.5,0,0,544.0,0,1,2,0,0,1,0,0,0,0,0,1,0,0,0,263435
386,7500,1874,8,3,3,588.0,134,2.5,9,8,0.0,1,0,2,0,1,0,0,0,0,0,0,0,0,0,1,220000
387,8470,1811,8,3,3,565.0,273,2.5,7,7,501.0,0,0,2,0,1,0,0,0,0,0,0,0,0,0,1,235000
388,9373,1621,5,2,2,478.0,490,3.0,34,34,1501.0,0,0,2,0,1,0,0,0,0,0,0,0,0,0,1,213000
389,10140,1116,6,2,2,528.0,0,3.0,35,35,888.0,0,0,2,0,1,0,0,0,0,0,0,0,0,0,1,167900
390,11050,1193,7,2,2,506.0,40,2.0,34,34,636.0,0,0,2,0,1,0,0,0,0,0,0,0,0,0,1,158000
391,10140,1350,6,2,2,478.0,0,2.0,35,35,0.0,0,0,2,0,1,0,0,0,0,0,0,0,0,0,1,165000
392,10448,2119,6,2,2,583.0,104,2.5,37,37,0.0,0,0,2,0,0,0,1,0,0,0,0,0,0,0,0,158000
393,9000,1792,5,2,2,0.0,77,3.0,35,35,0.0,0,0,1,0,1,0,0,0,0,0,0,0,0,0,1,136000
394,8750,1002,5,2,2,902.0,0,2.0,39,39,828.0,0,0,1,0,1,0,0,0,0,0,0,0,0,0,1,148500
395,7930,1026,6,2,3,440.0,219,2.0,40,4,911.0,0,0,1,0,1,0,0,0,0,0,0,0,0,0,1,156000
396,7830,1180,5,2,2,477.0,45,1.5,39,39,0.0,0,0,1,0,1,0,1,0,0,0,0,0,0,0,0,128000
397,8510,1050,5,2,2,336.0,0,2.5,38,38,500.0,0,0,1,0,1,0,0,0,0,0,0,0,0,0,1,143000
398,7038,864,4,2,2,576.0,210,2.0,39,39,726.0,0,0,1,0,0,0,0,0,0,0,0,0,0,0,1,76500
399,6960,864,4,2,3,660.0,96,1.0,39,39,614.0,0,0,1,0,1,0,0,0,0,0,0,0,0,0,1,120500
400,8120,864,4,2,2,463.0,0,1.0,39,39,191.0,0,0,1,0,1,0,0,0,0,0,0,0,0,0,1,124500
401,10500,864,4,2,2,576.0,216,1.0,38,38,704.0,0,0,1,0,0,0,0,0,0,0,0,0,0,0,1,97000
402,9000,864,4,2,2,576.0,200,1.0,38,3,240.0,0,0,1,0,1,0,0,0,0,0,0,0,0,0,1,130000
403,1680,987,6,2,2,264.0,0,2.5,36,36,254.0,0,0,1,0,1,0,0,0,0,0,0,0,0,0,1,111000
404,2368,1365,5,2,2,440.0,36,1.5,39,39,765.0,0,0,1,0,1,0,0,0,0,0,0,0,0,0,1,125000
405,1680,1302,5,2,2,280.0,0,2.5,38,38,0.0,0,0,1,0,0,0,1,0,0,0,0,0,0,0,0,112000
406,1680,987,6,2,2,288.0,0,2.5,37,37,404.0,0,0,1,0,1,0,0,0,0,0,0,0,0,0,1,97000
407,1680,987,6,2,3,264.0,250,1.5,37,2,162.0,0,0,1,0,1,0,0,0,0,0,0,0,0,0,1,118000
408,1680,1302,5,2,2,264.0,185,2.5,37,37,231.0,0,0,1,0,1,0,0,0,0,0,0,0,0,0,1,119500
409,4928,958,6,2,2,440.0,60,2.0,33,33,958.0,0,0,1,0,1,0,0,0,0,0,0,0,0,0,1,143750
410,2308,1548,6,2,2,440.0,108,2.5,33,33,306.0,0,0,1,0,1,0,0,0,0,0,0,0,0,0,1,146000
411,2280,1456,6,2,2,440.0,87,2.5,33,33,566.0,0,0,1,0,1,0,0,0,0,0,0,0,0,0,1,148500
412,2280,1055,7,2,2,440.0,27,2.5,34,34,1057.0,0,0,1,0,1,0,0,0,0,0,0,0,0,0,1,123000
413,2308,1322,6,2,2,440.0,260,3.0,35,35,752.0,0,0,1,0,1,0,0,0,0,0,0,0,0,0,1,147000
414,2349,1456,6,2,2,440.0,28,2.5,32,32,389.0,0,0,1,0,1,0,0,0,0,0,0,0,0,0,1,137900
415,2364,1548,6,2,2,440.0,108,3.0,31,31,320.0,0,0,1,0,1,0,0,0,0,0,0,0,0,0,1,147000
416,2289,1441,6,2,2,440.0,28,2.5,31,31,311.0,0,0,1,0,1,0,0,0,0,0,0,0,0,0,1,148500
417,2364,1456,6,3,2,440.0,147,2.5,31,31,279.0,0,0,1,0,1,0,0,0,0,0,0,0,0,0,1,138000
418,2104,836,7,2,2,345.0,170,1.5,33,33,536.0,0,0,1,0,1,0,0,0,0,0,0,0,0,0,1,128500
419,7150,892,5,2,2,288.0,0,1.0,42,42,432.0,0,0,1,0,1,0,0,0,0,0,0,0,0,0,1,100000
420,10710,1120,5,3,2,656.0,162,1.5,43,5,644.0,0,0,1,0,1,0,0,0,0,0,0,0,0,0,1,148800
421,12456,1718,10,4,4,786.0,264,3.0,3,2,1172.0,0,0,3,0,1,0,0,0,0,0,0,0,0,0,1,337500
422,14257,2772,9,4,4,754.0,199,4.5,2,2,1360.0,0,0,3,0,1,0,0,0,0,0,0,0,0,0,1,462000
423,13518,3140,9,4,4,820.0,222,3.5,1,0,0.0,0,0,3,0,0,1,0,0,0,0,0,1,0,0,0,485000
424,15431,2402,10,4,4,672.0,242,3.0,1,1,2306.0,0,0,3,0,1,0,0,0,0,0,0,0,0,0,1,555000
425,13173,1652,9,3,4,840.0,506,3.0,3,2,1572.0,0,0,3,0,1,0,0,0,0,0,0,0,0,0,1,325000
426,14230,1600,8,3,3,890.0,56,2.0,2,2,0.0,0,0,3,0,1,0,0,0,0,0,0,0,0,0,1,256300
427,12704,2042,8,4,4,1390.0,90,2.5,1,0,0.0,0,0,3,0,0,1,0,0,0,0,0,1,0,0,0,253293
428,12350,2690,9,3,4,864.0,197,3.5,0,0,986.0,0,0,3,0,0,1,0,0,0,0,0,1,0,0,0,398800
429,11308,2184,9,4,4,836.0,102,3.5,1,1,936.0,0,0,3,0,1,0,0,0,0,0,0,0,0,0,1,335000
430,12350,2020,9,4,4,896.0,290,3.0,1,1,1232.0,0,0,3,0,1,0,0,0,0,0,0,0,0,0,1,404000
431,12220,2020,10,4,4,900.0,210,3.5,0,0,1436.0,0,0,3,0,0,1,0,0,0,0,0,1,0,0,0,402861
432,13478,2296,10,4,4,842.0,656,3.5,1,1,1338.0,0,0,3,0,1,0,0,0,0,1,0,0,0,0,0,451950
433,13693,2674,10,4,4,762.0,410,4.5,2,2,2288.0,0,0,3,0,1,0,0,0,0,0,0,0,0,0,1,610000
434,13891,2822,9,4,4,1020.0,414,3.5,1,0,0.0,0,0,3,0,0,1,0,0,0,0,0,1,0,0,0,582933
435,11578,1736,9,4,4,834.0,409,2.0,1,1,0.0,0,0,3,0,1,0,0,0,0,0,0,0,0,0,1,360000
436,16870,1782,8,3,3,932.0,181,3.0,5,4,1531.0,0,0,3,0,1,0,0,0,0,0,0,0,0,0,1,296000
437,23303,2520,8,3,4,640.0,465,3.5,2,2,1230.0,0,0,3,0,0,0,0,0,0,0,0,0,0,0,1,409900
438,11146,1717,8,3,3,908.0,208,2.0,3,3,0.0,0,0,3,0,1,0,0,0,0,0,0,0,0,0,1,255500
439,10367,1743,9,4,4,927.0,213,3.0,1,1,1015.0,0,0,3,0,1,0,0,0,0,1,0,0,0,0,0,335000
440,9591,1713,8,3,4,856.0,196,3.0,5,4,1088.0,0,0,3,0,1,0,0,0,0,0,0,0,0,0,1,274900
441,10872,1531,9,3,4,700.0,236,3.0,3,3,1037.0,0,0,3,0,1,0,0,0,0,0,0,0,0,0,1,300000
442,13514,1808,9,4,4,850.0,226,3.0,1,1,1142.0,0,0,3,0,1,0,0,0,0,0,0,0,0,0,1,324000
443,8834,2224,9,3,4,738.0,184,3.5,5,4,1170.0,0,0,3,0,1,0,0,0,0,0,0,0,0,0,1,350000
444,11362,1836,8,3,3,862.0,310,3.0,5,4,1039.0,0,0,3,0,1,0,0,0,0,0,0,0,0,0,1,280000
445,10655,1629,8,3,3,880.0,0,3.0,6,5,1603.0,0,0,3,0,1,0,0,0,0,0,0,0,0,0,1,284000
446,12878,1760,7,3,3,583.0,355,3.0,6,5,1262.0,0,0,3,0,1,0,0,0,0,0,0,0,0,0,1,269500
447,9541,1502,7,3,3,644.0,114,2.0,0,0,0.0,0,0,3,0,0,1,0,0,0,0,0,1,0,0,0,233170
448,13472,2392,10,4,4,968.0,353,2.0,6,6,56.0,0,0,3,0,1,0,0,0,0,0,0,0,0,0,1,386250
449,15274,2452,9,3,4,886.0,116,4.0,6,6,1972.0,0,0,3,0,1,0,0,0,0,0,0,0,0,0,1,445000
450,13262,2400,8,3,3,730.0,154,3.5,6,5,0.0,0,0,3,0,1,0,0,0,0,0,0,0,0,0,1,290000
451,9658,1606,8,3,3,871.0,290,2.0,3,3,0.0,0,0,3,0,1,0,0,0,0,0,0,0,0,0,1,255900
452,6904,1358,6,3,3,484.0,228,2.0,4,4,836.0,0,0,3,0,1,0,0,0,0,0,0,0,0,0,1,213000
453,5381,1306,6,3,3,624.0,233,3.0,4,4,900.0,0,0,3,0,1,0,0,0,0,0,0,0,0,0,1,196000
454,5122,1306,6,3,3,624.0,233,3.0,4,4,881.0,0,0,3,0,1,0,0,0,0,0,0,0,0,0,1,184500
455,10307,1358,7,3,3,484.0,218,3.0,2,1,876.0,0,0,3,0,1,0,0,0,0,0,0,0,0,0,1,212500
456,5001,1314,7,3,3,626.0,234,3.0,2,1,904.0,0,0,3,0,1,0,0,0,0,0,0,0,0,0,1,230000
457,14836,2492,10,4,4,949.0,461,3.5,5,4,2146.0,0,0,3,0,0,0,0,0,0,0,0,0,0,0,1,552000
458,15262,2200,8,3,4,685.0,263,3.5,6,5,1557.0,0,0,3,0,1,0,0,0,0,0,0,0,0,0,1,382500
459,7390,1884,9,4,4,649.0,321,3.0,1,0,800.0,0,0,3,0,0,1,0,0,0,0,0,1,0,0,0,320000
460,6472,1456,9,4,4,539.0,234,2.0,1,1,0.0,0,0,3,0,1,0,0,0,0,0,0,0,0,0,1,248500
461,16770,1712,8,3,3,701.0,401,3.0,7,6,1196.0,0,0,3,0,1,0,0,0,0,0,0,0,0,0,1,286500
462,6240,1324,8,3,3,550.0,230,3.0,3,3,863.0,0,0,3,0,1,0,0,0,0,0,0,0,0,0,1,254000
463,3480,1405,7,3,3,478.0,184,2.0,6,6,0.0,0,0,3,0,1,0,0,0,0,0,0,0,0,0,1,173000
464,2268,1626,7,3,3,474.0,27,2.0,6,5,567.0,0,0,3,0,1,0,0,0,0,0,0,0,0,0,1,173000
465,10928,1456,7,3,3,390.0,100,2.5,4,4,0.0,0,1,2,0,1,0,0,0,0,0,0,0,0,0,1,184000
466,8918,1490,6,3,3,392.0,56,2.5,4,3,0.0,0,0,2,0,1,0,0,0,0,0,0,0,0,0,1,167800
467,12589,1484,6,3,3,390.0,60,2.5,4,4,0.0,0,0,2,0,1,0,0,0,0,0,0,0,0,0,1,174000
468,11911,1560,6,3,3,400.0,138,2.5,4,4,0.0,0,0,2,0,1,0,0,0,0,0,0,0,0,0,1,174000
469,3684,1555,7,3,3,660.0,163,2.0,2,2,0.0,0,0,2,0,1,0,0,0,0,0,0,0,0,0,1,174000
470,3635,1569,7,3,3,660.0,163,2.5,2,2,988.0,0,0,2,0,1,0,0,0,0,0,0,0,0,0,1,175900
471,3182,1555,7,3,3,430.0,163,2.0,4,3,16.0,0,0,2,0,1,0,0,0,0,0,0,0,0,0,1,192500
472,3182,1504,7,3,3,457.0,156,2.0,4,3,16.0,0,0,2,0,1,0,0,0,0,0,0,0,0,0,1,181000
473,3182,1220,7,3,3,397.0,116,2.0,4,3,16.0,0,0,2,0,1,0,0,0,0,0,0,0,0,0,1,180000
474,3182,1145,7,3,3,397.0,116,2.0,4,3,16.0,0,0,2,0,1,0,0,0,0,0,0,0,0,0,1,160200
475,7795,1432,7,3,3,432.0,151,3.5,5,4,425.0,0,0,2,0,1,0,0,0,0,0,0,0,0,0,1,188500
476,8068,2267,6,3,3,390.0,166,2.5,7,7,0.0,0,0,2,0,1,0,0,0,0,1,0,0,0,0,0,200000
477,9434,1374,7,3,3,400.0,100,2.5,5,4,0.0,0,0,2,0,1,0,0,0,0,0,0,0,0,0,1,170000
478,7984,1630,7,3,3,436.0,168,2.5,5,4,0.0,0,0,2,0,1,0,0,0,0,0,0,0,0,0,1,189500
479,7750,1419,8,3,3,527.0,120,3.5,7,7,353.0,0,0,2,0,1,0,0,0,0,0,0,0,0,0,1,184100
480,10125,1594,7,3,3,434.0,348,2.5,5,5,0.0,0,0,2,0,1,0,0,0,0,0,0,0,0,0,1,195500
481,8965,1489,7,3,3,400.0,75,3.5,6,6,652.0,0,0,2,0,1,0,0,0,0,0,0,0,0,0,1,192000
482,8174,1342,7,3,3,393.0,156,3.5,6,6,494.0,0,0,2,0,1,0,0,0,0,0,0,0,0,0,1,178000
483,5063,1314,7,3,3,626.0,234,3.0,2,1,904.0,0,0,3,0,1,0,0,0,0,0,1,0,0,0,0,207500
484,8795,2256,7,3,3,554.0,278,2.5,9,9,300.0,0,0,2,0,1,0,0,0,0,0,0,0,0,0,1,236000
485,12891,2004,8,3,3,644.0,48,3.5,7,7,651.0,0,0,2,0,1,0,0,0,0,0,0,0,0,0,1,257500
486,12224,2054,6,3,3,390.0,72,3.5,9,9,695.0,0,0,2,0,1,0,0,0,0,0,0,0,0,0,1,244000
487,9734,1374,7,3,3,400.0,0,2.5,5,5,354.0,0,1,2,0,1,0,0,0,0,0,0,0,0,0,1,167000
488,8123,1800,6,2,2,463.0,163,2.5,9,9,0.0,0,1,2,0,1,0,0,0,0,0,0,0,0,0,1,179000
489,8433,1514,6,2,2,394.0,72,3.5,9,9,683.0,0,0,2,0,1,0,0,0,0,0,0,0,0,0,1,190000
490,7750,1430,7,2,2,400.0,0,2.5,10,9,0.0,0,0,2,0,1,0,0,0,0,0,0,0,0,0,1,156000
491,15896,2312,7,3,3,658.0,298,3.5,10,10,913.0,1,0,2,0,1,0,0,0,0,0,0,0,0,0,1,245000
492,24682,1675,6,2,2,502.0,103,2.5,10,10,0.0,0,1,2,0,1,0,0,0,0,0,0,0,0,0,1,181000
493,8755,2060,7,3,3,390.0,168,3.5,10,10,772.0,1,0,2,0,1,0,0,0,0,0,0,0,0,0,1,214000
494,7848,1430,7,2,2,410.0,0,2.5,10,10,0.0,0,0,2,0,1,0,0,0,0,0,0,0,0,0,1,168000
495,9430,2365,8,3,3,856.0,308,3.5,10,10,1163.0,0,0,3,0,1,0,0,0,0,0,0,0,0,0,1,337000
496,15138,2794,8,3,4,810.0,348,3.5,14,13,689.0,0,0,3,0,1,0,0,0,0,0,0,0,0,0,1,403000
497,12720,2687,8,3,3,810.0,282,3.5,9,9,1173.0,0,0,3,0,1,0,0,0,0,0,0,0,0,0,1,327000
498,16545,2450,8,3,3,1069.0,126,3.5,11,11,781.0,0,0,3,0,1,0,0,0,0,0,0,0,0,0,1,340000
499,12203,2612,8,3,3,676.0,250,3.5,11,10,854.0,0,0,3,0,1,0,0,0,0,0,0,0,0,0,1,336000
500,10208,2344,7,3,3,889.0,220,2.5,13,12,0.0,0,0,3,0,1,0,0,0,0,0,0,0,0,0,1,265000
501,10750,2063,8,3,3,815.0,238,3.0,15,14,1762.0,0,0,3,0,1,0,0,0,0,0,0,0,0,0,1,315000
502,9900,2646,7,3,3,656.0,544,3.5,16,16,987.0,0,0,3,0,1,0,0,0,0,0,0,0,0,0,1,260000
503,9085,2061,7,3,3,647.0,607,3.5,14,13,816.0,0,0,3,0,1,0,0,0,0,0,0,0,0,0,1,260000
504,11692,2232,8,3,3,623.0,338,3.5,16,15,624.0,0,0,3,0,1,0,0,0,0,0,0,0,0,0,1,263550
505,46589,2448,8,3,3,711.0,593,3.5,15,4,1541.0,0,0,3,0,1,0,0,0,0,0,0,0,0,0,1,402000
506,29959,1850,7,3,3,467.0,266,2.5,15,15,595.0,0,0,3,0,1,0,0,0,0,0,0,0,0,0,1,248000
507,9612,1468,8,3,3,898.0,360,2.0,1,0,0.0,0,0,2,0,0,1,0,0,0,0,0,1,0,0,0,244600
508,11194,1696,8,3,3,972.0,176,2.0,1,1,0.0,0,0,2,0,1,0,0,0,0,0,0,0,0,0,1,275000
509,10206,1658,8,3,3,726.0,188,2.5,1,1,0.0,0,0,2,0,1,0,0,0,0,0,0,0,0,0,1,257500
510,9262,1578,8,3,4,840.0,36,2.0,1,0,0.0,0,0,2,0,0,1,0,0,0,0,0,1,0,0,0,287090
511,10130,1702,8,3,3,844.0,69,3.0,2,2,1294.0,0,0,2,0,1,0,0,0,0,0,0,0,0,0,1,275500
512,9139,1432,8,3,3,492.0,347,2.0,3,3,379.0,0,0,2,0,1,0,0,0,0,0,0,0,0,0,1,245000
513,9675,1971,7,3,3,689.0,48,2.5,4,4,341.0,0,0,2,0,1,0,0,0,0,0,0,0,0,0,1,253000
514,11128,2490,9,4,4,795.0,296,3.0,4,3,2158.0,0,0,2,0,1,0,0,0,0,0,0,0,0,0,1,468000
515,8640,1852,7,2,3,644.0,276,3.5,0,0,822.0,0,0,2,0,0,1,0,0,0,0,0,1,0,0,0,252678
516,9000,1590,8,3,3,676.0,30,2.5,1,1,0.0,0,0,2,0,1,0,0,0,0,0,0,0,0,0,1,210000
517,7862,1218,6,3,3,676.0,102,2.0,0,0,27.0,0,0,2,0,0,1,0,0,0,0,0,1,0,0,0,208300
518,7993,1436,7,3,3,529.0,121,2.0,1,0,0.0,0,0,2,0,0,1,0,0,0,0,0,1,0,0,0,225000
519,8640,1314,8,3,3,552.0,247,3.0,0,0,936.0,0,0,2,0,0,1,0,0,0,0,0,1,0,0,0,229456
520,8640,1402,7,3,3,625.0,331,2.0,1,1,0.0,0,0,2,0,1,0,0,0,0,0,0,0,0,0,1,229800
521,12606,1530,9,3,3,984.0,348,2.0,2,1,0.0,0,0,2,0,1,0,0,0,0,0,0,0,0,0,1,250000
522,9187,1766,9,4,4,478.0,325,3.5,0,0,1121.0,0,0,2,0,0,1,0,0,0,0,0,1,0,0,0,370878
523,7500,1448,8,3,3,692.0,140,2.0,3,2,24.0,0,0,2,0,1,0,0,0,0,0,0,0,0,0,1,238500
524,11003,2007,10,4,4,812.0,220,3.5,1,1,765.0,0,0,2,0,1,0,0,0,0,0,0,0,0,0,1,310000
525,10603,1795,8,3,3,782.0,213,3.5,3,3,682.0,0,0,2,0,1,0,0,0,0,0,0,0,0,0,1,270000
526,10574,1953,8,3,3,1043.0,210,2.5,4,3,0.0,0,0,2,0,1,0,0,0,0,0,0,0,0,0,1,252000
527,8125,1550,7,3,3,438.0,168,3.0,3,2,812.0,0,0,2,0,1,0,0,0,0,0,0,0,0,0,1,241000
528,8125,1836,8,3,3,517.0,175,2.0,1,0,0.0,0,0,2,0,0,1,0,0,0,0,0,1,0,0,0,264500
529,10625,1662,7,3,4,711.0,288,3.0,3,2,1430.0,0,0,2,0,1,0,0,0,0,0,0,0,0,0,1,291000
530,9375,2094,7,3,3,615.0,364,2.5,6,5,0.0,0,0,2,0,1,0,0,0,0,0,0,0,0,0,1,263000
531,7500,1221,7,3,3,400.0,113,3.0,5,4,410.0,0,0,2,0,1,0,0,0,0,0,0,0,0,0,1,185000
532,8736,1553,7,3,3,588.0,280,3.0,6,5,1131.0,0,0,2,0,1,0,0,0,0,0,0,0,0,0,1,234500
533,8127,1653,7,3,3,628.0,45,3.5,6,6,410.0,0,0,2,0,1,0,0,0,0,0,0,0,0,0,1,209000
534,9605,1218,7,3,3,576.0,178,1.5,2,2,0.0,0,0,2,0,1,0,0,0,0,0,0,0,0,0,1,159000
535,7500,1141,7,3,3,484.0,182,2.5,3,3,54.0,0,0,2,0,1,0,0,0,0,0,0,0,0,0,1,152000
536,7500,1158,6,2,3,0.0,50,1.5,5,5,0.0,0,0,2,0,1,0,0,0,0,0,0,0,0,0,1,143500
537,10628,1812,7,3,3,478.0,237,2.5,5,5,0.0,0,0,2,0,1,0,0,0,0,0,0,0,0,0,1,193000
538,10141,1512,8,3,3,845.0,246,2.0,5,5,1290.0,0,0,2,0,1,0,0,0,0,0,0,0,0,0,1,203000
539,10083,1200,7,3,3,555.0,41,3.0,6,6,833.0,0,0,2,0,1,0,0,0,0,0,0,0,0,0,1,184900
540,13072,1114,7,3,3,576.0,350,1.5,5,4,0.0,0,1,2,0,1,0,0,0,0,0,0,0,0,0,1,159000
541,13072,1114,5,2,3,0.0,39,1.5,5,5,0.0,0,1,2,0,1,0,0,0,0,0,0,0,0,0,1,142000
542,12450,1114,5,2,3,576.0,42,3.0,6,5,836.0,0,1,2,0,1,0,0,0,0,0,0,0,0,0,1,153000
543,7328,1450,7,3,3,788.0,93,2.0,1,0,0.0,0,0,2,0,0,1,0,0,0,0,0,1,0,0,0,224243
544,11492,2122,7,3,3,559.0,74,3.5,13,12,637.0,0,0,2,0,1,0,0,0,0,0,0,0,0,0,1,220000
545,10994,1844,8,3,3,620.0,209,3.0,4,3,976.0,0,0,2,0,0,0,1,0,0,0,0,0,0,0,0,257000
546,8529,1434,7,3,3,527.0,329,2.0,8,8,20.0,0,0,2,0,1,0,0,0,0,0,0,0,0,0,1,189000
547,7703,1730,6,3,3,528.0,259,2.5,17,17,416.0,0,0,2,0,1,0,0,0,0,0,0,0,0,0,1,171500
548,10762,1217,6,2,2,288.0,28,1.5,29,29,0.0,0,0,2,0,1,0,0,0,0,0,0,0,0,0,1,120000
549,7175,1332,6,3,3,542.0,60,2.0,19,18,0.0,0,0,2,0,1,0,0,0,0,0,0,0,0,0,1,145000
550,9109,1540,7,3,3,495.0,172,3.5,15,15,632.0,0,1,2,0,1,0,0,0,0,0,0,0,0,0,1,184000
551,10274,1400,6,2,2,465.0,48,2.5,23,23,331.0,0,0,2,0,1,0,0,0,0,0,0,0,0,0,1,162000
552,8250,1882,6,2,2,612.0,0,2.0,28,28,0.0,0,0,2,0,1,0,0,0,0,0,0,0,0,0,1,160000
553,8400,841,4,1,2,294.0,274,1.0,59,59,0.0,0,0,2,0,1,0,0,0,0,0,0,0,0,0,1,82000
554,9000,784,6,2,2,360.0,91,1.0,81,59,0.0,0,0,2,0,1,0,0,0,0,0,0,0,0,0,1,76000
555,9750,980,5,2,2,400.0,28,2.0,47,47,952.0,0,0,1,0,1,0,0,0,0,0,0,0,0,0,1,110000
556,7064,980,5,2,2,484.0,192,1.0,32,32,560.0,0,0,1,0,1,0,0,0,0,0,0,0,0,0,1,135000
557,8499,864,5,2,2,732.0,312,2.0,48,48,660.0,0,0,1,0,1,0,0,0,0,0,0,0,0,0,1,141000
558,9079,864,5,2,2,440.0,158,1.0,48,48,864.0,0,0,1,0,1,0,0,0,0,0,0,0,0,0,1,122000
559,9316,1020,5,2,2,288.0,171,2.0,44,44,544.0,0,0,1,0,0,0,0,0,0,0,0,0,1,0,0,124100
560,7791,912,5,3,3,300.0,0,2.0,46,14,624.0,0,1,1,0,1,0,0,0,0,0,0,0,0,0,1,129000
561,10000,1144,5,2,2,264.0,165,2.0,48,26,594.0,0,0,1,0,1,0,0,0,0,0,0,0,0,0,1,131400
562,8281,864,5,2,2,360.0,236,1.0,44,44,864.0,0,0,1,0,1,0,0,0,0,0,0,0,0,0,1,62383
563,7150,912,5,2,2,252.0,0,1.5,47,47,730.0,0,0,1,0,1,0,0,0,0,0,0,0,0,0,1,123000
564,15676,2014,8,3,3,864.0,717,3.0,29,29,1825.0,0,0,2,0,1,0,0,0,0,0,0,0,0,0,1,275000
565,11949,1755,7,3,3,524.0,562,3.0,18,1,817.0,0,0,3,0,1,0,0,0,0,0,0,0,0,0,1,235000
566,2880,3005,7,3,3,704.0,177,2.5,5,4,0.0,0,0,2,0,1,0,0,0,0,0,0,0,0,0,1,280750
567,3951,1224,6,3,3,528.0,234,2.5,0,0,0.0,0,0,2,0,0,1,0,0,0,0,0,1,0,0,0,164500
568,3000,1224,6,3,3,528.0,234,2.5,0,0,294.0,0,0,2,0,0,1,0,0,0,0,0,1,0,0,0,173733
569,3830,1726,6,3,3,561.0,254,2.5,1,1,0.0,0,0,2,0,0,1,0,0,0,0,0,1,0,0,0,222000
570,4217,1256,6,3,3,641.0,169,2.5,1,1,962.0,0,0,2,0,1,0,0,0,0,0,0,0,0,0,1,195000
571,3230,1471,6,2,2,440.0,24,2.5,10,10,381.0,0,0,2,0,1,0,0,0,0,0,0,0,0,0,1,172500
572,2998,1512,6,3,3,440.0,32,3.5,9,9,507.0,0,0,2,0,1,0,0,0,0,0,0,0,0,0,1,180000
573,3768,1452,7,3,3,506.0,34,3.5,10,10,549.0,0,0,2,0,1,0,0,0,0,0,0,0,0,0,1,156000
574,2645,1739,8,3,3,480.0,115,3.5,10,9,649.0,0,0,2,0,0,0,0,0,0,0,0,0,0,0,1,172500
575,14694,1694,8,4,4,642.0,846,3.0,32,1,1388.0,0,0,2,0,1,0,0,0,0,0,0,0,0,0,1,318750
576,3782,1226,8,3,3,484.0,211,2.0,28,28,960.0,0,0,2,0,1,0,0,0,0,0,0,0,0,0,1,211500
577,15417,1740,7,3,3,540.0,466,1.5,28,28,121.0,0,0,2,0,1,0,0,0,0,0,0,0,0,0,1,241600
578,9600,2499,8,3,2,527.0,64,2.5,33,33,0.0,0,0,2,0,0,0,0,0,0,0,0,0,0,0,1,180500
579,9991,1620,4,2,2,490.0,198,3.0,33,16,1116.0,0,0,1,0,1,0,0,0,0,0,0,0,0,0,1,150000
580,11700,1556,6,2,2,441.0,0,1.5,41,41,298.0,0,1,2,0,1,0,0,0,0,0,0,0,0,0,1,154000
581,11717,1442,6,2,2,615.0,371,2.0,39,39,0.0,0,0,2,0,1,0,0,0,0,0,0,0,0,0,1,185000
582,9156,1489,6,2,3,462.0,0,2.0,41,41,0.0,0,0,2,0,1,0,0,0,0,0,0,0,0,0,1,185750
583,10382,2090,7,2,2,484.0,667,3.5,36,36,891.0,0,0,2,0,1,0,0,0,0,0,0,0,0,0,1,200000
584,12732,2067,7,2,3,784.0,337,2.5,35,35,602.0,0,0,2,0,1,0,0,0,0,0,0,0,0,0,1,206000
585,12936,1395,6,2,2,497.0,410,2.0,37,37,593.0,0,0,2,0,1,0,0,0,0,0,0,0,0,0,1,162000
586,10400,2640,6,2,3,515.0,288,2.5,42,12,0.0,0,0,2,0,1,0,0,0,0,0,0,0,0,0,1,256900
587,17871,1724,6,2,2,480.0,0,2.5,42,33,528.0,0,0,2,0,1,0,0,0,0,0,0,0,0,0,1,197900
588,9600,1336,5,2,2,502.0,323,2.5,40,40,700.0,0,0,2,0,1,0,0,0,0,0,0,0,0,0,1,163000
589,9000,1216,6,2,2,336.0,0,2.0,40,40,955.0,0,0,2,0,0,0,0,0,0,0,0,0,0,0,1,113000
590,13774,2288,7,2,3,520.0,549,2.0,32,17,432.0,0,0,2,0,1,0,0,0,0,0,0,0,0,0,1,230000
591,9650,1334,6,2,2,630.0,16,2.5,32,32,686.0,0,0,2,0,1,0,0,0,0,0,0,0,0,0,1,167900
592,10140,1680,7,3,3,583.0,151,3.0,11,10,1271.0,0,1,2,0,1,0,0,0,0,0,0,0,0,0,1,213250
593,8400,1665,8,3,3,528.0,45,3.5,8,8,643.0,0,0,2,0,1,0,0,0,0,0,0,0,0,0,1,227000
594,7130,864,5,2,2,312.0,0,1.5,42,42,648.0,0,0,1,0,1,0,0,0,0,0,0,0,0,0,1,130000
595,9600,1568,5,2,2,440.0,200,1.5,42,42,0.0,0,0,1,0,1,0,1,0,0,0,0,0,0,0,0,143000
596,9100,925,5,2,2,429.0,0,1.5,44,44,804.0,0,0,1,0,1,0,0,0,0,0,0,0,0,0,1,117500
597,9600,2061,7,2,2,498.0,273,3.0,35,35,698.0,0,0,2,0,0,0,1,0,0,0,0,0,0,0,0,168500
598,16500,1320,6,2,2,495.0,20,2.5,38,38,962.0,0,0,2,0,1,0,0,0,0,0,0,0,0,0,1,172500
599,9790,1342,6,2,2,457.0,197,2.0,42,42,881.0,0,0,2,0,1,0,0,0,0,0,0,0,0,0,1,161500
600,7436,894,4,2,2,396.0,360,2.0,49,49,734.0,0,0,1,0,1,0,0,0,0,0,0,0,0,0,1,141500
601,8125,864,5,2,2,308.0,0,1.0,50,50,403.0,0,0,1,0,1,0,0,0,0,0,0,0,0,0,1,118000
602,9100,864,6,2,2,300.0,0,1.0,50,50,612.0,0,0,1,0,1,0,0,0,0,0,0,0,0,0,1,127500
603,9450,1362,4,2,2,768.0,84,2.0,52,52,775.0,0,0,1,0,1,0,0,0,0,0,0,0,0,0,1,140000
604,13495,1728,5,2,2,576.0,99,3.0,53,53,826.0,0,0,1,0,1,0,0,0,0,0,0,0,0,0,1,177625
605,11475,1776,5,2,2,888.0,25,3.0,51,51,0.0,0,0,1,0,0,0,1,0,0,0,0,0,0,0,0,110000
606,10004,1516,6,2,2,472.0,152,1.5,45,45,541.0,0,0,1,0,1,0,0,0,0,0,0,0,0,0,1,167000
607,9350,1313,5,2,3,610.0,321,2.5,48,14,822.0,0,0,1,0,1,0,0,0,0,0,0,0,0,0,1,153000
608,10500,1292,5,2,2,520.0,124,2.5,45,45,998.0,0,0,1,0,0,0,1,0,0,0,0,0,0,0,0,145100
609,11000,1154,5,2,2,480.0,58,1.5,43,43,970.0,0,0,1,0,1,0,0,0,0,0,0,0,0,0,1,154000
610,8970,2140,5,2,2,549.0,304,2.5,44,44,388.0,0,0,1,0,1,0,0,0,0,0,0,0,0,0,1,177500
611,12095,1445,6,2,2,645.0,180,1.5,45,45,564.0,0,0,1,0,1,0,0,0,0,0,0,0,0,0,1,158000
612,9600,1041,5,2,2,270.0,312,2.0,50,50,991.0,0,0,1,0,1,0,0,0,0,0,0,0,0,0,1,124500
613,11475,1576,6,2,3,368.0,85,2.0,48,48,568.0,0,0,1,0,1,0,0,0,0,0,0,0,0,0,1,174500
614,9768,960,5,2,2,330.0,70,2.0,54,54,347.0,0,0,1,0,1,0,0,0,0,0,0,0,0,0,1,122000
615,5330,708,4,1,1,0.0,164,1.0,69,59,280.0,0,0,1,0,1,0,0,0,0,0,0,0,0,0,1,82500
616,7015,1203,5,2,3,352.0,248,2.0,59,59,185.0,0,0,1,0,1,0,0,0,0,0,0,0,0,0,1,110000
617,12160,1505,6,2,2,505.0,162,2.0,56,56,1024.0,0,0,1,0,1,0,0,0,0,0,0,0,0,0,1,149500
618,9900,1691,6,3,2,550.0,327,2.0,42,42,1173.0,0,0,1,0,1,0,0,0,0,0,0,0,0,0,1,175000
619,9600,1644,6,2,2,418.0,110,2.0,56,56,1285.0,0,0,1,0,1,0,0,0,0,0,0,0,0,0,1,167000
620,9600,1050,5,2,2,338.0,0,1.0,53,53,504.0,0,0,1,0,1,0,0,0,0,0,0,0,0,0,1,128900
621,9600,1668,6,2,2,271.0,0,1.5,59,4,120.0,0,0,1,0,1,0,0,0,0,0,0,0,0,0,1,140000
622,9600,1113,5,3,3,264.0,200,1.0,59,2,607.0,0,0,1,0,1,0,0,0,0,0,0,0,0,0,1,147000
623,8944,1584,5,2,2,792.0,152,2.0,42,42,0.0,0,0,1,0,1,0,0,0,0,0,0,0,0,0,1,124000
624,10573,1453,6,2,2,530.0,337,3.0,48,48,1312.0,0,0,1,0,1,0,0,0,0,0,0,0,0,0,1,187500
625,9500,1394,6,2,2,514.0,261,2.5,46,46,609.0,0,0,1,0,1,0,0,0,0,0,0,0,0,0,1,159000
626,14695,1567,6,2,3,542.0,452,3.0,43,1,1387.0,0,0,1,0,1,0,0,0,0,0,0,0,0,0,1,256000
627,13600,1986,7,2,2,486.0,231,2.5,44,19,454.0,0,0,1,0,1,0,0,0,0,0,0,0,0,0,1,205000
628,13000,2142,6,2,3,509.0,324,2.5,41,41,448.0,0,0,1,0,1,0,0,0,0,0,0,0,0,0,1,193500
629,13560,1392,6,2,2,576.0,240,2.0,41,41,0.0,0,0,1,0,1,0,0,0,0,0,0,0,0,0,1,110000
630,12513,1738,4,2,2,368.0,55,2.0,89,2,0.0,0,0,1,0,1,0,0,0,0,0,0,0,0,0,1,104900
631,8760,1144,5,3,2,286.0,257,2.0,53,53,856.0,0,0,1,0,1,0,0,0,0,0,0,0,0,0,1,150000
632,8400,1478,6,2,2,442.0,330,2.5,52,52,850.0,0,0,1,0,1,0,0,0,0,0,0,0,0,0,1,156500
633,12285,1329,7,2,2,441.0,203,1.5,49,49,544.0,0,0,1,0,1,0,0,0,0,0,0,0,0,0,1,176000
634,9240,988,6,3,3,297.0,156,3.0,50,11,708.0,0,0,1,0,1,0,0,0,0,0,0,0,0,0,1,149500
635,9600,1632,6,2,2,338.0,289,3.0,51,21,1240.0,0,0,1,0,1,0,0,0,0,0,0,0,0,0,1,139000
636,12400,1215,6,2,2,297.0,234,1.0,51,11,585.0,0,0,1,0,1,0,0,0,0,0,0,0,0,0,1,155000
637,8750,1202,5,2,2,304.0,155,1.5,53,53,637.0,0,0,1,0,0,0,1,0,0,0,0,0,0,0,0,120000
638,8750,1382,5,2,3,350.0,280,1.5,54,54,655.0,0,0,1,0,1,0,0,0,0,0,0,0,0,0,1,153000
639,10400,1200,4,2,2,294.0,329,2.0,53,53,905.0,0,0,1,0,0,0,0,0,0,0,0,0,0,0,1,144000
640,19296,1382,6,2,2,884.0,252,2.0,47,47,1362.0,0,0,1,0,1,0,0,0,0,0,0,0,0,0,1,176000
641,8532,1297,5,2,2,498.0,0,1.5,55,19,1213.0,0,0,1,0,1,0,0,0,0,0,0,0,0,0,1,153000
642,9482,1866,5,2,2,495.0,0,2.0,51,51,0.0,0,0,1,0,1,0,0,0,0,0,0,0,0,0,1,135000
643,8128,1062,6,2,2,297.0,0,2.0,55,55,490.0,0,0,1,0,1,0,0,0,0,0,0,0,0,0,1,131000
644,10634,1319,5,2,2,270.0,66,2.0,56,56,608.0,0,0,1,0,1,0,0,0,0,0,0,0,0,0,1,123000
645,13070,1112,5,2,2,480.0,255,1.0,58,58,308.0,0,0,1,0,1,0,0,0,0,0,0,0,0,0,1,126000
646,10434,1005,4,2,1,672.0,0,1.0,54,54,0.0,0,0,1,0,1,0,0,0,0,0,0,0,0,0,1,115000
647,14559,1363,5,3,2,288.0,534,2.0,58,9,830.0,0,0,1,0,1,0,0,0,0,0,0,0,0,0,1,164900
648,8480,793,5,2,1,240.0,0,2.0,64,59,700.0,0,0,1,0,1,0,0,0,0,0,0,0,0,0,1,113000
649,7626,1031,5,3,3,230.0,0,2.0,57,4,931.0,0,0,1,0,1,0,0,0,0,0,0,0,0,0,1,145500
650,9533,1210,5,2,2,616.0,308,1.5,56,56,0.0,0,0,1,0,1,0,0,0,1,0,0,0,0,0,0,102900
651,10615,1699,3,2,2,420.0,74,3.0,109,39,440.0,0,0,1,0,0,0,0,0,0,0,0,0,0,0,1,95000
652,11419,1527,7,2,2,410.0,134,2.5,61,10,699.0,0,0,1,0,1,0,0,0,0,0,0,0,0,0,1,152500
653,9600,1200,5,2,2,246.0,126,1.0,59,59,390.0,0,0,1,0,1,0,0,0,0,0,0,0,0,0,1,129900
654,8000,972,6,2,2,240.0,0,2.0,61,7,680.0,0,0,1,0,1,0,0,0,0,0,0,0,0,0,1,132000
655,5470,792,3,2,2,366.0,90,1.0,51,51,0.0,0,0,1,0,1,0,0,0,0,0,0,0,0,0,1,99900
656,10410,1656,5,2,2,180.0,140,2.5,93,22,0.0,0,0,1,0,1,0,0,0,0,0,0,0,0,0,1,135000
657,10800,1352,5,2,3,720.0,315,2.5,70,3,0.0,0,0,1,0,1,0,0,0,0,0,0,0,0,0,1,149000
658,8146,1039,4,3,2,281.0,279,1.0,109,6,0.0,0,0,1,0,1,0,0,0,0,0,0,0,0,0,1,114000
659,9022,792,5,3,3,240.0,436,1.0,85,3,0.0,0,0,1,0,1,0,0,0,0,0,0,0,0,0,1,109500
660,10230,1078,5,2,4,264.0,112,1.0,84,59,0.0,0,0,1,0,1,0,0,0,0,0,0,0,0,0,1,125000
661,10410,2377,4,2,3,528.0,432,2.0,94,59,0.0,0,0,1,0,1,0,0,0,0,0,0,0,0,0,1,142900
662,7200,1690,7,3,3,624.0,112,2.0,99,1,0.0,0,0,1,0,1,0,0,0,0,0,0,0,0,0,1,156500
663,5400,599,2,1,3,0.0,81,2.0,69,59,0.0,0,0,1,0,1,0,0,0,0,0,0,0,0,0,1,59000
664,5400,1374,4,1,2,338.0,198,1.0,89,59,420.0,0,0,1,0,1,0,0,0,0,0,0,0,0,0,1,105000
665,10800,846,5,2,3,576.0,0,1.0,89,59,0.0,0,0,1,0,1,0,0,0,0,0,0,0,0,0,1,106000
666,10800,725,3,2,2,320.0,30,1.5,119,11,0.0,0,0,1,0,1,0,0,0,0,0,0,0,0,0,1,78500
667,9671,2544,6,2,2,907.0,0,3.0,40,40,0.0,0,0,1,0,1,0,0,0,0,0,0,0,0,0,1,190000
668,10143,1380,6,2,2,364.0,216,1.5,46,46,384.0,0,0,1,0,1,0,0,0,0,0,0,0,0,0,1,154000
669,11500,1040,6,1,2,480.0,156,2.0,42,42,932.0,0,0,1,0,1,0,0,0,0,0,0,0,0,0,1,163000
670,11643,2634,5,2,2,968.0,0,4.5,40,40,500.0,0,0,1,0,1,0,0,0,0,0,0,0,0,0,1,200000
671,8010,951,6,3,3,480.0,42,2.0,51,2,745.0,0,0,1,0,1,0,0,0,0,0,0,0,0,0,1,143500
672,10454,1105,6,2,2,308.0,0,1.0,52,52,546.0,0,0,1,0,1,0,0,0,0,0,0,0,0,0,1,135000
673,8712,1306,5,2,2,756.0,0,2.0,52,9,860.0,0,0,1,0,1,0,0,0,0,0,0,0,0,0,1,153000
674,17600,1478,6,2,2,498.0,40,3.0,49,49,1270.0,0,0,1,0,1,0,0,0,0,0,0,0,0,0,1,157500
675,9000,1142,6,2,2,384.0,92,1.0,51,51,0.0,0,0,1,0,1,0,0,0,0,0,0,0,0,0,1,113500
676,12144,1268,5,3,2,288.0,28,1.0,60,59,375.0,0,0,1,0,1,0,0,0,0,0,0,0,0,0,1,133000
677,8544,1040,3,2,2,400.0,0,2.0,59,59,0.0,0,0,1,0,1,0,0,0,0,0,0,0,0,0,1,92900
678,8064,1133,6,2,2,900.0,231,1.0,59,59,621.0,0,0,1,0,0,0,1,0,0,0,0,0,0,0,0,128500
679,7200,1040,4,2,2,420.0,0,2.0,60,59,0.0,0,0,1,0,1,0,0,0,0,0,0,0,0,0,1,90000
680,7200,1904,5,2,2,240.0,168,2.5,59,27,532.0,0,0,1,0,1,0,0,0,0,0,0,0,0,0,1,138000
681,7350,1041,5,2,2,294.0,0,1.0,51,51,0.0,0,0,1,0,1,0,0,0,0,0,0,0,0,0,1,128000
682,7560,1339,5,2,2,294.0,0,1.0,51,44,504.0,0,0,1,0,0,0,1,0,0,0,0,0,0,0,0,139000
683,7200,732,5,2,2,240.0,68,2.0,57,57,732.0,0,0,1,0,1,0,0,0,0,0,0,0,0,0,1,118900
684,8000,1183,5,2,2,288.0,0,2.0,50,50,528.0,0,0,1,0,1,0,0,0,0,0,0,0,0,0,1,138000
685,7931,1148,5,2,2,672.0,0,2.0,50,50,1148.0,0,0,1,0,1,0,0,0,0,0,0,0,0,0,1,132500
686,10800,1461,4,2,2,384.0,204,2.0,60,13,0.0,0,0,1,0,1,0,0,0,0,0,0,0,0,0,1,133500
687,8064,1495,6,2,2,576.0,216,1.0,61,15,120.0,0,0,1,0,0,0,1,0,0,0,0,0,0,0,0,135000
688,7570,1806,6,2,2,483.0,55,1.5,45,45,0.0,0,0,1,0,1,0,0,0,0,0,0,0,0,0,1,144750
689,8604,941,5,2,3,564.0,40,2.0,31,31,941.0,0,0,1,0,1,0,0,0,0,0,0,0,0,0,1,145000
690,7936,1045,6,2,2,264.0,0,2.0,46,46,826.0,0,0,1,0,1,0,0,0,0,0,0,0,0,0,1,127000
691,6600,894,5,2,2,308.0,0,1.0,47,47,0.0,0,0,1,0,1,0,0,0,0,0,0,0,0,0,1,109500
692,3950,1224,6,2,2,210.0,116,1.0,83,5,468.0,0,0,1,0,1,0,0,0,0,0,0,0,0,0,1,115000
693,10440,1230,5,2,2,440.0,202,1.5,99,28,0.0,0,0,1,0,1,0,0,0,0,0,0,0,0,0,1,110000
694,4080,1378,6,2,3,162.0,94,1.0,74,11,0.0,0,0,1,0,1,0,0,0,0,0,0,0,0,0,1,128900
695,10307,1944,6,2,2,324.0,197,3.0,99,59,633.0,0,0,1,0,1,0,0,0,0,0,0,0,0,0,1,103500
696,5720,1131,5,2,2,200.0,26,1.5,68,59,0.0,0,0,1,0,0,0,0,0,0,0,0,0,0,0,1,66500
697,15660,1306,5,2,3,472.0,0,1.5,99,6,0.0,0,0,1,0,1,0,0,0,0,0,0,0,0,0,1,130000
698,9900,1464,5,3,2,0.0,176,2.0,99,7,0.0,0,0,1,0,1,0,0,0,0,0,0,0,0,0,1,129000
699,6406,1558,5,2,2,400.0,218,1.5,70,59,421.0,0,0,1,0,1,0,0,0,0,0,0,0,0,0,1,150000
700,6600,2372,5,2,2,432.0,287,2.0,117,44,0.0,0,0,1,0,1,0,0,0,0,0,0,0,0,0,1,107500
701,7627,1701,4,1,1,0.0,148,2.0,89,59,0.0,0,0,1,0,1,0,0,0,0,0,0,0,0,0,1,94550
702,7596,1960,5,2,2,400.0,0,2.0,57,57,0.0,0,0,1,0,1,0,1,0,0,0,0,0,0,0,0,124500
703,3378,1389,7,2,2,240.0,126,1.5,63,17,0.0,0,0,1,0,1,0,0,0,0,0,0,0,0,0,1,135000
704,10134,1447,5,2,2,0.0,324,1.0,99,59,0.0,0,0,1,0,1,0,0,0,0,0,0,0,0,0,1,103000
705,6000,936,4,1,2,576.0,144,1.0,56,56,0.0,0,0,1,0,1,0,0,0,0,0,0,0,0,0,1,93000
706,6000,1328,5,2,2,308.0,12,1.5,59,39,384.0,0,0,1,0,1,0,0,0,0,0,0,0,0,0,1,129500
707,6000,1387,5,2,3,256.0,0,2.0,55,55,0.0,0,0,1,0,1,0,0,0,0,0,0,0,0,0,1,93000
708,7404,861,4,2,2,288.0,128,1.0,89,59,0.0,0,0,1,0,1,0,0,0,0,0,0,0,1,0,0,80000
709,5925,612,2,2,2,308.0,25,1.0,69,59,0.0,0,0,1,0,1,0,0,0,0,0,0,0,0,0,1,45000
710,5925,968,3,2,2,0.0,0,1.0,99,59,0.0,0,0,1,0,0,0,0,0,0,0,0,0,0,0,1,37900
711,5784,886,5,2,2,273.0,244,1.0,71,13,0.0,0,0,1,0,1,0,0,0,0,0,0,0,0,0,1,91300
712,8520,792,5,3,2,287.0,81,1.0,86,59,0.0,0,0,1,0,1,0,0,0,0,0,0,0,0,0,1,99500
713,4456,1452,4,2,2,0.0,102,2.0,89,1,0.0,0,0,1,0,0,1,0,0,0,0,0,1,0,0,0,113000
714,9600,1510,4,3,3,720.0,160,2.0,99,59,0.0,0,0,1,0,1,0,0,0,0,0,0,0,0,0,1,87500
715,3500,1284,5,2,2,240.0,35,1.5,62,59,312.0,0,0,1,0,1,0,0,0,0,0,0,0,0,0,1,110000
716,8100,2138,5,2,2,360.0,196,2.0,111,44,0.0,0,0,1,0,1,0,0,0,0,0,0,0,0,0,1,106000
717,11700,2640,7,3,3,864.0,567,1.5,129,6,0.0,0,0,1,0,1,0,0,0,0,0,0,0,0,0,1,265979
718,8400,2007,6,2,4,357.0,235,2.0,109,59,0.0,0,0,1,0,1,0,0,0,0,0,0,0,0,0,1,160000
719,3600,1288,6,2,4,280.0,103,2.0,92,2,0.0,0,0,1,0,1,0,0,0,0,0,0,0,0,0,1,119000
720,17671,1742,8,3,3,424.0,169,1.5,127,23,216.0,0,0,1,0,1,0,0,0,0,0,0,0,0,0,1,168000
721,3300,816,4,2,2,0.0,33,1.0,99,59,0.0,0,0,1,0,1,0,0,0,0,0,0,0,0,0,1,58500
722,9000,1482,7,2,2,324.0,0,1.5,89,21,624.0,0,0,1,0,1,0,0,0,0,0,0,0,0,0,1,143000
723,7200,1022,5,2,2,280.0,256,2.0,99,3,712.0,0,0,1,0,1,0,0,0,0,0,0,0,0,0,1,85000
724,8820,1869,5,2,2,456.0,292,1.0,119,13,1088.0,0,0,1,0,1,0,0,0,0,0,0,0,0,0,1,124900
725,5400,1480,6,1,2,207.0,176,1.0,89,59,0.0,0,0,1,0,0,0,0,0,0,1,0,0,0,0,0,119000
726,9720,1521,6,2,3,640.0,238,1.0,99,7,0.0,0,0,1,0,1,0,0,0,0,0,0,0,0,0,1,146500
727,7879,720,4,2,2,0.0,638,1.0,89,59,495.0,0,0,1,0,0,0,0,0,0,0,0,0,0,0,1,34900
728,9392,797,3,2,2,0.0,130,1.0,109,59,0.0,0,0,1,0,0,0,0,0,0,0,0,0,0,0,1,44000
729,21384,1576,5,2,3,528.0,312,3.5,86,5,1309.0,0,0,1,0,1,0,0,0,0,0,0,0,0,0,1,223500
730,6615,1432,6,2,3,216.0,327,1.0,86,59,0.0,0,0,1,0,1,0,0,0,0,0,0,0,0,0,1,149000
731,7264,1548,7,3,4,672.0,218,2.5,84,2,0.0,0,0,1,0,1,0,0,0,0,0,0,0,0,0,1,205000
732,4960,1654,5,2,2,336.0,304,2.0,79,27,0.0,0,1,1,0,1,0,0,0,0,0,0,0,0,0,1,137000
733,8854,952,6,2,1,192.0,138,1.0,93,59,0.0,0,0,1,0,1,0,0,0,0,0,0,0,0,0,1,121000
734,6000,1324,4,2,2,240.0,0,1.0,73,59,672.0,0,0,1,0,1,0,0,0,0,0,0,0,0,0,1,128000
735,6000,1176,6,3,2,624.0,210,1.0,72,9,0.0,0,0,1,0,1,0,0,0,0,0,0,0,0,0,1,134900
736,6000,1348,5,2,2,216.0,208,2.0,84,12,0.0,0,0,1,0,1,0,0,0,0,0,0,0,0,0,1,117000
737,6000,1412,6,2,2,280.0,45,1.0,70,59,0.0,0,0,1,0,1,0,0,0,0,0,0,0,0,0,1,132500
738,6000,1142,5,2,2,320.0,98,1.0,85,59,220.0,0,0,1,0,1,0,0,0,0,0,0,0,0,0,1,93000
739,6000,904,6,3,2,180.0,105,1.0,83,5,0.0,0,0,1,0,1,0,0,0,0,0,0,0,0,0,1,119000
740,6911,1301,5,2,1,440.0,0,1.0,85,59,405.0,0,0,1,0,1,0,0,0,0,0,0,0,0,0,1,100000
741,6120,1539,5,2,2,576.0,112,1.5,73,59,0.0,0,0,1,0,1,0,0,0,0,0,0,0,0,0,1,141500
742,6120,1573,4,2,3,240.0,174,1.0,74,14,0.0,0,0,1,0,1,0,0,0,0,0,0,0,0,0,1,133000
743,6120,800,2,1,1,0.0,0,1.0,73,59,0.0,0,0,1,0,1,0,0,0,0,0,1,0,0,0,0,60000
744,6120,875,5,2,2,180.0,48,2.0,78,16,209.0,0,0,1,0,1,0,0,0,0,0,0,0,0,0,1,105000
745,6120,995,5,2,2,264.0,66,1.0,84,10,0.0,0,0,1,0,0,0,0,0,0,0,0,0,0,0,1,115000
746,6120,1582,5,2,2,250.0,373,2.0,71,59,273.0,0,0,1,0,1,0,0,0,0,0,0,0,0,0,1,150000
747,8635,1072,5,2,2,1184.0,105,2.0,84,59,134.0,0,0,1,0,1,0,0,0,0,0,0,0,0,0,1,126500
748,11888,2134,6,2,3,441.0,328,2.0,93,15,0.0,0,0,1,0,1,0,0,0,0,0,0,0,0,0,1,214500
749,11414,2019,7,2,3,532.0,644,1.0,99,16,0.0,0,1,1,0,1,0,0,0,0,0,0,0,0,0,1,167500
750,8094,1768,6,2,2,576.0,150,2.0,94,59,0.0,0,0,1,0,1,0,0,0,0,0,0,0,0,0,1,155000
751,2500,1826,7,3,4,164.0,0,2.5,94,4,299.0,0,0,1,0,1,0,0,0,0,0,0,0,0,0,1,155000
752,9928,1944,7,2,2,216.0,52,2.0,94,15,0.0,0,0,1,0,1,0,0,0,0,0,0,0,0,0,1,179900
753,5520,2229,6,2,2,0.0,228,1.0,97,59,0.0,0,0,1,0,0,0,0,0,0,0,0,0,0,0,1,104000
754,3000,2128,5,2,2,0.0,56,2.0,87,59,0.0,0,0,1,0,0,0,0,0,0,0,0,0,0,0,1,62500
755,6876,1930,6,2,2,316.0,213,3.0,82,59,522.0,0,0,1,0,1,0,0,0,0,0,0,0,0,0,1,149000
756,6240,1208,4,2,2,539.0,135,1.0,84,59,152.0,0,0,1,0,1,0,0,0,0,0,0,0,0,0,1,103000
757,5775,1427,6,2,3,379.0,136,1.0,94,7,0.0,0,0,1,0,1,0,0,0,0,0,0,0,0,0,1,123000
758,5852,1864,7,2,2,0.0,290,2.5,107,9,169.0,0,0,1,0,1,0,0,0,0,0,0,0,0,0,1,97500
759,5160,1666,6,2,2,384.0,148,1.0,82,59,0.0,0,0,1,0,1,0,0,0,0,0,0,0,0,0,1,135000
760,5160,892,4,2,3,0.0,265,2.0,86,59,812.0,0,0,1,0,0,0,1,0,0,0,0,0,0,0,0,70000
761,10320,1403,6,2,2,308.0,288,2.5,94,44,538.0,0,0,1,0,1,0,0,0,0,0,0,0,0,0,1,116000
762,4280,704,4,2,1,220.0,24,1.5,63,8,0.0,0,0,1,0,1,0,0,0,0,0,0,0,0,0,1,88750
763,10800,1200,5,2,2,0.0,120,6.0,22,21,1200.0,0,0,1,1,0,0,0,0,0,0,0,0,0,0,1,179000
764,10800,1200,5,2,2,0.0,120,6.0,22,21,1200.0,0,0,1,1,0,0,0,0,0,0,0,0,0,0,1,179000
765,10547,1152,5,2,2,252.0,0,4.0,31,31,1152.0,0,0,1,0,1,0,0,0,0,0,0,0,0,0,1,159900
766,10020,904,1,1,1,0.0,0,1.5,87,59,350.0,0,0,1,0,1,0,0,0,0,0,0,0,0,0,1,61000
767,6629,1369,6,2,2,300.0,147,3.0,84,59,551.0,0,0,1,0,1,0,0,0,0,0,0,0,0,0,1,103600
768,9780,1112,5,2,2,226.0,0,3.0,75,59,0.0,0,0,1,0,1,0,0,0,0,0,0,0,0,0,1,63000
769,12886,1464,5,2,2,480.0,402,2.5,46,10,444.0,0,0,1,0,1,0,0,0,0,0,0,0,0,0,1,175000
770,8816,1121,5,2,2,480.0,80,2.0,46,46,651.0,0,0,1,0,1,0,0,0,0,0,0,0,0,0,1,139000
771,11184,1683,6,2,2,440.0,243,2.5,31,31,726.0,0,0,1,0,1,0,0,0,0,0,0,0,0,0,1,172500
772,11625,1052,5,2,2,668.0,215,1.5,42,42,527.0,0,0,1,0,0,0,0,0,0,0,0,0,0,0,1,113500
773,7800,899,5,2,3,288.0,64,1.0,42,5,450.0,0,0,1,0,1,0,0,0,0,0,0,0,0,0,1,130000
774,8014,1034,6,2,2,504.0,0,1.5,31,31,456.0,0,0,1,0,1,0,0,0,0,0,0,0,0,0,1,149900
775,7252,858,5,2,2,576.0,120,2.0,27,27,685.0,0,0,1,0,1,0,0,0,0,0,0,0,0,0,1,134900
776,8740,860,5,2,2,528.0,0,2.0,27,27,672.0,0,0,1,0,1,0,0,0,0,0,0,0,0,0,1,137000
777,11616,1092,5,2,2,288.0,164,1.5,47,47,840.0,0,0,1,0,1,0,0,0,0,0,0,0,0,0,1,139000
778,15400,1774,5,2,2,384.0,330,2.0,48,48,0.0,0,0,1,0,1,0,0,0,0,0,0,0,0,0,1,165000
779,15312,1138,6,2,2,480.0,140,1.5,49,49,588.0,0,0,1,0,1,0,1,0,0,0,0,0,0,0,0,148000
780,15584,2071,5,2,2,336.0,159,2.0,53,53,0.0,0,0,2,0,1,0,0,0,0,0,0,0,0,0,1,165000
781,9000,660,2,2,1,0.0,100,1.0,62,59,0.0,0,0,1,0,1,0,0,0,0,0,0,0,0,0,1,63900
782,11250,1788,4,2,2,304.0,120,2.0,52,20,0.0,0,0,2,0,1,0,0,0,0,0,0,0,0,0,1,161500
783,25095,1473,5,2,4,452.0,108,3.0,41,6,1324.0,0,0,2,0,0,1,0,0,0,0,0,0,0,0,1,143000
784,17140,1229,4,2,2,284.0,0,1.0,53,53,1059.0,0,0,1,0,1,0,0,0,0,0,0,0,0,0,1,135000
785,12342,861,4,2,2,539.0,158,1.0,69,59,262.0,0,0,1,0,1,0,0,0,0,0,0,0,0,0,1,82500
786,10708,1867,5,3,2,303.0,618,2.0,54,16,1147.0,0,0,2,0,1,0,1,0,0,0,0,0,0,0,0,190000
787,13680,1733,3,2,2,452.0,0,2.0,54,54,0.0,0,0,1,0,1,0,0,0,0,0,0,0,0,0,1,139600
788,15635,1383,4,2,2,498.0,200,1.0,55,55,0.0,0,0,1,0,1,0,0,0,0,0,0,0,0,0,1,122000
789,9855,1689,6,2,2,480.0,0,1.0,53,53,0.0,0,0,1,0,1,0,1,0,0,0,0,0,0,0,0,127500
790,9571,1073,5,2,2,340.0,0,2.0,53,53,257.0,0,0,1,0,1,0,0,0,0,0,0,0,0,0,1,121500
791,9571,1276,5,2,2,350.0,0,1.0,51,51,0.0,0,0,1,0,0,0,1,0,0,0,0,0,0,0,0,60000
792,9350,1639,6,2,3,240.0,50,1.5,63,59,342.0,0,0,1,0,1,0,0,0,0,0,0,0,0,0,1,154400
793,9340,672,4,2,2,234.0,113,2.0,68,59,344.0,0,0,1,0,1,0,0,0,0,0,0,0,0,0,1,113000
794,7440,1089,5,2,2,252.0,328,2.0,55,55,173.0,0,0,1,0,1,0,0,0,0,0,0,0,0,0,1,125000
795,11500,845,4,2,2,290.0,186,1.0,52,52,0.0,0,0,1,0,1,0,0,0,0,0,0,0,0,0,1,84000
796,4235,1049,5,3,3,266.0,105,3.0,25,25,945.0,0,0,1,0,1,0,0,0,0,0,0,0,0,0,1,139500
797,11409,1716,5,2,2,281.0,160,1.5,60,1,292.0,0,0,1,0,1,0,0,0,0,0,0,0,0,0,1,131000
798,9060,1258,6,2,2,280.0,0,1.0,70,59,204.0,0,0,1,0,1,0,0,0,0,0,0,0,0,0,1,105000
799,9084,1510,4,2,2,296.0,120,2.0,69,59,0.0,0,0,1,0,1,0,0,0,0,0,0,0,0,0,1,108000
800,10778,1061,7,3,3,462.0,150,2.5,19,18,746.0,0,0,2,0,1,0,0,0,0,0,0,0,0,0,1,162000
801,19255,1338,6,3,3,576.0,0,1.5,26,26,520.0,0,0,2,0,1,0,0,0,0,0,0,0,0,0,1,156500
802,12327,2132,8,3,3,612.0,389,2.5,26,0,1441.0,0,0,2,0,1,0,0,0,0,0,0,0,0,0,1,316600
803,14684,2196,7,3,3,701.0,154,2.0,19,18,662.0,0,0,2,0,1,0,0,0,0,0,0,0,0,0,1,271900
804,9317,1775,7,3,3,425.0,498,3.5,16,16,513.0,0,0,2,0,1,0,0,0,0,0,0,0,0,0,1,213000
805,10560,1879,7,3,3,473.0,644,3.5,16,15,474.0,0,0,2,0,1,0,0,0,0,0,0,0,0,0,1,239900
806,9828,2020,8,3,3,466.0,155,2.5,14,14,584.0,0,0,2,0,1,0,0,0,0,0,0,0,0,0,1,239500
807,26400,2016,5,3,2,576.0,0,1.0,129,2,0.0,0,0,2,0,1,0,0,0,0,0,0,0,0,0,1,131000
808,7018,1535,5,2,2,410.0,0,2.0,30,30,0.0,0,0,2,1,0,0,0,0,0,0,0,0,0,0,1,118964
809,7018,1224,5,2,2,528.0,120,3.0,30,30,1086.0,0,0,2,1,0,0,0,0,0,0,0,0,0,0,1,153337
810,7018,2228,5,2,2,720.0,73,2.0,30,30,0.0,0,0,2,1,0,0,0,0,0,0,0,0,0,0,1,147983
811,7018,1535,5,2,2,400.0,0,2.0,30,30,0.0,0,0,2,1,0,0,0,0,0,0,0,0,0,0,1,118858
812,7018,1535,5,2,2,400.0,0,2.0,30,30,0.0,0,0,2,1,0,0,0,0,0,0,0,0,0,0,1,118858
813,7018,2240,5,2,2,528.0,154,2.0,30,30,0.0,0,0,2,1,0,0,0,0,0,0,0,0,0,0,1,142953
814,7040,1229,5,2,3,672.0,120,3.0,30,30,1094.0,0,0,2,1,0,0,0,0,0,0,0,0,0,0,1,148325
815,7007,1513,5,2,2,400.0,0,2.0,30,30,0.0,0,0,2,1,0,0,0,0,0,0,0,0,0,0,1,113722
816,11855,2787,7,2,2,820.0,312,7.0,9,9,820.0,0,0,2,0,1,0,0,0,0,0,0,0,0,0,1,269500
817,7939,2787,7,2,2,820.0,312,7.0,9,9,820.0,0,0,2,0,1,0,0,0,0,0,0,0,0,0,1,269500
818,7976,2787,7,2,2,820.0,312,7.0,9,9,820.0,0,0,2,0,1,0,0,0,0,0,0,0,0,0,1,269500
819,10933,1680,9,4,4,1138.0,209,2.5,0,0,1021.0,0,0,2,0,0,1,0,0,0,0,0,1,0,0,0,323262
820,10637,1718,8,3,3,826.0,252,3.0,2,1,1288.0,0,0,2,0,1,0,0,0,0,0,0,0,0,0,1,297000
821,10226,1630,8,3,4,860.0,214,3.0,1,1,0.0,0,0,2,0,1,0,0,0,0,0,0,0,0,0,1,295493
822,10816,1720,9,4,4,846.0,312,3.0,1,1,1104.0,0,0,2,0,1,0,0,0,0,0,0,0,0,0,1,332000
823,9178,1468,8,3,3,904.0,334,2.0,1,1,0.0,0,0,2,0,1,0,0,0,0,0,0,0,0,0,1,239900
824,10769,1768,8,3,3,578.0,249,2.5,2,2,20.0,0,0,2,0,1,0,0,0,0,0,0,0,0,0,1,212000
825,11422,1838,8,3,3,524.0,376,3.0,2,1,1359.0,0,0,2,0,1,0,0,0,0,0,0,0,0,0,1,272500
826,11923,1800,9,3,4,702.0,424,2.0,2,2,0.0,0,0,2,0,1,0,0,0,0,0,0,0,0,0,1,239000
827,8814,1604,7,3,3,660.0,233,3.5,3,3,1334.0,0,0,2,0,0,0,0,0,0,0,0,0,0,0,1,220000
828,6762,1290,7,3,3,662.0,168,3.0,2,2,902.0,0,0,2,0,1,0,0,0,0,0,0,0,0,0,1,200000
829,10324,1254,8,3,3,810.0,260,3.0,1,1,872.0,0,0,2,0,1,0,0,0,0,0,0,0,0,0,1,221800
830,7314,1232,7,3,3,632.0,132,3.0,2,2,724.0,0,0,2,0,1,0,0,0,0,0,0,0,0,0,1,194500
831,11645,1498,8,3,3,844.0,242,2.0,4,3,24.0,0,0,2,0,1,0,0,0,0,0,0,0,0,0,1,237000
832,11646,1422,6,3,3,440.0,64,2.5,4,3,0.0,0,0,2,0,1,0,0,0,0,0,0,0,0,0,1,173000
833,12800,1644,7,3,3,569.0,476,3.5,20,20,1518.0,0,0,2,0,1,0,0,0,0,0,0,0,0,0,1,275000
834,16698,1759,7,3,3,525.0,343,3.5,17,16,800.0,0,0,2,0,1,0,0,0,0,0,0,0,0,0,1,233500
835,28698,2126,5,2,2,538.0,711,3.0,42,42,1013.0,0,0,2,0,0,0,0,0,0,0,0,0,0,0,1,185000
836,12464,1040,5,2,3,576.0,168,2.0,13,13,732.0,0,0,2,0,1,0,0,0,0,0,0,0,0,0,1,152000
837,9757,990,5,2,2,440.0,158,2.0,15,15,755.0,0,0,2,0,1,0,0,0,0,0,0,0,0,0,1,143000
838,15426,1764,6,2,3,470.0,375,3.5,12,12,821.0,0,0,2,0,1,0,0,0,0,0,0,0,0,0,1,231500
839,10667,1661,7,3,3,550.0,219,3.5,13,13,729.0,0,0,2,0,1,0,0,0,0,0,1,0,0,0,0,212000
840,14753,1463,7,2,2,539.0,81,3.0,11,11,950.0,0,0,2,0,1,0,0,0,0,0,0,0,0,0,1,207000
841,10859,1097,5,2,2,672.0,456,1.5,15,14,0.0,0,0,2,0,1,0,0,0,0,0,0,0,0,0,1,145000
842,8072,990,5,2,2,480.0,64,2.0,15,14,746.0,0,0,2,0,1,0,0,0,0,0,0,0,0,0,1,138000
843,10400,1779,7,2,3,546.0,234,2.5,11,11,0.0,0,0,2,0,1,0,0,0,0,0,0,0,0,0,1,197900
844,10335,1501,7,3,3,577.0,173,3.0,10,10,679.0,0,0,2,0,1,0,0,0,0,0,0,0,0,0,1,204000
845,9017,1431,7,3,3,666.0,35,3.0,10,10,560.0,0,0,2,0,1,0,0,0,0,0,0,0,0,0,1,192000
846,8750,1772,6,2,2,492.0,246,3.5,11,11,606.0,0,0,2,0,1,0,0,0,0,0,0,0,0,0,1,200000
847,8935,1660,7,3,3,493.0,212,2.5,7,7,0.0,0,0,2,0,1,0,0,0,0,0,0,0,0,0,1,195000
848,9808,1573,7,3,3,544.0,72,3.0,7,7,788.0,0,0,2,0,1,0,0,0,0,0,0,0,0,0,1,227000
849,12420,1840,7,3,3,622.0,45,3.5,8,8,666.0,0,0,2,0,1,0,0,0,0,0,0,0,0,0,1,230000
850,16285,1430,7,3,3,605.0,33,2.0,8,7,0.0,0,0,2,0,1,0,0,0,0,0,0,0,0,0,1,187100
851,10739,1444,7,3,3,577.0,184,3.0,7,8,1259.0,0,0,2,0,1,0,0,0,0,0,0,0,0,0,1,203000
852,11166,1492,7,3,3,608.0,282,2.0,8,8,24.0,0,0,2,0,0,0,0,0,0,0,0,0,0,0,1,201000
853,8430,1040,5,2,2,0.0,0,2.0,31,31,616.0,0,0,2,0,1,0,0,0,0,0,0,0,0,0,1,124000
854,16269,907,5,2,2,343.0,72,1.0,31,31,625.0,0,0,2,0,1,0,0,0,0,0,0,0,0,0,1,140000
855,6950,914,5,2,2,444.0,0,2.0,30,30,782.0,0,0,2,0,1,0,0,0,0,0,0,0,0,0,1,134900
856,8800,1040,5,2,3,484.0,288,2.0,32,1,676.0,0,0,2,0,1,0,0,0,0,0,0,0,0,0,1,150500
857,7000,864,5,3,2,336.0,0,2.0,31,4,646.0,0,0,2,0,1,0,0,0,0,0,0,0,0,0,1,136500
858,9286,1268,5,2,3,252.0,173,1.5,32,20,196.0,0,0,2,0,1,0,0,0,0,0,0,0,0,0,1,143500
859,15523,864,5,2,2,338.0,0,2.0,37,37,460.0,0,0,2,0,1,0,0,0,0,0,0,0,0,0,1,133500
860,7200,894,5,2,2,600.0,215,1.0,37,37,777.0,0,0,2,0,1,0,0,0,0,0,0,0,0,0,1,123000
861,7200,768,5,2,2,396.0,192,1.5,37,6,660.0,0,0,2,0,1,0,0,0,0,0,0,0,0,0,1,133900
862,8445,768,5,2,2,396.0,58,2.0,37,2,656.0,0,0,2,0,1,0,0,0,0,0,0,0,0,0,1,133000
863,11664,1611,7,3,3,1231.0,355,3.0,7,7,1234.0,0,0,2,0,1,0,0,0,0,0,0,0,0,0,1,250000
864,12334,2184,8,3,3,570.0,324,2.5,6,6,0.0,0,0,2,0,1,0,0,0,0,0,0,0,0,0,1,254750
865,11838,1788,8,3,4,522.0,353,2.0,8,8,0.0,0,0,2,0,1,0,0,0,0,0,0,0,0,0,1,236500
866,11885,1872,8,3,4,531.0,282,3.5,8,8,990.0,0,0,2,0,1,0,0,0,0,0,0,0,0,0,1,261500
867,11050,2153,9,3,4,736.0,395,3.5,9,9,904.0,0,0,2,0,1,0,0,0,0,0,0,0,0,0,1,313000
868,8749,1725,7,3,3,550.0,48,2.5,7,7,0.0,0,0,2,0,1,0,0,0,0,0,0,0,0,0,1,198500
869,11250,1870,7,3,3,608.0,299,2.5,8,8,0.0,0,0,2,0,1,0,0,0,0,0,0,0,0,0,1,211000
870,15750,1513,8,3,3,521.0,169,3.0,10,9,1246.0,0,0,2,0,1,0,0,0,0,0,0,0,0,0,1,220000
871,11883,1504,7,3,3,478.0,181,3.0,13,13,690.0,0,0,2,0,1,0,0,0,0,0,0,0,0,0,1,203000
872,12782,1828,8,3,3,523.0,338,3.0,7,6,1360.0,0,0,2,0,1,0,0,0,0,0,0,0,0,0,1,279500
873,8750,1417,7,3,3,511.0,177,3.0,12,11,1111.0,0,0,2,0,1,0,0,0,0,0,0,0,0,0,1,210000
874,9375,2034,7,2,3,645.0,612,3.5,12,11,739.0,0,0,2,0,1,0,0,0,0,0,0,0,0,0,1,219500
875,8750,1716,7,3,3,512.0,120,2.5,13,13,0.0,0,0,2,0,1,0,0,0,0,0,0,0,0,0,1,191000
876,9100,1212,7,3,3,573.0,356,2.0,8,8,0.0,0,0,2,0,1,0,0,0,0,0,0,0,0,0,1,178000
877,9750,1630,7,3,3,451.0,308,2.0,9,8,0.0,0,0,2,0,1,0,0,0,0,0,0,0,0,0,1,213000
878,4435,848,6,3,3,420.0,140,2.0,6,5,685.0,0,0,2,0,1,0,0,0,0,0,0,0,0,0,1,144000
879,4435,848,6,3,3,420.0,140,2.0,6,6,685.0,0,0,2,0,1,0,0,0,0,0,0,0,0,0,1,140000
880,10200,1602,8,3,3,810.0,243,3.0,2,2,1478.0,0,0,2,0,1,0,0,0,0,0,0,0,0,0,1,293200
881,9313,1728,7,3,3,572.0,243,2.5,5,5,0.0,0,0,2,0,1,0,0,0,0,0,0,0,0,0,1,190000
882,8487,1500,7,3,3,570.0,228,2.0,5,5,20.0,0,0,2,0,1,0,0,0,0,0,0,0,0,0,1,190000
883,8633,1476,6,3,3,540.0,135,3.5,4,4,193.0,0,0,2,0,1,0,0,0,0,0,0,0,0,0,1,173500
884,11069,1396,6,3,3,440.0,136,2.5,2,2,0.0,0,0,2,0,1,0,0,0,0,0,0,0,0,0,1,170000
885,8777,1126,4,2,3,520.0,96,2.0,60,6,0.0,0,0,1,0,1,0,0,0,0,0,0,0,0,0,1,108000
886,9937,1486,5,2,2,480.0,0,2.0,45,10,637.0,0,0,1,0,1,0,0,0,0,0,0,0,0,0,1,167000
887,8877,816,4,2,2,288.0,0,2.0,71,51,690.0,0,0,1,0,1,0,0,0,0,0,0,0,0,0,1,100000
888,7301,1922,7,3,3,672.0,177,3.0,6,6,0.0,0,0,1,0,1,0,0,0,1,0,0,0,0,0,0,198500
889,7950,1426,6,2,2,440.0,252,1.5,32,32,535.0,0,0,1,0,1,0,0,0,0,0,0,0,0,0,1,159500
890,10682,1149,4,2,2,544.0,240,2.0,49,38,399.0,0,0,1,0,1,0,0,0,0,0,0,0,0,0,1,127000
891,7200,1125,6,2,2,352.0,296,2.0,33,33,631.0,0,0,1,0,0,0,0,0,0,0,0,0,0,0,1,125000
892,13286,1698,9,4,4,768.0,391,3.0,2,1,1234.0,0,0,1,0,1,0,0,0,0,0,0,0,0,0,1,320000
893,3675,1072,6,2,2,525.0,28,2.0,4,3,547.0,0,0,1,0,1,0,0,0,0,0,0,0,0,0,1,145500
894,9405,698,5,2,2,0.0,200,1.5,62,1,0.0,0,0,1,0,1,0,0,0,0,0,0,0,0,0,1,118000
895,6410,876,4,2,2,320.0,0,1.0,50,50,575.0,0,0,1,0,1,0,0,0,0,0,0,0,0,0,1,85000
896,11767,1368,5,2,2,195.0,252,2.0,59,59,1078.0,0,0,1,0,1,0,0,0,0,0,0,0,0,0,1,120000
897,8405,1529,4,2,2,240.0,277,2.0,64,59,0.0,0,0,1,0,1,0,0,0,0,0,0,0,0,0,1,98000
898,4060,864,5,2,2,0.0,96,1.0,87,59,0.0,0,0,1,0,1,0,0,0,0,0,0,0,0,0,1,99900
899,10206,944,3,2,1,528.0,0,1.0,57,57,0.0,0,0,1,0,1,0,0,0,0,0,0,0,0,0,1,82000
900,10926,1678,5,2,2,0.0,0,2.0,50,50,0.0,0,0,1,0,1,0,0,0,0,0,0,0,0,0,1,119900
901,11767,1560,5,2,2,313.0,0,1.0,53,53,546.0,0,0,1,0,1,0,0,0,0,0,0,0,0,0,1,103500
902,8926,960,4,2,2,288.0,224,1.0,53,53,0.0,0,0,1,0,0,0,1,0,0,0,0,0,0,0,0,112000
903,12354,1196,6,2,3,528.0,46,1.0,89,9,0.0,0,0,1,0,1,0,0,0,0,1,0,0,0,0,0,110000
904,8212,1298,5,2,2,256.0,84,1.0,68,59,626.0,0,0,1,0,1,0,0,0,0,0,0,0,0,0,1,122000
905,10998,1604,5,2,2,660.0,68,2.0,68,49,828.0,0,0,1,0,1,0,0,0,0,0,0,0,0,0,1,117000
906,6300,1268,5,2,2,250.0,55,1.5,71,59,832.0,0,0,1,0,0,0,0,0,0,0,0,0,0,0,1,160000
907,4500,1520,5,2,2,281.0,56,1.0,77,9,182.0,0,0,1,0,0,0,0,0,0,0,0,0,0,0,1,159434
908,8400,438,2,2,1,246.0,0,1.0,89,59,290.0,0,0,1,0,1,0,0,0,0,0,0,0,0,0,1,60000
909,9900,1489,6,2,2,240.0,335,2.0,69,59,0.0,0,0,1,0,1,0,0,0,0,0,0,0,0,0,1,139500
910,15863,3082,7,2,2,672.0,199,3.5,89,39,523.0,0,0,1,0,1,0,0,0,0,0,0,0,0,0,1,197000
911,5707,1242,6,2,2,180.0,425,1.5,74,59,0.0,0,0,1,0,1,0,0,0,0,0,0,0,0,0,1,105000
912,7804,1981,4,2,3,576.0,475,3.0,81,59,622.0,0,0,1,0,1,0,0,0,0,0,0,0,0,0,1,135000
913,8574,1232,6,3,3,440.0,180,1.0,93,9,0.0,0,0,2,0,1,0,0,0,0,0,0,0,0,0,1,147500
914,6171,1608,6,2,3,216.0,163,2.5,84,19,264.0,0,0,1,0,1,0,0,0,0,0,0,0,0,0,1,137450
915,7200,1135,7,3,3,576.0,256,2.0,73,2,560.0,0,0,1,0,1,0,0,0,0,0,0,0,0,0,1,155000
916,7558,1913,6,2,2,342.0,0,1.5,81,59,0.0,0,0,2,0,1,0,0,0,0,0,0,0,0,0,1,177000
917,6292,1477,7,2,2,216.0,50,2.5,81,59,0.0,0,0,1,0,1,0,0,0,0,0,0,0,0,0,1,145000
918,7155,1228,7,2,2,215.0,308,1.0,91,19,0.0,0,0,2,0,1,0,0,0,0,0,0,0,0,0,1,137000
919,10918,2080,7,3,3,282.0,145,1.5,83,5,0.0,0,0,2,0,1,0,0,0,0,0,0,0,0,0,1,234000
920,13680,1567,5,2,2,440.0,171,2.5,69,59,728.0,0,0,2,0,1,0,0,0,0,0,0,0,0,0,1,205000
921,7500,1494,6,2,3,213.0,224,1.0,67,59,547.0,0,0,2,0,1,0,0,0,0,0,0,0,0,0,1,177500
922,9600,1308,5,3,2,256.0,70,2.5,69,59,428.0,0,0,2,0,1,0,0,0,0,0,0,0,0,0,1,160000
923,14680,1273,5,2,2,307.0,598,1.0,49,49,793.0,0,0,2,0,1,0,0,0,0,0,0,0,0,0,1,155000
924,13360,964,5,2,2,432.0,44,2.0,88,3,713.0,0,0,2,0,1,0,0,0,0,0,0,0,0,0,1,163500
925,7681,1343,5,2,2,186.0,294,1.5,88,59,0.0,0,0,2,0,1,0,0,0,0,0,0,0,0,0,1,154900
926,8145,2480,7,2,2,400.0,57,2.5,69,59,246.0,0,0,2,0,1,0,0,0,0,0,0,0,0,0,1,205000
927,9100,1112,5,2,2,390.0,0,2.0,55,55,848.0,0,0,2,0,0,0,0,0,0,0,0,0,0,0,1,144800
928,12000,1564,7,2,1,234.0,0,1.5,68,59,275.0,0,0,2,0,1,0,0,0,0,0,0,0,0,0,1,174500
929,13339,1561,6,2,2,463.0,268,3.0,49,49,940.0,0,0,2,0,1,0,0,0,0,0,0,0,0,0,1,193000
930,15600,1523,5,2,1,295.0,81,3.0,60,4,819.0,0,0,2,0,1,0,0,0,0,0,0,0,0,0,1,158000
931,14000,1152,6,2,3,300.0,36,1.5,59,5,0.0,0,0,2,0,0,0,0,0,0,0,0,0,0,0,1,158500
932,17500,1906,6,2,2,576.0,201,2.5,55,55,1219.0,0,0,2,0,1,0,0,0,0,0,0,0,0,0,1,224000
933,1733,1032,6,2,2,452.0,279,1.0,29,29,0.0,0,0,1,0,1,0,0,0,0,0,0,0,0,0,1,115000
934,1488,1229,6,2,3,462.0,176,2.5,29,17,471.0,0,0,1,0,1,0,0,0,0,0,0,0,0,0,1,137000
935,1612,1229,6,2,2,462.0,154,1.5,29,29,0.0,0,0,1,0,1,0,0,0,0,0,0,0,0,0,1,121000
936,1300,1229,6,2,2,462.0,150,1.5,29,29,285.0,0,0,1,0,1,0,0,0,0,0,0,0,0,0,1,124000
937,13607,1982,6,2,2,501.0,512,3.5,23,23,454.0,0,0,2,0,1,0,0,0,0,0,0,0,0,0,1,208000
938,17597,2365,7,3,4,551.0,344,3.0,38,0,1222.0,0,0,2,0,1,0,0,0,0,0,0,0,0,0,1,315000
939,21695,1680,6,3,3,540.0,518,3.0,21,2,808.0,0,0,2,0,1,0,0,0,0,0,0,0,0,0,1,222000
940,10690,1344,5,2,2,468.0,346,1.0,89,12,456.0,0,0,1,0,1,0,0,0,0,0,0,0,0,0,1,147000
941,8660,2168,5,2,3,576.0,705,2.0,109,16,0.0,0,0,1,0,1,0,0,0,0,0,0,0,0,0,1,123000
942,6402,1192,5,2,2,189.0,137,1.0,89,59,0.0,0,0,1,0,1,0,0,0,0,0,0,0,0,0,1,78000
943,8470,1526,3,1,1,0.0,156,1.0,94,27,0.0,0,0,1,0,0,0,0,0,1,0,0,0,0,0,0,85000
944,10200,572,4,2,2,200.0,72,1.0,84,59,0.0,0,0,1,0,1,0,0,0,0,0,0,0,0,0,1,75000
945,3843,1648,8,4,4,482.0,368,3.5,2,1,1476.0,0,0,2,0,0,1,0,0,0,0,0,1,0,0,0,230000
946,21780,810,2,1,2,280.0,143,1.0,99,59,0.0,0,0,1,0,1,0,0,0,1,0,0,0,0,0,0,57625
947,10125,2052,8,3,3,642.0,301,2.5,9,8,695.0,0,0,2,0,1,0,0,0,0,0,0,0,0,0,1,251000
948,12822,2149,7,3,3,670.0,409,2.5,6,6,1351.0,0,0,2,0,0,0,0,0,0,0,0,0,0,0,1,239686
949,12118,1710,7,3,3,550.0,328,2.0,5,4,0.0,0,0,2,0,1,0,0,0,0,0,0,0,0,0,1,240000
950,12209,1961,6,2,3,560.0,317,3.5,8,7,690.0,0,0,2,0,1,0,0,0,0,0,0,0,0,0,1,215000
951,9750,926,6,2,2,351.0,319,2.0,32,32,767.0,0,0,2,0,1,0,0,0,0,0,0,0,0,0,1,156450
952,9360,1287,6,2,2,541.0,461,2.5,32,32,957.0,0,0,2,0,1,0,0,0,0,0,0,0,0,0,1,173000
953,10125,1734,5,2,3,539.0,0,2.0,32,32,0.0,0,0,2,0,1,0,1,0,0,0,0,0,0,0,0,126000
954,9947,1217,7,2,3,497.0,195,3.0,19,18,611.0,0,0,2,0,1,0,0,0,0,0,0,0,0,0,1,173000
955,11070,1595,5,2,2,672.0,0,3.0,18,18,55.0,0,0,2,0,0,0,1,0,0,0,0,0,0,0,0,152000
956,14375,1344,6,2,3,525.0,351,1.5,51,51,465.0,0,0,2,0,0,0,1,0,0,0,0,0,0,0,0,137500
957,215245,2036,7,2,2,513.0,0,4.0,44,44,2056.0,0,0,2,0,1,0,0,0,0,0,0,0,0,0,1,375000
958,12898,1620,9,3,4,912.0,228,3.0,2,1,1022.0,0,0,2,0,1,0,0,0,0,0,0,0,0,0,1,315500
959,13159,1692,7,2,3,650.0,322,2.5,0,0,0.0,0,0,2,0,0,1,0,0,0,0,0,1,0,0,0,224500
960,13438,2036,9,4,4,780.0,244,3.0,1,1,1758.0,0,0,2,0,1,0,0,0,0,0,0,0,0,0,1,410000
961,14463,1641,9,4,4,885.0,95,3.0,1,1,1115.0,0,0,2,0,1,0,0,0,0,0,0,0,0,0,1,316500
962,8925,1466,8,3,3,610.0,118,2.0,2,2,16.0,0,0,2,0,1,0,0,0,0,0,0,0,0,0,1,201000
963,11457,1412,6,2,3,576.0,169,3.0,21,21,1005.0,0,0,2,0,1,0,0,0,0,0,0,0,0,0,1,175000
964,9839,2237,6,2,3,440.0,329,2.5,29,3,462.0,0,0,2,0,1,0,0,0,0,0,0,0,0,0,1,204000
965,14419,1479,7,2,3,578.0,462,4.5,22,20,1528.0,0,0,2,0,1,0,0,0,0,0,0,0,0,0,1,213500
966,6853,1296,8,3,3,471.0,217,3.0,8,7,1005.0,0,0,2,0,1,0,0,0,0,0,0,0,0,0,1,220000
967,9157,2014,7,3,3,486.0,238,2.5,6,6,0.0,0,0,2,0,0,0,0,0,0,0,0,0,0,0,1,170000
968,14601,1838,9,4,4,765.0,338,3.0,3,3,1260.0,0,0,2,0,1,0,0,0,0,0,0,0,0,0,1,315000
969,12633,1978,9,4,4,920.0,360,3.0,2,2,1640.0,0,0,2,0,1,0,0,0,0,0,0,0,0,0,1,425000
970,12518,1008,5,2,3,384.0,144,1.0,41,41,532.0,0,0,2,0,1,0,0,0,0,0,0,0,0,0,1,139500
971,21750,1771,5,2,2,336.0,0,1.0,49,3,0.0,0,0,2,0,1,0,0,0,0,0,0,0,0,0,1,115000
972,4500,1204,6,2,2,412.0,247,3.0,11,11,866.0,0,0,2,0,1,0,0,0,0,0,0,0,0,0,1,162000
973,4500,1224,6,2,2,402.0,304,3.0,10,10,883.0,0,0,2,0,1,0,0,0,0,0,0,0,0,0,1,165000
974,1596,988,4,2,2,297.0,221,2.0,36,36,462.0,0,0,1,0,1,0,0,0,0,0,0,0,0,0,1,91000
975,9858,874,5,2,2,288.0,33,2.0,41,41,510.0,0,0,2,0,1,0,0,0,0,0,0,0,0,0,1,130000
976,1526,630,4,2,3,286.0,0,2.0,39,7,515.0,0,0,1,0,1,0,0,0,0,0,0,0,0,0,1,86000
977,13383,1404,5,2,2,504.0,16,2.0,40,9,594.0,0,0,2,0,1,0,0,0,0,0,0,0,0,0,1,160000
978,1477,630,4,2,2,286.0,0,2.0,39,39,509.0,0,0,1,0,1,0,0,0,0,0,0,0,0,0,1,80000
979,1533,1344,4,2,2,0.0,0,1.5,39,1,0.0,0,0,1,0,1,0,0,0,0,0,0,0,0,0,1,97000
980,2217,1092,4,2,2,286.0,238,1.5,39,39,546.0,0,0,1,0,1,0,0,0,0,0,0,0,0,0,1,88000
981,7689,796,5,2,2,336.0,138,1.5,37,37,796.0,0,0,2,0,1,0,0,0,0,0,0,0,0,0,1,131900
982,7706,1091,6,2,2,429.0,280,1.5,16,13,384.0,0,0,2,0,1,0,0,0,0,0,0,0,0,0,1,131250
983,9101,1110,5,2,3,602.0,333,2.0,31,31,1097.0,0,0,2,0,1,0,0,0,0,0,0,0,0,0,1,165500
984,8780,833,5,2,2,0.0,0,2.0,24,24,625.0,0,0,2,0,1,0,0,0,0,0,0,0,0,0,1,112000
985,7669,883,5,2,2,698.0,132,2.0,17,16,828.0,0,0,2,0,1,0,0,0,0,0,0,0,0,0,1,149000
986,14115,1362,5,2,2,480.0,390,2.5,16,14,732.0,0,0,2,0,1,0,0,0,0,0,0,0,0,0,1,143000
987,10429,1287,5,2,2,440.0,150,1.5,17,17,330.0,0,0,2,0,1,0,0,0,0,0,0,0,0,0,1,130000
988,9819,1567,6,2,3,714.0,296,3.0,32,32,1567.0,0,0,2,0,1,0,0,0,0,0,0,0,0,0,1,196000
989,10457,1632,5,3,2,898.0,541,1.5,40,40,784.0,0,0,2,0,1,0,0,0,0,0,0,0,0,0,1,173000
990,11029,1414,6,4,2,601.0,241,2.0,50,6,939.0,0,0,1,0,1,0,0,0,0,0,0,0,0,0,1,176500
991,12925,2117,6,2,2,550.0,42,2.5,38,38,865.0,0,0,1,0,1,0,0,0,0,0,0,0,0,0,1,237500
992,11075,2112,6,2,2,576.0,280,2.5,39,39,776.0,0,0,1,0,1,0,0,0,0,0,0,0,0,0,1,206900
993,8702,1604,6,2,2,470.0,36,2.5,11,10,706.0,0,0,2,0,1,0,0,0,0,0,0,0,0,0,1,187500
994,8139,1470,6,2,2,420.0,241,2.5,13,12,476.0,0,0,2,0,1,0,0,0,0,0,0,0,0,0,1,165000
995,9535,1604,6,2,2,472.0,182,2.5,10,10,851.0,0,0,2,0,1,0,0,0,0,0,0,0,0,0,1,195500
996,9042,1638,6,2,2,472.0,138,3.5,10,10,828.0,0,0,2,0,1,0,0,0,0,0,0,0,0,0,1,192000
997,15038,1636,6,2,2,386.0,252,2.5,12,12,138.0,0,0,2,0,1,0,0,0,0,0,0,0,0,0,1,173000
998,14137,1384,5,3,3,404.0,39,3.0,12,11,450.0,0,0,2,0,1,0,0,0,0,0,0,0,0,0,1,177900
999,21872,1446,7,2,2,406.0,286,3.0,12,11,604.0,0,0,2,0,1,0,0,0,0,0,0,0,0,0,1,175000
1000,4923,1593,8,3,4,682.0,344,2.5,7,6,1153.0,0,0,3,0,1,0,0,0,0,0,0,0,0,0,1,286000
1001,6264,1682,8,3,3,528.0,0,2.5,11,11,656.0,0,0,3,0,1,0,0,0,0,0,0,0,0,0,1,247900
1002,5395,1337,8,3,3,462.0,334,3.0,15,15,733.0,0,0,3,0,1,0,0,0,0,0,0,0,0,0,1,180000
1003,5070,1280,8,3,3,506.0,226,2.0,16,16,0.0,0,0,3,0,1,0,0,0,0,0,0,0,0,0,1,180000
1004,10839,1604,6,2,2,470.0,36,2.5,11,10,0.0,0,0,2,0,1,0,0,0,0,0,0,0,0,0,1,181000
1005,11184,1633,6,2,2,460.0,39,2.5,10,10,0.0,0,0,2,0,0,0,0,0,0,0,0,0,0,0,1,183000
1006,8000,1658,6,2,2,431.0,308,3.5,13,12,219.0,0,0,2,0,1,0,0,0,0,0,0,0,0,0,1,188000
1007,10832,1895,7,3,3,409.0,189,2.5,14,12,0.0,0,0,2,0,1,0,0,0,0,0,0,0,0,0,1,194500
1008,14067,1709,6,2,3,416.0,40,3.5,17,17,504.0,0,0,2,0,1,0,0,0,0,0,0,0,0,0,1,185000
1009,4671,1228,8,3,3,472.0,288,3.0,20,19,767.0,0,0,3,0,1,0,0,0,0,0,0,0,0,0,1,189000
1010,5950,1337,8,3,3,462.0,227,3.0,19,19,319.0,0,0,3,0,1,0,0,0,0,0,0,0,0,0,1,188500
1011,13543,2500,8,3,4,683.0,224,3.5,3,3,16.0,0,0,3,0,1,0,0,0,0,0,0,0,0,0,1,355000
1012,11198,2504,9,3,4,656.0,183,2.5,3,1,0.0,0,0,3,0,1,0,0,0,0,0,0,0,0,0,1,325000
1013,15401,1884,9,4,4,670.0,290,3.0,4,4,1337.0,0,0,3,0,1,0,0,0,0,0,0,0,0,0,1,387000
1014,31220,1474,6,2,2,495.0,144,1.0,56,56,0.0,0,0,2,0,1,0,0,0,0,0,0,0,0,0,1,115000
1015,8118,1710,9,4,4,557.0,204,3.0,1,1,1034.0,0,0,3,0,1,0,0,0,0,0,0,0,0,0,1,334000
1016,47280,1488,6,2,2,738.0,180,2.5,58,58,0.0,0,0,2,0,0,0,0,0,0,0,0,0,0,0,1,133000
1017,20544,2093,7,2,2,542.0,427,2.5,22,17,0.0,0,0,2,0,1,0,0,0,0,0,0,0,0,0,1,215000
1018,12680,1688,7,3,4,528.0,189,3.0,20,20,983.0,0,0,2,0,1,0,0,0,0,0,0,0,0,0,1,226500
1019,12090,1422,6,2,3,576.0,276,2.0,27,27,816.0,0,0,2,0,1,0,0,0,0,0,0,0,0,0,1,175500
1020,10825,1260,7,3,2,598.0,152,3.0,25,25,747.0,0,0,2,0,1,0,0,0,0,0,0,0,0,0,1,181900
1021,18559,2064,7,3,3,550.0,200,3.0,30,30,1392.0,0,0,2,0,1,0,0,0,0,0,0,0,0,0,1,235000
1022,14450,1782,7,3,3,551.0,467,2.5,29,29,1313.0,0,0,2,0,1,0,0,0,0,0,0,0,0,0,1,220000
1023,12227,2872,6,2,2,619.0,832,3.5,31,13,896.0,0,0,2,0,1,0,0,0,0,0,0,0,0,0,1,272000
1024,13068,1211,6,2,3,461.0,174,3.0,32,32,938.0,0,0,2,0,1,0,0,0,0,0,0,0,0,0,1,161000
1025,15611,1126,5,2,4,540.0,180,2.5,31,31,860.0,0,0,2,0,0,0,0,0,0,0,0,0,0,0,1,175000
1026,10400,2044,7,2,2,489.0,101,2.5,28,20,0.0,0,0,2,0,1,0,0,0,0,0,0,0,0,0,1,185000
1027,9743,1308,5,2,2,484.0,0,1.5,39,39,280.0,0,0,2,0,1,0,0,0,0,0,0,0,0,0,1,146900
1028,12511,2840,7,3,3,1314.0,224,3.0,30,30,988.0,0,0,2,0,1,0,0,0,0,0,0,0,0,0,1,292500
1029,11361,1523,6,2,2,478.0,189,2.5,32,32,644.0,0,0,2,0,0,0,1,0,0,0,0,0,0,0,0,180000
1030,10400,1444,6,2,2,473.0,24,2.0,32,32,0.0,0,0,2,0,1,0,0,0,0,0,0,0,0,0,1,159900
1031,10480,1964,7,2,2,483.0,69,2.5,32,32,403.0,0,0,2,0,1,0,0,0,0,0,0,0,0,0,1,205000
1032,10000,1178,5,2,3,439.0,224,2.0,35,8,1084.0,0,0,2,0,1,0,0,0,0,0,0,0,0,0,1,157000
1033,14311,2340,8,3,3,787.0,590,3.5,12,12,1023.0,0,0,2,0,1,0,0,0,0,0,0,0,0,0,1,306000
1034,9000,1792,5,2,2,480.0,45,3.0,34,34,0.0,0,0,1,0,1,0,0,0,0,0,0,0,0,0,1,133000
1035,9750,1054,6,2,2,460.0,260,2.5,39,39,1040.0,0,0,1,0,1,0,0,0,0,0,0,0,0,0,1,151000
1036,10295,936,4,2,2,288.0,16,1.0,39,39,252.0,0,0,1,0,1,0,1,0,0,0,0,0,0,0,0,111900
1037,7560,864,5,2,2,576.0,0,2.0,37,37,732.0,0,0,1,0,1,0,0,0,0,0,0,0,0,0,1,123000
1038,12735,864,4,2,2,576.0,216,1.0,36,36,600.0,0,0,1,0,1,0,1,0,0,0,0,0,0,0,0,111250
1039,4060,1337,6,3,3,511.0,212,3.0,10,9,266.0,0,0,1,0,0,0,1,0,0,0,0,0,0,0,0,181000
1040,1680,987,6,2,2,264.0,52,2.0,35,35,458.0,0,0,1,0,1,0,0,0,0,0,0,0,0,0,1,103400
1041,1680,987,6,2,2,264.0,0,2.5,35,35,330.0,0,0,1,0,1,0,0,0,0,0,0,0,0,0,1,100000
1042,1890,987,6,2,2,352.0,411,1.5,36,36,483.0,0,0,1,0,1,0,0,0,0,0,0,0,0,0,1,100500
1043,1869,987,6,2,2,280.0,0,1.5,38,38,321.0,0,0,1,0,1,0,0,0,0,0,0,0,0,0,1,106000
1044,1680,987,6,2,2,264.0,0,1.5,37,37,387.0,0,0,1,0,0,0,1,0,0,0,0,0,0,0,0,85400
1045,1680,987,6,2,2,264.0,0,1.5,37,37,358.0,0,0,1,0,1,0,0,0,0,0,0,0,0,0,1,89500
1046,1680,1302,5,2,2,264.0,0,2.5,36,36,350.0,0,0,1,0,1,0,0,0,0,0,0,0,0,0,1,111750
1047,4043,1069,6,2,2,440.0,255,2.0,31,31,559.0,0,0,1,0,0,0,1,0,0,0,0,0,0,0,0,140000
1048,2308,1456,6,2,2,460.0,0,2.5,33,33,580.0,0,0,1,0,1,0,0,0,0,0,0,0,0,0,1,143000
1049,2529,1055,7,2,2,440.0,38,2.0,31,31,378.0,0,0,1,0,1,0,0,0,0,0,0,0,0,0,1,148500
1050,9477,892,5,2,2,264.0,0,1.0,42,42,340.0,0,0,1,0,1,0,0,0,0,0,0,0,0,0,1,110000
1051,12444,1932,8,4,4,774.0,370,3.0,0,0,1336.0,0,0,3,0,0,1,0,0,0,0,0,1,0,0,0,394617
1052,12474,2332,10,4,4,846.0,330,3.5,1,0,1280.0,0,0,3,0,0,1,0,0,0,0,0,1,0,0,0,426000
1053,14803,2084,10,4,4,1220.0,233,3.0,1,0,1636.0,0,0,3,0,0,1,0,0,0,0,0,1,0,0,0,385000
1054,14948,2713,9,4,4,858.0,192,3.5,0,0,1330.0,0,0,3,0,0,1,0,0,0,0,0,1,0,0,0,446261
1055,12704,1582,8,3,3,905.0,304,3.0,1,1,1012.0,0,0,3,0,0,1,0,0,0,0,0,1,0,0,0,317500
1056,13891,1710,8,3,3,866.0,102,3.0,1,0,1400.0,0,0,3,0,0,1,0,0,0,0,0,1,0,0,0,372402
1057,13693,2464,8,3,4,650.0,436,3.5,1,1,2223.0,0,0,3,0,1,0,0,0,0,0,0,0,0,0,1,417500
1058,14418,1950,9,4,4,706.0,363,3.0,1,1,1375.0,0,0,3,0,1,0,0,0,0,0,0,0,0,0,1,383000
1059,13418,2748,9,3,4,850.0,394,3.5,2,2,1420.0,0,0,3,0,0,0,0,0,0,0,0,0,0,0,1,390000
1060,12539,2790,10,4,4,1150.0,422,3.5,3,2,1082.0,0,0,3,0,1,0,0,0,0,0,0,0,0,0,1,460000
1061,12151,2331,9,3,4,1003.0,255,3.5,3,3,1249.0,0,0,3,0,1,0,0,0,0,0,0,0,0,0,1,379000
1062,8899,2088,8,4,3,656.0,124,2.5,1,1,40.0,0,0,3,0,1,0,0,0,0,0,0,0,0,0,1,250000
1063,10574,2332,8,3,4,756.0,366,3.5,4,4,856.0,0,0,3,0,1,0,0,0,0,0,0,0,0,0,1,316000
1064,12720,2470,10,4,4,789.0,435,3.5,5,5,2257.0,0,0,3,0,1,0,0,0,0,0,0,0,0,0,1,615000
1065,13688,2668,9,3,4,726.0,400,3.5,5,4,1016.0,0,0,3,0,1,0,0,0,0,0,0,0,0,0,1,412500
1066,10625,2046,7,3,3,871.0,382,3.5,5,4,866.0,0,0,3,0,1,0,0,0,0,0,0,0,0,0,1,284000
1067,10845,1575,8,3,3,732.0,244,3.0,5,4,1149.0,0,0,3,0,1,0,0,0,0,0,0,0,0,0,1,284000
1068,16900,2649,8,3,3,746.0,60,3.5,7,6,1075.0,0,0,3,0,1,0,0,0,0,0,0,0,0,0,1,421250
1069,16451,2690,8,3,3,795.0,326,2.5,5,5,0.0,0,0,3,0,1,0,0,0,0,0,0,0,0,0,1,370000
1070,10110,1866,9,4,4,870.0,48,3.0,0,0,372.0,0,0,3,0,0,1,0,0,0,0,0,1,0,0,0,336860
1071,8769,1702,9,4,4,1052.0,296,2.5,0,0,1540.0,0,0,3,0,0,1,0,0,0,0,0,1,0,0,0,367294
1072,12304,1367,7,3,3,484.0,33,2.0,3,3,20.0,0,0,3,0,1,0,0,0,0,0,0,0,0,0,1,192000
1073,12677,1518,8,4,4,588.0,325,1.5,5,4,1218.0,0,0,3,0,1,0,0,0,0,0,0,0,0,0,1,274000
1074,8849,1684,9,4,4,564.0,567,2.0,3,3,28.0,0,0,3,0,1,0,0,0,0,0,0,0,0,0,1,266000
1075,8232,1800,9,4,4,944.0,210,3.0,1,0,1204.0,0,0,3,0,0,1,0,0,0,0,0,1,0,0,0,370967
1076,6240,1342,8,3,3,550.0,35,3.0,2,1,846.0,0,0,3,0,1,0,0,0,0,0,0,0,0,0,1,234250
1077,6240,1342,8,3,3,550.0,35,2.0,2,1,24.0,0,0,3,0,1,0,0,0,0,0,0,0,0,0,1,219500
1078,2448,1626,7,3,3,474.0,27,2.5,5,4,0.0,0,0,3,0,1,0,0,0,0,0,0,0,0,0,1,155000
1079,2448,1626,7,3,3,474.0,27,3.5,5,4,573.0,0,0,3,0,1,0,0,0,0,0,0,0,0,0,1,154000
1080,8198,1358,7,3,3,484.0,222,3.0,4,4,720.0,0,0,3,0,1,0,0,0,0,0,0,0,0,0,1,207000
1081,3940,1455,7,3,3,644.0,320,3.0,5,5,1073.0,0,0,2,0,1,0,0,0,0,0,0,0,0,0,1,195000
1082,3940,1576,7,3,3,668.0,163,3.0,4,4,1087.0,0,0,2,0,1,0,0,0,0,0,0,0,0,0,1,219990
1083,3182,1504,7,3,3,437.0,176,2.0,3,2,16.0,0,0,2,0,1,0,0,0,0,0,0,0,0,0,1,191000
1084,3182,1266,7,3,3,388.0,116,2.0,1,1,0.0,0,0,2,0,1,0,0,0,0,0,0,0,0,0,1,159895
1085,3710,1246,7,3,3,428.0,124,2.0,1,0,0.0,0,0,2,0,0,1,0,0,0,0,0,1,0,0,0,187687
1086,9024,1515,6,3,3,393.0,75,2.5,4,4,0.0,0,0,2,0,1,0,0,0,0,0,0,0,0,0,1,179000
1087,7415,1593,6,2,2,398.0,175,3.5,4,4,759.0,0,0,2,0,1,0,0,0,0,0,0,0,0,0,1,193000
1088,9587,1166,7,3,3,400.0,212,3.0,3,3,655.0,0,0,2,0,1,0,0,0,0,0,0,0,0,0,1,190000
1089,8029,1456,6,2,3,400.0,124,2.5,3,3,0.0,0,0,2,0,1,0,0,0,0,0,0,0,0,0,1,176000
1090,8010,1720,7,3,3,400.0,186,2.5,6,5,0.0,0,0,2,0,1,0,0,0,0,0,0,0,0,0,1,188000
1091,8396,1986,7,3,3,434.0,168,2.5,5,5,0.0,0,0,2,0,1,0,0,0,0,0,0,0,0,0,1,213000
1092,7301,1358,7,3,3,484.0,218,3.0,1,0,876.0,0,0,3,0,0,1,0,0,0,0,0,1,0,0,0,217300
1093,10261,1792,6,2,2,451.0,0,3.5,8,8,0.0,0,0,2,0,1,0,0,0,0,0,0,0,0,0,1,186500
1094,8220,1892,7,3,2,431.0,108,2.5,8,7,544.0,0,0,2,0,1,0,0,0,0,0,0,0,0,0,1,226750
1095,15384,1490,7,3,3,388.0,175,3.5,4,3,724.0,0,1,2,0,1,0,0,0,0,0,0,0,0,0,1,184000
1096,7750,1414,7,3,3,403.0,135,2.5,6,6,0.0,0,1,2,0,1,0,0,0,0,0,0,0,0,0,1,176000
1097,12460,2322,7,3,2,400.0,188,2.5,9,8,870.0,0,1,2,0,1,0,0,0,0,0,0,0,0,0,1,225000
1098,8390,1651,7,2,2,450.0,103,2.5,9,9,0.0,0,0,2,0,1,0,0,0,0,0,0,0,0,0,1,185900
1099,9660,2199,8,3,3,516.0,131,2.5,11,11,0.0,0,0,3,0,1,0,0,0,0,0,0,0,0,0,1,284500
1100,9200,2630,8,3,3,696.0,66,3.5,10,10,986.0,0,0,3,0,1,0,0,0,0,0,0,0,0,0,1,315000
1101,14260,2198,8,3,3,836.0,276,3.5,8,8,655.0,0,0,3,0,1,0,0,0,0,0,0,0,0,0,1,250000
1102,11000,2172,9,3,4,687.0,315,2.5,8,8,0.0,0,0,3,0,1,0,0,0,0,0,0,0,0,0,1,291000
1103,11675,2006,8,3,3,938.0,177,3.0,10,10,1660.0,0,0,3,0,1,0,0,0,0,0,0,0,0,0,1,350000
1104,10990,2125,7,3,3,576.0,168,3.5,12,11,851.0,0,0,3,0,1,0,0,0,0,0,0,0,0,0,1,279500
1105,11929,2501,8,3,3,751.0,279,2.5,13,13,0.0,0,0,3,0,1,0,0,0,0,0,0,0,0,0,1,290000
1106,10437,2113,8,3,3,839.0,282,3.5,13,13,1696.0,0,0,3,0,1,0,0,0,0,0,0,0,0,0,1,350000
1107,10542,2418,7,3,3,983.0,620,3.5,15,14,1173.0,0,0,3,0,1,0,0,0,0,0,0,0,0,0,1,341000
1108,10010,2197,7,3,3,783.0,484,3.5,15,14,1080.0,0,0,3,0,1,0,0,0,0,0,0,0,0,0,1,287500
1109,10944,2127,7,3,3,525.0,303,3.5,14,14,1000.0,0,0,3,0,1,0,0,0,0,0,0,0,0,0,1,271000
1110,14303,1987,8,3,3,691.0,298,3.0,14,14,1314.0,0,0,3,0,1,0,0,0,0,0,0,0,0,0,1,301500
1111,11932,1580,8,3,3,830.0,24,2.0,1,0,0.0,0,0,2,0,0,1,0,0,1,0,0,0,0,0,0,235128
1112,14598,1933,6,3,3,668.0,118,2.5,1,1,0.0,0,0,2,0,1,0,0,0,0,0,0,0,0,0,1,214000
1113,11957,1574,8,3,3,824.0,248,2.0,2,2,24.0,0,1,2,0,1,0,0,0,0,0,0,0,0,0,1,232000
1114,13253,1578,7,3,3,642.0,26,3.0,2,2,1096.0,0,1,2,0,1,0,0,0,0,0,0,0,0,0,1,240000
1115,14587,1506,9,3,4,592.0,174,2.0,0,0,0.0,0,0,2,0,0,1,0,0,0,0,0,1,0,0,0,264132
1116,10206,1563,8,2,3,758.0,243,2.0,1,1,33.0,0,0,2,0,1,0,0,0,0,0,0,0,0,0,1,245000
1117,12274,1428,7,3,4,554.0,60,2.0,0,0,0.0,0,0,2,0,0,1,0,0,0,0,0,1,0,0,0,227680
1118,9801,1861,8,3,3,851.0,204,3.0,1,1,0.0,0,0,2,0,1,0,0,0,0,0,0,0,0,0,1,257000
1119,9428,1874,8,3,3,880.0,276,3.5,1,0,729.0,0,0,2,0,0,1,0,0,0,0,0,1,0,0,0,297900
1120,10037,1460,8,3,3,480.0,20,2.0,2,1,666.0,0,0,2,0,1,0,0,0,0,0,0,0,0,0,1,247000
1121,8640,1372,8,3,3,588.0,305,2.0,1,0,24.0,0,0,2,0,0,1,0,0,0,0,0,1,0,0,0,212700
1122,8640,1372,7,3,3,529.0,140,2.0,1,0,0.0,0,0,2,0,0,1,0,0,0,0,0,1,0,0,0,250580
1123,11639,1428,7,3,3,480.0,120,2.0,1,0,0.0,0,0,2,0,0,1,0,0,0,0,0,1,0,0,0,182000
1124,9803,1768,7,3,3,603.0,108,2.5,3,3,400.0,0,0,2,0,1,0,0,0,0,0,0,0,0,0,1,226700
1125,9375,1992,8,3,3,648.0,185,2.5,5,4,0.0,0,0,2,0,1,0,0,0,0,0,0,0,0,0,1,250000
1126,10625,1958,7,3,3,936.0,364,2.5,3,3,0.0,0,0,2,0,1,0,0,0,0,0,0,0,0,0,1,250000
1127,10800,2078,8,3,4,836.0,102,3.5,1,0,789.0,0,0,2,0,0,1,0,0,0,0,0,1,0,0,0,339750
1128,8125,1665,7,3,3,562.0,0,2.5,1,1,0.0,0,0,2,0,1,0,0,0,0,0,0,0,0,0,1,205950
1129,10625,1660,8,3,3,660.0,253,2.0,1,1,0.0,0,0,2,0,1,0,0,0,0,0,0,0,0,0,1,256000
1130,7500,1218,7,3,3,462.0,336,3.0,1,0,902.0,0,0,2,0,0,1,0,0,0,0,0,1,0,0,0,230348
1131,8791,1728,6,3,3,673.0,272,2.5,5,5,503.0,0,0,2,0,1,0,0,0,0,0,0,0,0,0,1,207500
1132,7500,1080,7,2,3,0.0,0,2.0,4,3,680.0,0,0,2,0,1,0,0,0,0,0,0,0,0,0,1,141000
1133,10110,1696,6,3,3,542.0,209,3.5,5,5,635.0,0,0,2,0,1,0,0,0,0,0,0,0,0,0,1,188000
1134,12774,1663,7,3,3,478.0,236,2.5,5,4,0.0,0,0,2,0,1,0,0,0,0,0,0,0,0,0,1,192500
1135,13072,1175,6,2,3,0.0,90,2.0,3,2,80.0,0,1,2,0,1,0,0,0,0,0,0,0,0,0,1,146000
1136,13695,1114,5,2,3,576.0,102,2.5,4,4,646.0,0,1,2,0,1,0,0,0,0,0,0,0,0,0,1,159000
1137,13695,1114,6,2,3,576.0,78,2.0,5,4,814.0,0,1,2,0,1,0,0,0,0,0,0,0,0,0,1,155000
1138,8366,1640,6,3,3,520.0,183,2.5,4,4,0.0,0,0,2,0,1,0,0,0,0,0,0,0,0,0,1,173000
1139,9260,1162,7,3,3,483.0,32,2.0,1,1,0.0,0,0,2,0,1,0,0,0,0,0,0,0,0,0,1,170000
1140,8453,1609,6,3,3,525.0,70,2.5,13,13,362.0,0,0,2,0,1,0,0,0,0,0,0,0,0,0,1,182000
1141,8480,1680,6,3,3,474.0,240,3.0,15,14,602.0,0,0,2,0,1,0,0,0,0,0,0,0,0,0,1,163000
1142,8125,1679,6,2,3,575.0,266,3.0,14,10,1138.0,0,0,2,0,1,0,0,0,0,0,0,0,0,0,1,193500
1143,14565,1657,7,3,3,483.0,218,2.5,14,13,537.0,0,0,2,0,1,0,0,0,0,0,0,0,0,0,1,189000
1144,8450,1677,6,3,3,627.0,68,3.5,7,7,472.0,0,0,2,0,1,0,0,0,0,0,0,0,0,0,1,190500
1145,8285,1737,7,3,3,506.0,277,3.0,16,16,397.0,0,0,2,0,1,0,0,0,0,0,0,0,0,0,1,175000
1146,7153,1294,6,2,3,496.0,163,3.0,17,17,1200.0,0,0,2,0,1,0,0,0,0,0,0,0,0,0,1,179200
1147,9291,1710,6,3,3,506.0,214,2.5,15,15,426.0,1,0,2,0,1,0,0,0,0,0,0,0,0,0,1,187000
1148,8012,1617,6,3,3,533.0,69,3.0,15,14,1006.0,0,0,2,0,1,0,0,0,0,0,0,0,0,0,1,193000
1149,7892,1199,6,3,3,530.0,63,2.0,15,15,300.0,0,0,2,0,1,0,0,0,0,0,0,0,0,0,1,153900
1150,9100,984,5,2,2,384.0,201,2.0,45,45,852.0,0,1,1,0,1,0,0,0,0,0,0,0,0,0,1,128000
1151,12968,912,5,2,2,352.0,316,2.0,46,46,737.0,0,0,1,0,1,0,0,0,0,0,0,0,0,0,1,144000
1152,8100,864,5,2,3,420.0,132,2.0,47,1,764.0,0,0,1,0,1,0,0,0,0,0,0,0,0,0,1,135000
1153,8450,890,5,2,2,308.0,0,2.0,40,40,890.0,0,1,1,0,1,0,0,0,0,0,0,0,0,0,1,115000
1154,6360,864,5,2,2,276.0,0,1.0,45,45,489.0,0,0,1,0,0,0,1,0,0,0,0,0,0,0,0,119916
1155,6768,912,6,2,3,288.0,168,2.5,47,12,832.0,0,0,1,0,1,0,0,0,0,0,0,0,0,0,1,142000
1156,19508,1430,6,2,2,484.0,390,2.5,34,34,800.0,0,0,2,0,1,0,0,0,0,0,0,0,0,0,1,192000
1157,10759,1641,5,2,2,490.0,92,2.0,36,36,1001.0,0,0,1,0,1,0,0,0,0,0,0,0,0,0,1,140000
1158,9205,2683,6,3,3,473.0,684,3.5,18,17,704.0,0,0,3,0,1,0,0,0,0,0,0,0,0,0,1,290000
1159,11025,2786,9,3,3,636.0,343,3.5,15,14,520.0,0,0,3,0,1,0,0,0,0,0,0,0,0,0,1,372500
1160,4282,1391,7,3,3,530.0,314,2.0,4,4,16.0,0,0,2,0,1,0,0,0,0,0,0,0,0,0,1,196000
1161,4017,1250,7,3,3,625.0,54,2.5,2,1,0.0,0,0,2,0,1,0,0,0,0,0,0,0,0,0,1,171900
1162,3435,1245,7,3,3,495.0,100,2.0,4,3,24.0,0,0,2,0,1,0,0,0,0,0,0,0,0,0,1,178000
1163,3180,1200,6,3,3,480.0,166,3.5,3,3,390.0,0,0,2,0,1,0,0,0,0,0,0,0,0,0,1,165000
1164,3180,1392,7,3,3,540.0,102,2.0,1,1,0.0,0,0,2,0,0,0,0,0,0,0,0,0,0,0,1,146000
1165,3604,1392,7,3,3,540.0,102,2.0,1,1,0.0,0,0,2,0,0,0,0,0,0,0,0,0,0,0,1,146000
1166,2280,1501,7,2,2,440.0,0,2.5,9,9,549.0,0,0,2,0,1,0,0,0,0,0,0,0,0,0,1,179400
1167,2280,1549,6,2,2,440.0,32,3.5,9,9,550.0,0,0,2,0,1,0,0,0,0,0,0,0,0,0,1,172900
1168,4765,1638,9,3,4,495.0,298,3.0,8,8,1027.0,0,0,2,0,1,0,0,0,0,0,0,0,0,0,1,300000
1169,4538,1310,9,3,3,545.0,322,2.5,7,7,1004.0,0,0,2,0,1,0,0,0,0,0,0,0,0,0,1,285000
1170,4385,1419,9,3,4,588.0,213,2.5,7,7,964.0,0,0,2,0,1,0,0,0,0,0,0,0,0,0,1,290000
1171,4109,1557,9,3,4,484.0,237,3.0,9,8,1141.0,0,0,2,0,1,0,0,0,0,0,0,0,0,0,1,305000
1172,5119,1709,9,3,3,506.0,162,3.0,9,8,1238.0,0,0,2,0,0,0,0,1,0,0,0,0,0,0,0,328900
1173,2160,1252,7,3,3,462.0,48,3.5,9,8,510.0,0,0,2,0,1,0,0,0,0,0,0,0,0,0,1,160000
1174,2160,1404,7,3,3,462.0,20,3.5,9,8,600.0,0,0,2,0,1,0,0,0,0,0,0,0,0,0,1,170000
1175,10646,1789,7,2,2,546.0,0,3.5,7,7,681.0,0,0,2,0,1,0,0,0,0,0,0,0,0,0,1,223000
1176,2645,1586,8,3,3,480.0,169,3.5,9,9,612.0,0,0,2,0,1,0,0,0,0,0,0,0,0,0,1,170000
1177,2645,1607,8,3,3,480.0,169,3.5,9,8,813.0,0,0,2,0,1,0,0,0,1,0,0,0,0,0,0,200000
1178,3951,2393,10,4,4,846.0,184,3.5,10,9,970.0,0,0,2,0,1,0,0,0,0,0,0,0,0,0,1,345000
1179,14963,1288,8,3,4,500.0,374,2.5,12,12,786.0,0,0,2,0,1,0,0,0,0,0,0,0,0,0,1,245500
1180,11064,1239,8,3,3,477.0,196,2.5,13,13,1230.0,0,0,2,0,1,0,0,0,0,0,0,0,0,0,1,217500
1181,10846,1719,8,3,3,473.0,152,3.5,15,15,1619.0,0,0,2,0,1,0,0,0,0,0,0,0,0,0,0,324000
1182,11120,1232,6,2,2,516.0,0,2.0,24,24,660.0,0,0,2,0,1,0,0,0,0,0,0,0,0,0,1,162500
1183,24572,2944,9,3,3,864.0,226,3.0,31,31,410.0,0,0,2,0,0,0,0,0,0,0,0,0,0,0,1,150000
1184,16280,1671,8,4,4,550.0,370,4.0,32,1,1426.0,0,0,2,0,1,0,0,0,0,0,0,0,0,0,1,290000
1185,7500,1812,7,3,2,469.0,256,2.5,6,6,0.0,0,0,2,0,1,0,0,0,0,0,0,0,0,0,1,205000
1186,10400,1682,7,2,2,530.0,98,2.0,38,38,0.0,0,0,2,0,1,0,0,0,0,0,0,0,0,0,1,174000
1187,11104,1427,6,2,2,516.0,216,2.5,39,39,828.0,0,0,2,0,1,0,0,0,0,0,0,0,0,0,1,183000
1188,11050,1740,6,2,2,512.0,217,1.5,40,40,301.0,0,0,2,0,0,0,0,0,0,0,0,0,0,0,1,150000
1189,11040,1258,6,3,3,528.0,271,2.5,37,4,656.0,0,0,2,0,0,0,1,0,0,0,0,0,0,0,0,145000
1190,15387,1620,7,2,3,578.0,254,2.0,41,41,897.0,0,0,2,0,1,0,0,0,0,0,0,0,0,0,1,215000
1191,9750,1625,5,2,2,484.0,0,2.0,43,43,0.0,0,1,2,0,1,0,0,0,1,0,0,0,0,0,0,140500
1192,10800,2614,6,2,2,624.0,281,2.5,34,11,1138.0,0,0,2,0,1,0,0,0,0,0,0,0,0,0,1,240000
1193,8814,1464,5,2,2,470.0,40,1.5,40,40,732.0,0,0,1,0,1,0,0,0,0,0,0,0,0,0,1,141000
1194,8872,912,5,2,3,576.0,240,2.0,43,0,595.0,0,0,1,0,1,0,0,0,0,0,0,0,0,0,1,147000
1195,8125,925,5,3,2,576.0,233,2.0,43,3,716.0,0,0,1,0,1,0,0,0,0,0,0,0,0,0,1,135000
1196,11072,1728,5,2,2,576.0,0,2.0,43,43,0.0,0,0,1,0,1,0,0,0,0,0,0,0,0,0,1,145000
1197,13101,1728,5,2,2,576.0,0,2.0,43,43,231.0,0,0,1,0,1,0,0,0,0,0,0,0,0,0,1,142600
1198,9246,1656,5,2,2,506.0,211,2.0,35,35,0.0,0,0,2,0,1,0,0,0,0,0,0,0,0,0,1,135000
1199,13355,1670,7,2,2,464.0,0,1.5,37,37,583.0,0,0,2,0,1,0,0,0,0,0,0,0,0,0,1,170000
1200,8963,2715,8,4,3,831.0,204,4.0,32,12,655.0,0,0,2,0,1,0,0,0,0,0,0,0,0,0,1,299800
1201,9120,1876,6,3,3,540.0,69,2.5,34,34,442.0,0,0,2,0,1,0,0,0,0,0,0,0,0,0,1,185000
1202,9130,1632,6,2,3,484.0,40,2.0,42,8,464.0,0,0,2,0,1,0,0,0,0,0,0,0,0,0,1,173000
1203,12122,999,7,4,4,588.0,220,2.0,47,1,867.0,0,0,1,0,1,0,0,0,0,0,0,0,0,0,1,178400
1204,9900,1978,7,2,2,486.0,43,2.5,40,40,552.0,0,0,2,0,1,0,0,0,0,0,0,0,0,0,1,176000
1205,7785,1014,5,2,2,267.0,240,1.0,52,52,0.0,0,0,1,0,1,0,0,0,0,0,0,0,0,0,1,98000
1206,8593,907,4,2,2,352.0,0,1.0,51,51,288.0,0,0,1,0,1,0,0,0,0,0,0,0,0,0,1,109008
1207,8475,952,4,2,2,283.0,0,1.0,52,52,228.0,0,0,1,0,1,0,0,0,0,0,0,0,0,0,1,135750
1208,8700,1128,5,2,2,525.0,335,3.0,45,45,776.0,0,0,1,0,1,0,0,0,0,0,0,0,0,0,1,155000
1209,10175,1425,6,2,2,576.0,407,2.0,44,44,490.0,0,0,1,0,1,0,0,0,0,0,0,0,0,0,1,180500
1210,9020,1165,6,2,2,490.0,129,2.5,42,42,851.0,0,0,1,0,1,0,0,0,0,0,0,0,0,0,1,174900
1211,9200,1136,6,2,2,384.0,426,2.0,43,43,892.0,0,0,1,0,1,0,0,0,0,0,0,0,0,0,1,140000
1212,8250,1092,6,2,2,504.0,0,2.0,44,44,787.0,0,0,1,0,1,0,0,0,0,0,0,0,0,0,1,145000
1213,9350,1265,5,2,3,502.0,188,2.5,43,9,633.0,0,0,1,0,1,0,0,0,0,0,0,0,0,0,1,179900
1214,9020,1350,6,2,2,520.0,176,2.5,44,44,960.0,0,0,1,0,1,0,0,0,0,0,0,0,0,0,1,168500
1215,9900,1114,5,2,2,451.0,164,2.0,47,47,0.0,0,0,1,0,0,0,1,0,0,0,0,0,0,0,0,140000
1216,10007,1053,5,3,3,312.0,0,2.5,49,2,806.0,0,0,1,0,1,0,0,0,0,0,0,0,0,0,1,145500
1217,10721,1252,6,3,3,528.0,39,1.0,49,49,0.0,0,0,1,0,1,0,0,0,0,0,0,0,0,0,1,142000
1218,12493,1100,4,2,2,312.0,355,2.0,48,48,725.0,0,0,1,0,1,0,0,0,0,0,0,0,0,0,1,141000
1219,11332,1118,5,2,3,264.0,290,2.0,48,8,528.0,0,0,1,0,1,0,0,0,0,0,0,0,0,0,1,153000
1220,6627,720,3,2,2,287.0,0,1.0,59,58,0.0,0,0,1,0,1,0,0,0,0,0,0,0,0,0,1,72500
1221,4130,729,3,3,2,0.0,0,1.0,73,5,0.0,0,0,1,0,1,0,0,0,0,0,0,0,0,0,1,52000
1222,7420,1077,5,2,2,205.0,4,2.0,69,58,851.0,0,0,1,0,1,0,0,0,0,0,0,0,0,0,1,118000
1223,4882,906,4,2,2,231.0,0,1.0,71,58,120.0,0,1,1,0,1,0,0,0,0,0,0,0,0,0,1,87000
1224,9600,1496,5,1,3,450.0,22,2.0,48,48,658.0,0,0,1,0,1,0,0,0,0,0,0,0,0,0,1,141500
1225,9600,1252,6,2,2,288.0,96,1.0,58,58,280.0,0,0,1,0,0,0,0,0,0,0,0,0,0,0,1,119000
1226,9600,1337,5,2,3,264.0,192,2.0,58,2,340.0,0,0,1,0,1,0,0,0,0,0,0,0,0,0,1,141500
1227,9600,1661,6,2,3,377.0,206,2.0,53,12,831.0,0,0,1,0,1,0,0,0,0,0,0,0,0,0,1,165500
1228,7584,1036,5,2,2,312.0,144,1.0,55,55,531.0,0,0,1,0,1,0,0,0,0,0,0,0,0,0,1,112900
1229,13700,1820,7,2,3,492.0,417,2.0,43,20,454.0,0,0,1,0,1,0,0,0,0,0,0,0,0,0,1,201800
1230,10197,1362,6,2,2,504.0,20,2.5,47,47,662.0,0,0,1,0,1,0,1,0,0,0,0,0,0,0,0,163000
1231,7875,1144,5,2,2,456.0,0,2.0,47,47,572.0,0,0,1,0,1,0,0,0,0,0,0,0,0,0,1,139950
1232,8400,1537,6,3,3,462.0,36,2.5,46,3,0.0,0,0,1,0,0,0,1,0,0,0,0,0,0,0,0,174000
1233,9150,1431,6,2,2,296.0,174,1.5,46,46,371.0,0,0,1,0,1,0,0,0,0,0,0,0,0,0,1,165000
1234,14670,1988,6,3,3,480.0,230,2.5,42,9,575.0,0,0,1,0,1,0,0,0,0,0,0,0,0,0,1,227000
1235,7390,1098,5,2,2,260.0,0,2.0,53,53,902.0,0,0,1,0,1,0,0,0,0,0,0,0,0,0,1,135000
1236,9204,1144,5,2,2,336.0,88,2.5,45,45,897.0,0,0,1,0,1,0,1,0,0,0,0,0,0,0,0,124000
1237,7763,1283,5,2,2,506.0,0,2.0,46,28,612.0,0,0,1,0,1,0,0,0,0,0,0,0,0,0,1,140000
1238,8856,1176,5,2,2,292.0,183,2.0,51,51,673.0,0,0,1,0,1,0,0,0,0,0,0,0,0,0,1,136500
1239,9840,1440,5,2,3,480.0,406,3.0,49,10,1053.0,0,0,1,0,1,0,0,0,0,0,0,0,0,0,1,185000
1240,9120,1261,6,2,2,433.0,288,2.0,50,50,662.0,0,0,1,0,1,0,0,0,0,0,0,0,0,0,1,163000
1241,13200,1570,6,2,2,441.0,490,2.0,50,50,958.0,0,0,1,0,1,0,0,0,0,0,0,0,0,0,1,166800
1242,9000,1196,6,2,2,297.0,44,2.0,52,52,616.0,0,0,1,0,1,0,0,0,0,0,0,0,0,0,1,139000
1243,11900,1392,6,2,2,458.0,192,2.5,51,51,1040.0,0,0,1,0,1,0,0,0,0,0,0,0,0,0,1,166000
1244,9464,1080,6,2,2,288.0,130,1.0,50,50,570.0,0,0,1,0,1,0,0,0,0,0,0,0,0,0,1,136000
1245,10425,1104,5,2,2,384.0,0,2.0,52,50,774.0,0,0,1,0,1,0,0,0,0,0,0,0,0,0,1,133000
1246,11556,882,5,2,3,240.0,0,2.0,56,56,148.0,0,0,1,0,1,0,0,0,0,0,0,0,0,0,1,116000
1247,9373,1152,5,2,2,636.0,0,1.5,55,55,696.0,0,0,1,0,1,0,0,0,0,0,0,0,0,0,1,137500
1248,12774,950,5,2,2,400.0,32,1.0,55,55,752.0,0,0,1,0,1,0,0,0,0,0,0,0,0,0,1,130000
1249,14250,1790,6,2,2,540.0,40,2.0,51,51,0.0,0,0,1,0,1,0,0,0,0,0,0,0,0,0,1,180000
1250,7350,952,5,2,2,840.0,0,2.0,57,57,852.0,0,0,1,0,0,0,1,0,0,0,0,0,0,0,0,139000
1251,7677,773,5,2,2,240.0,0,1.0,55,55,570.0,0,0,1,0,0,0,0,0,0,0,0,0,0,0,1,110000
1252,8838,1764,5,2,2,301.0,72,2.5,51,26,0.0,0,0,1,0,1,0,0,0,0,0,0,0,0,0,1,100000
1253,8480,1216,5,2,2,336.0,260,1.0,61,58,442.0,0,0,1,0,0,0,1,0,0,0,0,0,0,0,0,118500
1254,12436,1824,5,2,2,484.0,0,2.0,51,51,0.0,0,0,1,0,1,0,0,0,0,0,0,0,0,0,1,146000
1255,10122,869,4,2,2,390.0,66,1.0,60,58,0.0,0,0,1,0,1,0,0,0,0,0,0,0,0,0,1,89900
1256,7506,1159,5,2,2,288.0,180,1.0,83,58,0.0,0,0,1,0,1,0,0,0,0,0,0,0,0,0,1,114000
1257,10930,1558,5,2,2,288.0,0,2.5,63,58,580.0,0,0,1,0,1,0,0,0,0,0,0,0,0,0,1,140000
1258,5400,672,4,3,2,308.0,196,1.0,68,3,0.0,0,0,1,0,1,0,0,0,0,0,0,0,0,0,1,86900
1259,10836,1436,5,2,2,1488.0,100,1.5,86,58,0.0,0,0,1,0,1,0,0,0,0,0,0,0,0,0,1,139000
1260,10800,1294,4,2,2,0.0,544,2.0,108,8,0.0,0,0,1,0,1,0,0,0,0,0,0,0,0,0,1,106250
1261,9247,1716,6,2,2,490.0,204,1.5,46,46,319.0,0,0,1,0,1,0,0,0,0,0,0,0,0,0,1,171000
1262,10180,1044,5,2,2,372.0,248,2.0,40,40,744.0,0,0,1,0,1,0,0,0,0,0,0,0,0,0,1,139000
1263,11355,1312,7,2,2,495.0,448,1.5,50,7,637.0,0,0,1,0,1,0,0,0,0,0,0,0,0,0,1,186000
1264,10920,1253,6,2,2,352.0,389,2.5,48,48,733.0,0,0,1,0,1,0,0,0,0,0,0,0,0,0,1,157000
1265,12929,1081,6,2,2,401.0,118,2.0,48,15,697.0,0,0,1,0,1,0,0,0,0,0,0,0,0,0,1,148000
1266,27650,2069,7,2,3,505.0,0,3.0,48,1,425.0,0,0,1,0,1,0,0,0,0,0,0,0,0,0,1,242000
1267,8892,910,5,3,3,414.0,346,1.0,55,12,0.0,0,0,1,0,1,0,0,0,0,0,0,0,0,0,1,116000
1268,7200,876,5,2,2,576.0,0,1.0,57,57,432.0,0,0,1,0,0,0,0,0,0,0,0,0,0,0,1,94000
1269,7200,1048,5,2,2,420.0,27,1.0,58,58,0.0,0,0,1,0,1,0,0,0,0,0,0,0,0,0,1,98300
1270,7910,1507,5,2,2,404.0,0,2.0,48,48,666.0,0,0,1,0,1,0,0,0,0,0,0,0,0,0,1,127000
1271,8000,1256,5,2,3,311.0,240,2.5,49,49,964.0,0,0,1,0,1,0,0,0,0,0,0,0,0,0,1,159000
1272,8000,1027,5,2,2,299.0,0,1.5,46,46,839.0,0,0,1,0,1,0,0,0,0,0,0,0,0,0,1,125900
1273,7931,1269,5,2,2,308.0,0,1.5,48,48,906.0,0,0,1,0,1,0,0,0,0,0,0,0,0,0,1,155000
1274,8064,1320,6,2,2,576.0,108,2.0,60,58,315.0,0,0,1,0,1,0,0,0,0,0,0,0,0,0,1,138000
1275,6390,984,6,2,2,280.0,0,2.0,54,54,0.0,0,0,1,0,1,0,0,0,0,0,0,0,0,0,1,112500
1276,7227,832,6,2,3,528.0,0,1.0,54,54,0.0,0,0,1,0,1,0,0,0,0,0,0,0,0,0,1,105500
1277,7200,1278,6,2,2,240.0,0,1.0,54,54,673.0,0,0,1,0,1,0,0,0,0,0,0,0,0,0,1,127500
1278,8513,1800,5,2,2,0.0,0,2.0,47,47,0.0,0,0,1,0,0,0,0,0,0,0,0,0,0,0,1,130000
1279,7200,1588,5,2,2,480.0,0,1.5,53,41,370.0,0,0,1,0,1,0,0,0,0,0,0,0,0,0,1,150000
1280,7200,825,5,2,2,350.0,0,1.5,54,54,0.0,0,0,1,0,1,0,0,0,0,0,0,0,0,0,1,109500
1281,7056,1796,6,2,2,483.0,50,2.5,45,45,400.0,0,0,1,0,1,0,0,0,0,0,0,0,0,0,1,140000
1282,9760,1611,6,2,2,442.0,645,2.5,44,44,780.0,0,0,1,0,1,0,0,0,0,0,0,0,0,0,1,167900
1283,7590,1117,5,2,2,264.0,0,1.0,45,45,0.0,0,0,1,0,1,0,1,0,0,0,0,0,0,0,0,136870
1284,9836,1133,6,2,2,308.0,175,2.0,0,0,96.0,0,0,1,0,0,0,0,0,0,0,0,0,0,0,1,143000
1285,5232,764,5,2,2,504.0,0,1.0,83,4,0.0,0,0,1,0,1,0,0,0,0,0,0,0,0,0,1,73000
1286,10440,1539,5,2,3,686.0,216,2.0,104,6,0.0,0,0,1,0,1,0,0,0,0,0,0,0,0,0,1,157500
1287,9184,1323,5,2,2,400.0,0,1.0,60,3,0.0,0,0,1,0,1,0,0,0,0,0,0,0,0,0,1,122600
1288,4800,1360,5,2,2,330.0,242,1.0,98,5,0.0,0,0,1,0,1,0,0,0,0,0,0,0,0,0,1,111000
1289,10440,2792,6,3,2,520.0,1027,2.0,88,58,493.0,0,0,1,0,1,0,0,0,0,0,0,0,0,0,1,256000
1290,4800,672,5,2,2,256.0,0,1.0,68,58,0.0,0,0,1,0,1,0,0,0,0,0,0,0,0,0,1,64000
1291,6000,1456,6,3,3,308.0,248,1.5,93,3,0.0,0,0,1,0,1,0,0,0,0,0,0,0,0,0,1,139500
1292,11426,1594,4,2,2,0.0,281,2.0,98,12,0.0,0,0,1,0,1,0,0,0,0,0,0,0,0,0,1,118000
1293,11426,2082,7,2,3,484.0,518,2.5,5,5,0.0,0,0,1,0,1,0,0,0,0,0,0,0,0,0,1,200000
1294,7628,1656,4,2,2,440.0,187,2.0,68,23,0.0,0,0,1,0,1,0,0,0,0,0,0,0,0,0,1,119164
1295,7308,1740,5,1,4,225.0,236,1.0,88,58,360.0,0,0,1,0,1,0,0,0,0,0,0,0,0,0,1,122250
1296,5400,1027,7,3,3,0.0,28,1.5,88,2,0.0,0,0,1,0,1,0,0,0,0,0,0,0,0,0,1,120000
1297,10800,1436,6,2,2,828.0,126,2.0,68,58,590.0,0,0,1,0,1,0,0,0,0,0,0,0,0,0,0,155000
1298,6756,899,5,2,2,200.0,96,1.0,98,58,0.0,0,0,1,0,1,0,0,0,0,0,0,0,0,0,1,78000
1299,5914,1080,5,2,3,0.0,195,1.0,118,12,0.0,0,0,1,0,1,0,0,0,0,0,0,0,0,0,1,95000
1300,6000,789,5,2,2,250.0,0,1.0,60,58,273.0,0,0,1,0,0,1,0,0,0,0,0,0,0,0,1,115000
1301,12000,1122,5,2,3,528.0,36,2.0,60,3,752.0,0,0,1,0,1,0,0,0,0,0,0,0,0,0,1,147000
1302,9000,1499,5,2,2,869.0,20,1.0,62,58,445.0,0,0,1,0,1,0,0,0,0,0,0,0,0,0,1,140000
1303,7311,407,2,2,2,297.0,196,1.0,62,58,0.0,0,0,1,0,0,0,0,0,0,0,0,0,0,0,1,46500
1304,6000,928,5,2,2,288.0,0,1.0,51,51,308.0,0,0,1,0,1,0,0,0,0,0,0,0,0,0,1,112500
1305,6000,901,4,2,2,281.0,0,1.0,54,8,0.0,0,0,1,0,1,0,0,0,0,0,0,0,0,0,1,107900
1306,12205,1588,3,2,2,0.0,0,2.0,59,16,0.0,0,0,1,0,0,0,0,0,0,0,0,0,0,0,1,65000
1307,18386,3493,7,2,3,870.0,302,3.0,128,6,0.0,0,0,1,0,1,0,0,0,0,0,0,0,0,0,1,295000
1308,9142,1627,5,2,2,420.0,252,2.0,108,2,0.0,0,0,1,0,1,0,0,0,0,0,0,0,0,0,1,139500
1309,12665,1416,5,2,2,720.0,612,1.5,93,58,0.0,0,0,1,0,1,0,0,0,0,0,0,0,0,0,1,153900
1310,5350,1450,7,2,2,288.0,192,1.0,88,43,116.0,0,0,1,0,1,0,0,0,0,0,0,0,0,0,1,132000
1311,4571,1344,5,2,2,513.0,96,1.0,92,58,0.0,0,0,1,0,0,0,1,0,0,0,0,0,0,0,0,98000
1312,9143,1017,5,2,2,308.0,139,1.0,108,5,0.0,0,0,1,0,1,0,0,0,0,0,0,0,0,0,1,114000
1313,9600,2350,5,2,2,393.0,219,2.0,88,48,234.0,0,0,1,0,1,0,0,0,0,0,0,0,0,0,1,130000
1314,9600,2058,6,2,2,396.0,259,1.5,91,58,319.0,0,0,1,0,1,0,0,0,0,0,0,0,0,0,1,129500
1315,6000,1540,5,3,3,0.0,317,1.5,103,3,0.0,0,0,1,0,1,0,0,0,0,0,0,0,0,0,1,129400
1316,9600,1378,7,2,3,360.0,116,2.0,80,3,141.0,0,0,1,0,1,0,0,0,0,0,0,0,0,0,1,161000
1317,10800,1912,6,2,2,672.0,237,2.0,103,8,0.0,0,0,1,0,1,0,0,0,0,0,0,0,0,0,1,163000
1318,6300,1484,6,2,2,0.0,425,2.0,94,7,0.0,0,0,1,0,1,0,0,0,0,0,0,0,0,0,1,128000
1319,5250,2358,8,2,2,0.0,74,2.0,136,21,259.0,0,0,1,0,1,0,0,0,0,0,0,0,0,0,1,122000
1320,5700,1111,7,2,2,288.0,176,1.0,82,58,0.0,0,0,1,0,1,0,0,0,0,0,0,0,0,0,1,116900
1321,13500,2775,10,4,3,880.0,607,3.5,115,8,0.0,0,0,1,0,1,0,0,0,0,0,0,0,0,0,1,325000
1322,11340,1086,2,1,2,400.0,168,1.0,88,58,0.0,0,0,1,0,1,0,0,0,1,0,0,0,0,0,0,55000
1323,10800,2495,7,2,2,342.0,299,2.0,118,9,0.0,0,0,1,0,1,0,0,0,0,0,0,0,0,0,1,184000
1324,9750,984,5,2,1,308.0,0,2.0,49,49,200.0,0,0,1,0,1,0,0,0,0,0,0,0,0,0,1,110000
1325,12150,1795,5,2,2,352.0,0,2.0,54,54,0.0,0,0,1,0,1,0,0,0,0,0,0,0,0,0,1,131500
1326,12702,882,5,2,2,308.0,45,1.0,52,52,0.0,0,0,1,0,1,0,0,0,0,0,0,0,0,0,1,97000
1327,8516,1093,4,2,2,308.0,0,1.0,50,2,0.0,0,0,1,0,1,0,0,0,0,0,0,0,0,0,1,115500
1328,7111,1143,5,3,2,288.0,265,1.0,80,25,679.0,0,0,1,0,1,0,0,0,0,0,0,0,0,0,1,138000
1329,7425,1668,7,2,3,252.0,210,1.5,63,58,0.0,0,1,1,0,0,0,0,0,0,0,0,0,0,0,1,108000
1330,9100,935,5,2,2,308.0,0,1.0,78,48,0.0,0,1,1,0,1,0,0,0,0,0,0,0,0,0,1,79500
1331,7010,1738,5,2,2,240.0,30,2.0,73,58,175.0,0,0,1,0,1,0,0,0,0,0,0,0,0,0,1,153000
1332,6130,784,5,2,3,0.0,116,2.0,84,58,784.0,0,0,1,0,1,0,0,0,0,0,0,0,0,0,1,109500
1333,5000,1210,5,2,3,240.0,0,1.0,67,2,600.0,0,0,1,0,1,0,0,0,0,0,0,0,0,0,1,124000
1334,5870,1290,6,2,2,200.0,150,1.5,108,8,0.0,0,0,1,0,1,0,0,0,0,0,0,0,0,0,1,106900
1335,6000,1672,6,2,3,240.0,11,1.5,68,19,521.0,0,0,1,0,1,0,0,0,0,0,0,0,0,0,1,164900
1336,6000,949,5,2,2,370.0,48,1.0,84,5,0.0,0,0,1,0,1,0,0,0,0,0,0,0,0,0,1,119000
1337,6000,1158,6,2,2,208.0,112,1.0,79,58,0.0,0,0,1,0,1,0,0,0,0,0,0,0,0,0,1,120000
1338,6000,1497,6,2,2,672.0,272,2.0,71,8,363.0,0,0,1,0,1,0,0,0,0,0,0,0,0,0,1,157000
1339,6000,1342,6,2,2,240.0,0,2.0,69,58,264.0,0,0,1,0,1,0,0,0,0,0,0,0,0,0,1,105000
1340,5000,1013,6,2,2,160.0,101,1.0,82,58,0.0,0,0,1,0,1,0,0,0,0,0,0,0,0,0,1,113000
1341,5520,1216,5,2,2,355.0,180,2.0,88,11,68.0,0,0,1,0,1,0,0,0,0,0,0,0,0,0,1,115000
1342,5940,896,4,2,2,280.0,0,1.0,62,58,0.0,0,0,1,0,0,0,0,0,1,0,0,0,0,0,0,79000
1343,6240,1136,4,2,2,336.0,445,1.5,79,58,80.0,0,0,1,0,1,0,0,0,0,0,0,0,0,0,1,123000
1344,6120,808,5,2,2,164.0,48,1.0,63,13,0.0,0,0,1,0,1,0,0,0,0,0,0,0,0,0,1,81300
1345,6240,1573,5,2,2,360.0,0,2.0,78,16,0.0,0,0,1,0,1,0,0,0,0,0,0,0,0,0,1,162900
1346,6240,2009,7,2,2,400.0,20,2.0,69,58,540.0,0,0,1,0,1,0,0,0,0,0,0,0,0,0,1,150000
1347,6120,1902,5,2,2,576.0,194,2.0,85,58,203.0,0,0,1,0,1,0,0,0,0,0,0,0,0,0,1,123500
1348,6120,1774,7,2,2,468.0,295,2.0,77,58,0.0,0,0,1,0,0,0,0,0,0,0,0,0,0,0,1,129900
1349,6155,1362,6,2,2,502.0,84,2.0,88,9,0.0,1,0,1,0,1,0,0,0,0,0,0,0,0,0,1,128000
1350,6324,520,4,2,1,240.0,136,1.0,81,58,0.0,1,0,1,0,1,0,0,0,0,0,0,0,0,0,1,68500
1351,8635,1285,5,2,2,240.0,0,2.0,60,7,377.0,0,0,1,0,1,0,0,0,0,0,0,0,0,0,1,127000
1352,13053,1848,6,2,3,370.0,220,1.5,85,8,0.0,0,0,1,0,1,0,0,0,0,0,0,0,0,0,1,207000
1353,9120,1820,7,2,2,240.0,100,3.0,83,58,329.0,0,0,1,0,1,0,0,0,0,0,0,0,0,0,1,184000
1354,9144,1716,6,2,3,672.0,195,2.0,93,4,0.0,0,0,1,0,1,0,0,0,0,0,0,0,0,0,1,162500
1355,9144,1505,5,2,2,240.0,0,2.0,68,26,399.0,0,0,1,0,1,0,0,0,0,0,0,0,0,0,1,145000
1356,10267,838,6,2,1,275.0,112,2.0,90,8,816.0,0,1,1,0,1,0,0,0,0,0,0,0,0,0,1,130000
1357,8094,1984,6,2,2,360.0,244,2.0,98,25,196.0,0,0,1,0,1,0,0,0,0,0,0,0,0,0,1,160000
1358,5100,1666,8,2,3,228.0,255,1.0,83,12,0.0,0,0,1,0,1,0,0,0,0,0,0,0,0,0,1,161000
1359,4347,1609,6,3,2,228.0,182,1.0,98,58,0.0,0,0,1,0,1,0,0,0,0,0,0,0,0,0,1,127500
1360,6291,768,6,3,2,440.0,84,1.0,78,58,0.0,1,0,1,0,1,0,0,0,0,0,0,0,0,0,1,93850
1361,10266,1536,6,2,2,308.0,296,1.5,56,56,372.0,0,0,1,0,0,0,1,0,0,0,0,0,0,0,0,136000
1362,6876,1969,6,2,2,400.0,34,2.0,70,50,0.0,0,0,1,0,1,0,1,0,0,0,0,0,0,0,0,141000
1363,10320,1308,5,2,2,400.0,117,2.0,93,30,0.0,0,0,1,0,1,0,0,0,0,0,0,0,0,0,1,120000
1364,7200,1040,6,2,2,320.0,132,1.0,83,16,0.0,0,0,1,0,1,0,0,0,0,0,0,0,0,0,1,127500
1365,7006,1236,6,2,2,384.0,0,3.0,83,58,121.0,0,0,1,0,0,0,0,0,0,0,0,0,0,0,1,127000
1366,7920,1406,6,2,1,0.0,144,1.0,88,58,0.0,0,0,1,0,1,0,0,0,0,0,0,0,0,0,1,89500
1367,8235,825,5,2,2,720.0,190,2.0,53,13,825.0,1,0,1,0,1,0,0,0,0,0,0,0,0,0,1,125000
1368,5586,1198,6,2,2,0.0,98,1.0,88,10,0.0,0,0,1,0,0,0,0,0,1,0,0,0,0,0,0,79900
1369,10320,759,5,2,2,576.0,40,1.0,96,17,0.0,1,0,1,0,0,0,0,0,1,0,0,0,0,0,0,85000
1370,10320,1344,3,1,2,0.0,246,2.0,93,58,0.0,0,0,1,0,1,0,0,0,0,0,0,0,0,0,1,82375
1371,10320,1469,6,2,2,216.0,296,1.0,102,13,0.0,0,0,1,0,1,0,0,0,0,0,0,0,0,0,1,135000
1372,9488,1054,5,3,2,240.0,182,1.0,61,15,0.0,0,0,1,0,0,0,0,0,0,0,0,0,0,0,1,124000
1373,8250,1211,5,2,2,322.0,63,1.0,40,40,742.0,0,0,1,0,1,0,0,0,0,0,0,0,0,0,1,134000
1374,21286,1271,5,2,2,312.0,108,2.0,60,58,0.0,0,0,1,0,1,0,0,0,0,0,0,0,0,0,1,135000
1375,17120,1588,4,2,2,680.0,59,2.0,49,49,0.0,0,0,2,0,1,0,0,0,0,0,0,0,0,0,1,134432
1376,10106,1355,5,2,2,0.0,140,3.0,68,9,532.0,0,0,1,0,1,0,0,0,0,0,0,0,0,0,1,127500
1377,11235,1075,5,2,3,440.0,128,2.0,45,45,784.0,0,0,1,0,0,0,0,0,0,0,0,0,0,0,1,148000
1378,11200,1040,5,2,2,384.0,0,2.0,43,43,906.0,0,0,1,0,1,0,0,0,0,0,0,0,0,0,1,129500
1379,13014,1096,6,2,2,484.0,168,2.0,30,30,528.0,0,0,1,0,1,0,0,0,0,0,0,0,0,0,1,157500
1380,7162,904,5,2,2,408.0,0,1.0,42,42,0.0,0,0,1,0,0,0,0,0,0,0,0,0,0,0,1,109900
1381,10265,992,5,2,3,294.0,204,2.0,41,3,758.0,0,0,1,0,1,0,0,0,0,0,0,0,0,0,1,145000
1382,9764,894,5,2,3,450.0,0,2.0,41,5,702.0,0,0,1,0,1,0,0,0,0,0,0,0,0,0,1,130000
1383,7703,1034,6,2,2,504.0,311,1.5,30,30,450.0,0,0,1,0,1,0,0,0,0,0,0,0,0,0,1,153000
1384,9981,1073,5,2,2,270.0,90,1.0,41,41,221.0,0,0,1,0,1,0,0,0,0,0,0,0,0,0,1,120000
1385,7400,1126,5,2,2,506.0,178,2.0,24,24,1060.0,0,0,1,0,1,0,0,0,0,0,0,0,0,0,1,152000
1386,12900,1258,4,2,2,400.0,120,3.0,39,39,1198.0,0,0,1,1,0,0,0,0,0,0,0,0,0,0,1,108959
1387,12900,1140,5,2,2,400.0,190,2.0,88,58,1300.0,0,0,1,1,0,0,0,0,0,0,0,0,0,0,1,95541
1388,9000,1006,5,2,2,0.0,24,1.0,49,49,288.0,0,0,1,0,1,0,0,0,0,0,0,0,0,0,1,80000
1389,8544,1228,5,2,3,271.0,65,1.5,42,2,0.0,0,0,1,0,1,0,0,0,0,0,0,0,0,0,1,149350
1390,9239,960,5,2,3,300.0,168,2.0,45,5,634.0,0,0,1,0,1,0,0,0,0,0,0,0,0,0,1,144900
1391,14175,1188,6,2,2,621.0,422,2.0,52,52,776.0,0,0,1,0,1,0,0,0,0,0,0,0,0,0,1,185000
1392,13284,1383,5,2,2,354.0,627,2.0,54,54,1064.0,0,0,1,0,1,0,0,0,0,0,0,0,0,0,1,165000
1393,13500,1252,6,2,2,564.0,409,2.0,48,33,1509.0,0,0,2,0,1,0,0,0,0,0,0,0,0,0,1,235000
1394,13825,1601,5,2,2,300.0,314,1.5,50,21,0.0,0,0,1,0,1,0,0,0,0,0,0,0,0,0,1,140000
1395,10200,672,5,2,2,240.0,168,1.0,68,11,0.0,0,0,1,0,1,0,0,0,0,0,0,0,0,0,1,108000
1396,10532,1721,5,2,2,626.0,134,3.0,48,48,988.0,0,0,2,0,0,0,0,0,0,0,0,0,0,0,1,145000
1397,8375,1350,5,2,3,627.0,0,2.5,67,35,336.0,0,0,1,0,1,0,0,0,0,0,0,0,0,0,1,152400
1398,10200,904,5,2,3,912.0,143,1.0,38,38,704.0,0,0,1,0,1,0,0,0,0,0,0,0,0,0,1,144000
1399,2887,1291,6,2,3,431.0,307,2.0,12,11,1003.0,0,0,2,0,1,0,0,0,0,0,0,0,0,0,1,173000
1400,10005,2022,7,2,2,505.0,405,2.5,31,31,392.0,0,0,2,0,1,0,0,0,0,0,0,0,0,0,1,192000
1401,20270,1524,7,2,2,478.0,140,3.0,29,29,599.0,0,0,2,0,1,0,0,0,0,0,0,0,0,0,1,245000
1402,39104,1363,7,2,2,439.0,81,2.0,54,3,1289.0,0,0,2,0,1,0,0,0,0,0,0,0,0,0,1,241500
1403,53227,1663,4,2,3,529.0,361,2.0,54,14,1116.0,0,0,2,0,1,0,0,0,0,0,0,0,0,0,1,256000
1404,11512,1357,6,2,4,312.0,163,2.0,49,2,719.0,0,0,1,0,1,0,0,0,0,0,0,0,0,0,1,177000
1405,5190,1079,7,2,2,249.0,135,1.0,60,58,0.0,0,0,1,0,1,0,0,0,0,0,0,0,0,0,1,125600
1406,10452,1094,6,2,2,495.0,287,1.0,55,55,500.0,0,0,1,0,1,0,0,0,0,0,0,0,0,0,1,155000
1407,45600,2358,6,2,2,360.0,701,3.0,100,11,0.0,0,0,2,0,1,0,0,0,0,0,0,0,0,0,1,240000
1408,19550,1518,5,2,1,0.0,39,2.0,68,1,1035.0,0,0,1,0,1,0,0,0,0,0,0,0,0,0,1,260000
1409,21780,1674,6,2,2,396.0,252,2.0,90,58,0.0,0,0,1,0,1,0,0,0,0,0,0,0,0,0,1,185000
1410,13728,2108,6,2,3,540.0,90,2.0,73,22,626.0,0,0,1,0,1,0,0,0,0,0,0,0,0,0,1,235000
1411,9571,1509,5,2,3,322.0,734,2.0,52,52,870.0,0,0,1,0,1,0,0,0,0,0,0,0,0,0,1,159900
1412,9350,864,5,2,2,0.0,0,2.0,33,33,864.0,0,0,1,0,1,0,0,0,0,0,0,0,0,0,1,99600
1413,9360,1269,6,3,2,280.0,236,1.5,46,7,324.0,0,0,1,0,1,0,0,0,0,0,0,0,0,0,1,134500
1414,8405,1367,5,2,2,384.0,242,2.0,108,58,632.0,0,0,1,0,1,0,0,0,0,0,0,0,0,0,1,119000
1415,7000,1347,5,2,2,0.0,233,2.0,98,17,969.0,0,0,1,0,1,0,0,0,0,0,0,0,0,0,1,107500
1416,10880,1164,5,2,2,240.0,48,2.0,58,58,1040.0,0,0,1,0,1,0,0,0,1,0,0,0,0,0,0,125000
1417,9600,1096,6,2,2,0.0,136,1.0,84,58,0.0,0,0,1,0,1,0,0,0,0,0,0,0,0,0,1,79000
1418,9084,1111,5,2,2,200.0,48,1.5,67,58,616.0,0,0,1,0,1,0,0,0,0,0,1,0,0,0,0,95000
1419,11839,2329,7,2,3,514.0,313,3.5,18,18,1085.0,0,0,2,0,1,0,0,0,0,0,0,0,0,0,1,262280
1420,9771,2814,6,3,3,614.0,296,3.0,13,6,779.0,0,0,2,0,1,0,0,0,0,0,0,0,0,0,1,260000
1421,9938,1626,7,3,3,534.0,464,3.5,14,14,1271.0,0,0,2,0,1,0,0,0,0,0,0,0,0,0,1,226500
1422,14171,2200,7,3,3,453.0,266,2.5,15,14,355.0,0,0,2,0,1,0,0,0,0,0,0,0,0,0,1,225000
1423,10541,2037,7,3,3,472.0,133,2.5,12,12,0.0,0,0,2,0,1,0,0,0,0,0,0,0,0,0,1,229000
1424,10616,1356,7,3,3,484.0,124,2.5,1,1,0.0,0,0,2,0,0,1,0,0,0,0,0,1,0,0,0,177439
1425,9345,1615,8,3,3,864.0,198,2.0,1,1,0.0,0,0,2,0,1,0,0,0,0,0,0,0,0,0,1,248500
1426,11778,2276,9,3,4,1348.0,325,3.0,0,0,2085.0,0,0,2,0,0,0,0,0,0,0,0,0,0,0,1,475000
1427,11778,1766,9,4,4,874.0,252,3.5,0,0,1153.0,0,0,2,0,0,1,0,0,0,0,0,1,0,0,0,395039
1428,11228,2097,7,3,3,678.0,383,3.0,15,15,581.0,0,0,2,0,1,0,0,0,0,0,0,0,0,0,1,228000
1429,11454,1511,8,3,3,811.0,210,3.0,13,13,770.0,0,0,2,0,1,0,0,0,0,0,0,0,0,0,1,225000
1430,11500,1643,6,2,2,438.0,339,3.0,42,42,985.0,0,0,2,0,1,0,0,0,0,0,0,0,0,0,1,195000
1431,12798,1688,6,2,3,603.0,702,3.5,11,11,462.0,0,0,2,0,1,0,0,0,0,0,0,0,0,0,1,200000
1432,9750,990,5,2,2,528.0,168,2.0,14,14,722.0,0,0,2,0,1,0,0,0,0,0,0,0,0,0,1,155000
1433,9525,1099,5,2,3,352.0,278,1.5,13,2,0.0,0,0,2,0,1,0,0,0,0,0,0,0,0,0,1,144000
1434,9245,990,5,2,2,672.0,0,1.5,14,13,686.0,0,0,2,0,1,0,0,0,0,0,0,0,0,0,1,145000
1435,8696,1418,7,2,3,558.0,318,3.0,11,10,1308.0,0,0,2,0,1,0,0,0,0,0,0,0,0,0,1,226001
1436,13142,1771,6,2,3,600.0,96,3.5,11,11,688.0,0,0,2,0,1,0,0,0,0,0,0,0,0,0,1,215700
1437,8998,1652,7,3,3,532.0,70,2.5,8,8,527.0,0,0,2,0,1,0,0,0,0,0,0,0,0,0,1,207500
1438,9179,1790,7,3,3,588.0,88,3.5,9,9,633.0,0,0,2,0,0,0,0,0,0,0,0,0,0,0,1,193000
1439,8924,1724,7,2,3,527.0,275,2.5,10,9,0.0,0,0,2,0,1,0,0,0,0,0,0,0,0,0,1,188000
1440,9382,1479,7,3,3,577.0,145,2.0,9,8,0.0,0,0,2,0,1,0,0,0,0,0,0,0,0,0,1,191000
1441,12803,1494,7,3,3,530.0,228,3.0,6,6,922.0,0,0,2,0,1,0,0,0,0,0,0,0,0,0,1,221000
1442,12435,1792,7,3,3,564.0,341,2.5,7,7,361.0,0,0,2,0,1,0,0,0,0,0,0,0,0,0,1,231500
1443,12192,1823,7,3,3,626.0,228,3.5,8,7,663.0,0,0,2,0,1,0,0,0,0,0,0,0,0,0,1,235000
1444,11250,1786,7,3,3,608.0,42,3.5,7,6,486.0,0,0,2,0,1,0,0,0,0,0,0,0,0,0,1,223500
1445,9200,938,5,2,2,308.0,145,2.0,33,28,771.0,0,0,2,0,1,0,0,0,0,0,0,0,0,0,1,130250
1446,8385,985,5,3,2,328.0,210,2.0,31,31,595.0,0,0,2,0,1,0,0,0,0,0,0,0,0,0,1,149900
1447,12250,1174,5,2,2,528.0,491,2.0,30,30,781.0,0,0,2,0,1,0,0,0,0,0,0,0,0,0,1,158000
1448,10970,1026,6,2,2,576.0,34,2.0,30,30,940.0,0,0,2,0,1,0,0,0,0,0,0,0,0,0,1,147000
1449,9216,1076,5,2,2,576.0,0,1.5,33,33,294.0,0,0,2,0,0,0,0,0,0,0,0,0,0,0,1,143195
1450,14330,1558,5,2,2,440.0,606,3.0,33,7,684.0,0,0,2,0,1,0,0,0,0,0,0,0,0,0,1,163000
1451,7990,924,5,2,2,280.0,0,1.0,33,33,0.0,0,0,2,0,1,0,0,0,0,0,0,0,0,0,1,110000
1452,7180,864,5,2,2,352.0,0,1.0,36,36,390.0,0,0,2,0,1,0,0,0,0,0,0,0,0,0,1,127000
1453,7200,780,5,2,2,352.0,196,1.0,36,36,632.0,0,0,2,0,1,0,0,0,0,0,0,0,0,0,1,124900
1454,9742,1795,8,3,3,534.0,330,2.0,6,6,0.0,0,0,2,0,1,0,0,0,0,0,0,0,0,0,1,230000
1455,9473,2031,8,3,3,577.0,211,3.5,6,6,804.0,0,0,2,0,1,0,0,0,0,0,0,0,0,0,1,237000
1456,10316,1865,7,3,3,839.0,184,3.5,8,8,735.0,0,0,2,0,1,0,0,0,0,0,0,0,0,0,1,235000
1457,10400,2161,7,3,3,570.0,84,2.5,7,7,0.0,0,0,2,0,1,0,0,0,0,0,0,0,0,0,1,230500
1458,9066,1852,8,3,3,660.0,330,2.5,9,8,668.0,0,0,2,0,1,0,0,0,0,0,0,0,0,0,1,230000
1459,11404,2031,7,3,3,541.0,276,2.5,10,9,252.0,0,0,2,0,1,0,0,0,0,0,0,0,0,0,1,222500
1460,9240,2263,8,3,3,905.0,234,2.5,7,6,0.0,0,0,2,0,1,0,0,0,0,0,0,0,0,0,1,287000
1461,9720,1947,9,3,3,725.0,284,3.5,7,6,1194.0,0,0,2,0,1,0,0,0,0,0,0,0,0,0,1,274000
1462,14860,1786,8,3,3,715.0,217,3.0,6,5,1538.0,0,0,2,0,1,0,0,0,0,0,0,0,0,0,1,300000
1463,11250,2290,8,3,3,779.0,0,2.5,6,6,0.0,0,0,2,0,1,0,0,0,0,0,0,0,0,0,1,255900
1464,8158,1768,7,3,3,543.0,63,3.5,5,5,550.0,0,0,2,0,1,0,0,0,0,0,0,0,0,0,1,224900
1465,10905,2327,7,3,3,596.0,57,2.5,5,5,0.0,0,0,2,0,1,0,0,0,0,0,0,0,0,0,1,240000
1466,7226,1640,7,3,3,595.0,45,2.5,5,5,0.0,0,0,2,0,1,0,0,0,0,0,0,0,0,0,1,183000
1467,11690,1764,8,3,3,560.0,149,2.5,9,8,0.0,0,0,2,0,1,0,0,0,0,0,0,0,0,0,1,207000
1468,8750,1908,7,3,3,493.0,277,3.5,14,13,642.0,0,0,2,0,1,0,0,0,0,0,0,0,0,0,1,210000
1469,4435,848,6,3,3,420.0,140,2.0,5,5,686.0,0,0,2,0,1,0,0,0,0,0,0,0,0,0,1,136500
1470,4426,848,6,3,3,420.0,140,2.0,4,4,662.0,0,0,2,0,1,0,0,0,0,0,0,0,0,0,1,145000
1471,13125,1493,6,2,3,508.0,179,3.0,11,10,994.0,0,0,2,0,1,0,0,0,0,0,0,0,0,0,1,208900
1472,10126,1838,6,2,2,721.0,227,4.0,11,10,1755.0,0,0,2,0,0,0,0,0,0,0,0,0,0,0,1,185000
1473,9135,1536,7,3,3,532.0,266,3.0,6,5,810.0,0,0,2,0,1,0,0,0,0,0,0,0,0,0,1,214000
1474,8450,1710,7,3,3,548.0,61,3.5,5,5,706.0,0,0,2,0,1,0,0,0,0,0,0,0,0,0,1,208500
1475,9750,1445,7,3,3,470.0,35,2.0,4,4,24.0,0,0,2,0,1,0,0,0,0,0,0,0,0,0,1,186500
1476,8450,1436,7,3,3,484.0,237,3.0,4,4,946.0,0,0,2,0,1,0,0,0,0,0,0,0,0,0,1,210000
1477,8320,1582,7,3,3,520.0,45,2.5,4,4,490.0,0,0,2,0,1,0,0,0,0,0,0,0,0,0,1,185900
1478,11049,1234,8,3,3,484.0,30,2.0,1,1,0.0,0,0,2,0,1,0,0,0,0,0,0,0,0,0,1,179900
1479,11058,1564,7,3,3,814.0,24,2.0,1,1,56.0,0,0,2,0,1,0,0,0,0,0,0,0,0,0,1,218836
1480,9627,1361,7,3,3,610.0,50,2.0,1,1,24.0,0,0,2,0,1,0,0,0,0,0,0,0,0,0,1,193000
1481,8199,1456,7,3,3,410.0,54,3.5,3,3,648.0,0,0,2,0,1,0,0,0,0,0,0,0,0,0,1,189000
1482,4426,848,6,3,3,420.0,149,2.0,4,4,697.0,0,0,2,0,1,0,0,0,0,0,0,0,0,0,1,149300
1483,4426,848,6,3,3,420.0,149,2.0,4,4,697.0,0,0,2,0,1,0,0,0,0,0,0,0,0,0,1,141000
1484,4438,848,6,3,3,420.0,149,2.0,4,4,662.0,0,0,2,0,1,0,0,0,0,0,0,0,0,0,1,149000
1485,4438,848,6,3,3,420.0,140,2.0,4,4,662.0,0,0,2,0,1,0,0,0,1,0,0,0,0,0,0,144500
1486,8777,796,5,2,2,0.0,492,1.0,98,58,0.0,0,0,1,0,1,0,0,0,0,0,0,0,0,0,1,85000
1487,8777,2200,5,2,2,0.0,70,5.0,108,5,1084.0,0,0,1,0,1,0,0,0,0,0,0,0,0,0,1,145900
1488,9825,1092,5,2,2,264.0,420,1.0,42,42,609.0,0,0,1,0,0,0,1,0,0,0,0,0,0,0,0,123000
1489,9937,1256,5,3,2,276.0,804,2.5,43,43,1120.0,0,0,1,0,1,0,0,0,0,0,0,0,0,0,1,147500
1490,12102,1033,5,2,2,504.0,224,1.5,32,32,456.0,0,0,1,0,0,0,0,0,0,0,0,0,0,0,1,165000
1491,6500,1127,6,2,2,480.0,138,2.0,32,32,1033.0,0,0,1,0,1,0,0,0,0,0,0,0,0,0,1,135000
1492,13907,996,5,2,2,0.0,144,2.0,68,39,290.0,0,0,1,0,1,0,0,0,0,0,0,0,0,0,1,108000
1493,10012,1181,4,2,2,588.0,180,3.0,36,36,1100.0,0,0,1,0,1,0,0,0,0,0,0,0,0,0,1,137500
1494,6931,1656,7,3,3,397.0,306,2.5,5,4,0.0,0,0,1,0,1,0,0,0,0,0,0,0,0,0,1,165400
1495,9638,1117,6,2,2,542.0,292,2.0,31,31,488.0,0,0,1,0,1,0,0,0,0,0,0,0,0,0,1,147000
1496,7200,1398,6,2,2,440.0,0,1.5,32,7,288.0,0,0,1,0,1,0,0,0,0,0,0,0,0,0,1,160500
1497,7024,1132,4,2,3,451.0,316,2.5,3,3,1024.0,0,0,1,0,1,0,0,0,0,0,0,0,0,0,1,176000
1498,47007,3820,5,2,4,624.0,372,3.5,49,12,0.0,0,0,1,0,1,0,0,0,0,0,0,0,0,0,1,284700
1500,3675,1072,6,2,2,525.0,28,2.0,3,3,459.0,0,0,1,0,1,0,0,0,0,0,0,0,0,0,1,148000
1501,6040,1152,4,2,1,0.0,0,2.0,53,53,0.0,0,0,1,0,0,0,0,0,0,0,0,0,0,0,1,82000
1502,6012,1152,4,2,2,0.0,0,2.0,53,53,0.0,0,0,1,0,0,0,0,0,0,0,0,0,0,0,1,82000
1503,12108,1440,4,2,1,0.0,0,2.0,53,53,133.0,0,0,1,0,1,0,0,0,0,0,0,0,0,0,1,118000
1504,6845,1152,4,2,2,0.0,0,2.0,53,53,0.0,0,0,1,0,1,0,0,0,0,0,0,0,0,0,1,82500
1505,6931,784,4,2,2,0.0,112,2.0,53,53,784.0,0,0,1,0,1,0,0,0,0,0,0,0,0,0,1,91900
1506,12180,1053,5,2,4,0.0,42,1.5,70,1,0.0,0,0,1,0,0,0,0,0,0,0,0,0,0,0,1,120000
1507,8050,1137,5,2,2,0.0,0,1.5,61,15,0.0,0,0,1,0,1,0,0,0,0,0,0,0,0,0,1,96000
1508,9520,930,4,2,2,286.0,134,1.0,55,55,767.0,0,0,1,0,1,0,0,0,0,0,0,0,0,0,1,99000
1509,11767,1200,5,2,2,240.0,0,1.0,62,13,352.0,0,0,1,0,1,0,0,0,0,0,0,0,0,0,1,130500
1510,8172,1470,4,2,2,548.0,156,2.0,54,36,0.0,0,0,1,0,1,0,0,0,0,0,0,0,0,0,1,135000
1511,16466,1393,5,2,2,300.0,386,1.5,53,53,0.0,0,0,1,0,1,0,0,0,0,0,0,0,0,0,1,135500
1512,7692,1204,4,2,2,312.0,0,1.0,54,54,0.0,0,0,1,0,0,0,0,0,0,0,0,0,0,0,1,100000
1513,5142,1292,4,2,3,205.0,183,1.5,85,0,224.0,0,0,1,0,1,0,0,0,0,0,0,0,0,0,1,108000
1514,5604,864,5,2,2,0.0,96,2.0,83,58,468.0,0,0,1,0,1,0,0,0,0,0,0,0,0,0,1,98000
1515,8248,864,3,2,2,0.0,100,2.0,94,58,41.0,0,0,1,0,1,0,0,0,0,0,0,0,0,0,1,67000
1516,5687,1716,5,2,1,0.0,184,3.0,96,8,210.0,0,0,1,0,1,0,0,0,0,0,0,0,0,0,1,135900
1517,12155,1482,6,2,1,400.0,254,2.0,83,58,156.0,0,0,1,0,1,0,0,0,0,0,0,0,0,0,1,140000
1518,8400,2192,5,2,3,240.0,286,2.5,69,11,378.0,0,0,1,0,1,0,0,0,0,0,0,0,0,0,1,179500
1519,8400,1694,6,2,2,576.0,470,2.0,83,58,423.0,0,0,1,0,1,0,0,0,0,0,0,0,0,0,1,136500
1520,7290,1424,7,2,2,312.0,90,2.0,87,58,0.0,0,0,1,0,1,0,0,0,0,0,0,0,0,0,1,168000
1521,8525,1964,5,2,2,0.0,192,1.5,97,58,0.0,0,0,1,0,0,0,0,0,0,0,0,0,0,0,1,130000
1522,9842,2601,5,2,2,621.0,484,3.5,87,10,0.0,0,0,1,0,1,0,0,0,0,0,0,0,0,0,1,189000
1523,7804,1920,6,2,2,480.0,369,5.0,78,58,960.0,0,0,1,0,0,0,0,0,0,0,0,0,0,0,1,161900
1524,8969,1316,6,2,2,369.0,192,2.0,82,58,379.0,0,0,2,0,1,0,0,0,0,0,0,0,0,0,1,145000
1525,11526,2555,6,2,2,672.0,431,2.0,86,14,0.0,0,0,2,0,1,0,0,0,0,0,0,0,0,0,1,191000
1526,15576,1680,6,2,2,308.0,160,2.0,93,32,0.0,0,0,2,0,1,0,0,0,0,0,0,0,0,0,1,177000
1527,15564,1264,6,2,2,400.0,424,1.0,94,13,0.0,0,0,2,0,1,0,0,0,0,0,0,0,0,0,1,147500
1528,6292,790,6,2,2,160.0,141,1.0,78,58,384.0,0,0,1,0,1,0,0,0,0,0,0,0,0,0,1,91000
1529,7609,1512,8,3,3,180.0,142,3.0,83,11,406.0,0,0,2,0,1,0,0,0,0,0,0,0,0,0,1,231000
1530,10480,1639,6,2,2,240.0,0,1.0,72,58,0.0,0,0,1,0,1,0,0,0,0,0,0,0,0,0,1,115000
1531,9650,1603,6,2,2,599.0,217,1.0,85,58,0.0,0,0,2,0,1,0,0,0,0,0,0,0,0,0,1,138000
1532,7200,1502,7,2,2,270.0,112,1.5,77,8,0.0,0,0,2,0,1,0,0,0,0,0,0,0,0,0,1,149000
1533,11988,1660,6,2,2,240.0,0,1.5,74,13,326.0,0,0,2,0,1,0,0,0,0,0,0,0,0,0,1,188700
1534,11700,1938,5,2,3,240.0,40,2.0,71,13,606.0,0,0,2,0,1,0,0,0,0,0,0,0,0,0,1,198000
1535,9260,1374,5,2,2,225.0,164,1.0,70,58,0.0,0,0,2,0,1,0,0,0,0,0,0,0,0,0,1,110000
1536,7801,1091,6,2,2,344.0,392,1.5,57,57,500.0,0,0,2,0,1,0,0,0,0,0,0,0,0,0,1,104000
1537,9670,1873,8,2,2,786.0,207,1.5,73,58,210.0,0,0,2,1,0,0,0,0,0,0,0,0,0,0,1,257076
1538,14100,3447,8,2,3,1014.0,326,3.5,73,11,192.0,0,0,2,0,1,0,0,0,0,0,0,0,0,0,1,381000
1539,15660,1954,7,3,3,431.0,269,2.0,69,2,341.0,0,0,2,0,1,0,0,0,0,0,0,0,0,0,1,311500
1540,12392,2161,7,2,3,506.0,96,3.5,58,8,435.0,0,0,2,0,1,0,0,0,0,0,0,0,0,0,1,263400
1541,26073,1898,5,2,2,484.0,275,2.5,52,52,1116.0,0,0,2,0,1,0,0,0,0,0,0,0,0,0,1,236500
1542,14778,1640,6,3,3,924.0,324,2.0,54,2,728.0,0,0,2,0,1,0,0,0,0,0,0,0,0,0,1,224000
1543,1879,1032,6,2,2,462.0,213,1.0,28,28,366.0,0,0,1,0,1,0,0,0,0,0,0,0,0,0,1,116500
1544,1950,1556,6,2,2,452.0,161,3.5,28,28,693.0,0,0,1,0,1,0,1,0,0,0,0,0,0,0,0,151000
1545,7000,919,6,2,2,195.0,116,2.0,82,10,339.0,0,0,1,0,1,0,0,0,0,0,0,0,0,0,1,126000
1546,6000,1090,6,2,2,240.0,0,1.0,68,2,0.0,0,0,1,0,1,0,0,0,0,0,0,0,0,0,1,120000
1547,3636,796,4,2,2,0.0,100,1.0,86,58,0.0,0,0,1,0,1,0,0,0,0,0,0,0,0,0,1,55000
1548,5890,816,6,3,2,432.0,96,1.0,78,1,538.0,0,0,1,0,1,0,0,0,0,0,0,0,0,0,1,120500
1549,6900,778,5,2,2,924.0,25,1.0,68,53,528.0,0,0,1,0,1,0,0,0,0,0,0,0,0,0,1,120500
1550,8155,1200,5,2,2,0.0,96,1.0,78,58,0.0,0,0,1,0,1,0,0,0,0,0,0,0,0,0,1,119000
1551,6000,1656,5,1,2,288.0,280,1.5,41,41,257.0,0,0,1,0,1,0,0,0,0,0,0,0,0,0,1,126000
1552,7392,912,5,2,2,360.0,90,1.0,78,13,0.0,0,0,1,0,1,0,0,0,0,0,0,0,0,0,1,99500
1553,9000,1955,5,2,2,356.0,0,2.0,50,50,330.0,0,0,1,0,1,0,0,0,0,0,0,0,0,0,1,165500
1554,14584,733,1,1,1,487.0,0,1.0,56,56,0.0,0,0,1,0,0,0,0,0,0,0,0,0,0,0,1,13100
1555,5280,1361,4,2,2,185.0,123,1.0,113,58,0.0,0,0,1,0,1,0,0,0,0,0,0,0,0,0,1,89000
1556,8500,1317,4,2,2,250.0,226,1.0,88,58,0.0,0,0,1,0,1,0,0,0,0,0,0,0,0,0,1,40000
1557,5150,1049,4,2,2,195.0,0,1.0,98,8,0.0,0,0,1,0,1,0,0,0,0,0,0,0,0,0,1,80900
1558,18000,894,3,1,2,1248.0,20,1.0,73,58,0.0,0,0,1,0,1,0,0,0,1,0,0,0,0,0,0,81000
1559,9000,864,4,2,1,216.0,190,1.5,88,58,0.0,0,0,1,0,1,0,0,0,0,0,0,0,0,0,1,65000
1560,5587,1652,8,4,3,482.0,368,3.5,0,0,1480.0,0,0,2,0,0,1,0,0,0,0,0,1,0,0,0,392500
1561,3843,1648,8,4,4,525.0,368,3.5,1,0,1476.0,0,0,2,0,0,1,0,0,0,0,0,1,0,0,0,294464
1562,3811,1646,7,3,4,482.0,336,3.5,4,3,1474.0,0,0,2,0,1,0,0,0,0,0,0,0,0,0,1,250000
1563,3842,1646,8,3,3,482.0,336,3.5,4,3,1373.0,0,0,2,0,1,0,0,0,0,0,0,0,0,0,1,275000
1564,23730,2032,7,3,3,786.0,238,4.0,12,11,700.0,0,0,2,0,1,0,0,0,0,0,0,0,0,0,1,300000
1565,13265,1689,8,3,3,857.0,209,3.0,6,6,1218.0,0,0,2,0,1,0,0,0,0,0,0,0,0,0,1,271000
1566,11050,1820,7,2,3,816.0,350,2.5,12,11,0.0,0,0,2,0,1,0,0,0,0,0,0,0,0,0,1,213000
1567,9880,1118,6,2,2,358.0,203,2.0,31,31,522.0,0,0,2,0,1,0,0,0,0,0,0,0,0,0,1,171000
1568,10125,1279,6,2,2,473.0,321,2.5,31,31,920.0,0,0,2,0,1,0,0,0,0,0,0,0,0,0,1,171500
1569,10260,1872,5,2,2,484.0,0,3.0,32,32,0.0,0,0,2,0,0,0,0,0,0,0,0,0,0,0,1,100000
1570,9990,1689,4,2,2,432.0,548,3.0,17,17,1383.0,0,0,2,0,1,0,0,0,0,0,0,0,0,0,1,228500
1571,164660,1786,5,2,2,529.0,670,4.0,43,43,1396.0,0,0,2,0,1,0,0,0,0,0,0,0,0,0,1,228950
1572,4084,1501,7,3,3,512.0,240,3.0,22,22,893.0,0,0,2,0,1,0,0,0,0,0,0,0,0,0,1,241500
1573,15498,2898,8,3,3,665.0,246,3.0,32,32,1565.0,0,0,2,0,0,0,1,0,0,0,0,0,0,0,0,287000
1574,11563,1537,8,3,3,788.0,26,3.0,2,1,1036.0,0,0,2,0,1,0,0,0,0,0,0,0,0,0,1,294000
1575,9520,1646,8,3,3,800.0,236,3.0,1,0,1513.0,0,0,2,0,0,1,0,0,0,0,0,1,0,0,0,293077
1576,12852,1780,8,3,3,612.0,192,3.5,1,1,770.0,0,0,2,0,0,1,0,0,0,0,0,1,0,0,0,264966
1577,9802,1442,5,2,2,400.0,100,2.5,2,1,0.0,0,0,2,0,1,0,0,0,0,0,0,0,0,0,1,172500
1578,9735,1394,5,2,3,400.0,100,2.5,2,1,0.0,0,0,2,0,1,0,0,0,0,0,0,0,0,0,1,167500
1579,12018,1612,7,3,3,666.0,64,2.5,0,0,0.0,0,0,2,0,0,1,0,0,0,0,0,1,0,0,0,218689
1580,12890,1495,6,2,2,438.0,444,2.0,19,19,0.0,0,0,2,0,1,0,0,0,0,0,0,0,0,0,1,150000
1581,12416,1651,6,2,2,616.0,192,3.0,22,22,1606.0,0,0,2,0,1,0,0,0,0,0,0,0,0,0,1,184000
1582,18265,1256,6,3,3,578.0,282,2.0,22,22,980.0,0,0,2,0,1,0,0,0,0,0,0,0,0,0,1,180000
1583,10200,1509,6,3,3,600.0,224,3.0,20,19,783.0,0,0,2,0,0,0,0,0,0,0,0,0,0,0,1,175000
1584,11202,1440,8,3,3,467.0,280,3.0,5,5,1029.0,0,0,2,0,1,0,0,0,0,0,0,0,0,0,1,232500
1585,7915,1675,6,3,3,435.0,217,3.0,9,8,1223.0,0,0,2,0,1,0,0,0,0,0,0,0,0,0,1,195000
1586,12244,2262,8,3,3,749.0,168,3.5,5,5,871.0,0,0,2,0,1,0,0,0,0,0,0,0,0,0,1,305000
1587,11449,1728,8,3,3,520.0,276,3.0,1,1,1011.0,0,0,2,0,1,0,0,0,0,0,0,0,0,0,1,298751
1588,11447,1964,8,3,3,892.0,265,3.5,3,2,1571.0,0,0,2,0,1,0,0,0,0,0,0,0,0,0,1,370000
1589,8940,1344,7,2,2,784.0,0,4.0,11,10,1309.0,0,0,2,1,0,0,0,0,0,0,0,0,0,0,1,209200
1590,7060,1344,7,2,2,784.0,0,4.0,11,10,1309.0,0,0,2,1,0,0,0,0,0,0,0,0,0,0,1,206300
1591,9278,1092,5,2,2,0.0,52,1.0,1,0,0.0,0,0,2,0,0,0,0,0,0,0,0,0,0,0,1,146000
1592,4500,1189,6,2,2,392.0,122,3.0,11,11,864.0,0,0,2,0,1,0,0,0,0,0,0,0,0,0,1,160500
1593,14137,1200,4,2,2,850.0,290,2.0,44,44,1112.0,0,0,2,0,1,0,0,0,1,0,0,0,0,0,0,173000
1594,4224,1040,5,2,2,499.0,100,1.0,33,33,769.0,0,0,1,0,1,0,0,0,0,0,0,0,0,0,1,124000
1595,2665,1304,5,2,2,336.0,165,1.5,32,32,0.0,0,0,1,0,1,0,0,0,0,0,0,0,0,0,1,115000
1596,2665,1475,5,2,2,336.0,118,2.0,32,32,318.0,0,0,1,0,1,0,0,0,0,0,0,0,0,0,1,129500
1597,1974,988,4,2,2,297.0,221,2.0,35,2,501.0,0,0,1,0,1,0,0,0,0,0,0,0,0,0,1,105000
1598,1596,988,4,2,2,297.0,221,2.0,35,35,437.0,0,0,1,0,1,0,0,0,0,0,0,0,0,0,1,94900
1599,17979,1160,5,2,3,257.0,81,2.0,40,40,785.0,0,0,2,0,1,0,0,0,0,0,0,0,0,0,1,152500
1600,1477,1092,6,2,2,0.0,187,2.5,38,1,358.0,0,0,1,0,1,0,0,0,0,0,0,0,0,0,1,98000
1601,1890,630,4,2,2,0.0,88,2.0,36,36,495.0,0,0,1,0,1,0,0,0,0,0,0,0,0,0,1,81000
1602,21750,988,5,2,2,520.0,0,1.0,54,54,0.0,0,0,2,0,1,0,0,0,0,0,0,0,0,0,1,113000
1603,6490,816,5,2,2,264.0,315,1.5,25,25,534.0,0,0,2,0,1,0,0,0,0,0,0,0,0,0,1,128500
1604,6951,923,5,2,2,264.0,362,2.0,24,23,658.0,0,0,2,0,1,0,0,0,0,0,0,0,0,0,1,119500
1605,6600,816,5,3,3,264.0,0,1.5,26,0,641.0,0,0,2,0,1,0,0,0,0,0,0,0,0,0,1,130500
1606,6600,816,5,2,2,816.0,0,2.0,26,5,816.0,0,0,2,0,1,0,0,0,0,0,0,0,0,0,1,138000
1607,6600,845,5,2,3,264.0,0,1.0,26,3,638.0,0,0,2,0,1,0,0,0,0,0,0,0,0,0,1,134500
1608,12508,1750,6,2,2,423.0,401,3.0,68,23,660.0,0,0,2,0,1,0,0,0,0,0,0,0,0,0,1,160000
1609,12395,889,5,2,2,484.0,0,1.0,24,24,647.0,0,0,2,0,1,0,0,0,0,0,0,0,0,0,1,137500
1610,11075,1968,5,2,2,530.0,494,3.0,39,39,755.0,0,0,2,0,1,0,0,0,0,0,0,0,0,0,1,172000
1611,56600,1836,5,2,2,288.0,0,2.0,108,58,0.0,0,0,1,0,1,0,0,0,0,0,0,0,0,0,1,103000
1612,10667,1587,6,2,2,525.0,44,2.0,36,36,838.0,0,0,1,0,1,0,0,0,0,0,0,0,0,0,1,167300
1613,10628,1277,7,2,2,526.0,176,2.0,37,37,778.0,0,0,1,0,1,0,0,0,0,0,0,0,0,0,1,167000
1614,13651,2223,7,2,2,516.0,300,3.0,34,34,1880.0,0,0,1,0,1,0,0,0,0,0,0,0,0,0,1,244000
1615,15865,2217,8,3,3,621.0,512,3.0,37,37,1174.0,0,0,1,0,1,0,0,0,0,0,0,0,0,0,1,268000
1616,12394,1733,7,3,3,433.0,148,2.5,4,4,0.0,0,0,2,0,0,0,0,0,0,0,0,0,0,0,1,225000
1617,10364,1572,6,2,2,373.0,40,2.5,12,11,0.0,0,0,2,0,1,0,0,0,0,0,0,0,0,0,1,168000
1618,13869,1470,6,2,2,388.0,75,2.5,10,10,182.0,0,0,2,0,1,0,0,0,0,0,0,0,0,0,1,177000
1619,8773,1600,6,2,2,460.0,138,2.5,10,10,0.0,0,0,2,0,1,0,0,0,0,0,0,0,0,0,1,169000
1620,8872,1384,6,2,2,390.0,0,2.5,10,10,0.0,0,0,2,0,1,0,0,0,0,0,0,0,0,0,1,161500
1621,5330,1652,8,3,4,499.0,144,3.0,7,7,1196.0,0,0,3,0,1,0,0,0,0,0,0,0,0,0,1,251000
1622,10147,1694,6,2,2,398.0,320,2.5,13,13,186.0,0,0,2,0,1,0,0,0,0,0,0,0,0,0,1,160000
1623,8637,1714,6,2,2,451.0,304,3.5,8,7,871.0,0,0,2,0,0,0,0,0,0,0,0,0,0,0,1,180000
1624,7875,1553,7,3,3,420.0,44,2.5,11,11,414.0,0,0,2,0,1,0,0,0,0,0,0,0,0,0,1,178750
1625,7875,1253,7,2,2,402.0,241,2.0,12,11,0.0,0,0,2,0,1,0,0,0,0,0,0,0,0,0,1,176000
1626,7500,2299,6,2,2,482.0,218,3.5,8,4,0.0,0,0,2,0,1,0,0,0,0,0,0,0,0,0,1,204000
1627,9556,1187,7,2,3,420.0,21,2.0,15,14,0.0,0,0,2,0,1,0,0,0,0,0,0,0,0,0,1,160000
1628,10784,1472,7,3,3,402.0,164,2.5,16,15,0.0,0,0,2,0,1,0,0,0,0,0,0,0,0,0,1,160000
1629,9125,1482,7,2,3,392.0,125,2.5,15,15,0.0,0,0,2,0,1,0,0,0,0,0,0,0,0,0,1,163900
1630,7655,1642,6,2,2,392.0,374,2.5,14,13,0.0,0,0,2,0,1,0,0,0,0,0,0,0,0,0,1,168000
1631,18160,1128,6,2,2,480.0,354,2.0,43,43,550.0,0,0,2,1,0,0,0,0,0,0,0,0,0,0,1,154204
1632,3696,1088,8,3,3,461.0,211,1.5,21,21,0.0,0,0,3,0,1,0,0,0,0,0,0,0,0,0,1,170000
1633,5062,2090,7,3,3,577.0,219,3.0,23,23,1010.0,0,0,3,0,1,0,0,0,0,0,0,0,0,0,1,207500
1634,4740,1179,8,3,2,480.0,243,3.0,19,19,248.0,0,0,3,0,1,0,0,0,0,0,0,0,0,0,1,182000
1635,5118,1321,8,3,3,484.0,204,2.0,17,17,926.0,0,0,3,0,1,0,0,0,0,0,0,0,0,0,1,212000
1636,14157,1922,9,3,3,676.0,229,3.0,2,1,1249.0,0,0,3,0,1,0,0,0,0,0,0,0,0,0,1,377426
1637,12328,2541,8,3,4,729.0,152,4.5,2,2,986.0,0,0,3,0,1,0,0,0,0,0,0,0,0,0,1,349265
1638,51974,2338,9,4,3,1110.0,457,3.5,1,0,1101.0,0,0,3,0,0,1,0,0,0,0,0,1,0,0,0,591587
1639,41600,1424,5,2,2,828.0,144,2.5,38,17,1047.0,0,0,2,0,1,0,0,0,0,0,0,0,0,0,1,155000
1640,8035,1612,9,3,4,556.0,164,3.0,1,1,797.0,0,0,3,0,1,0,0,0,0,0,0,0,0,0,1,319900
1641,8089,1419,8,3,3,567.0,140,3.0,0,0,945.0,0,0,3,0,0,1,0,0,0,0,0,1,0,0,0,392000
1642,14082,2234,8,3,3,724.0,470,2.5,1,1,1558.0,0,0,3,0,1,0,0,0,0,0,0,0,0,0,1,441929
1643,13870,2042,10,4,4,724.0,466,3.0,1,0,1152.0,0,0,3,0,0,1,0,0,0,0,0,1,0,0,0,455000
1644,12546,1440,6,3,3,467.0,99,2.0,26,26,678.0,0,0,2,0,1,0,0,0,0,0,0,0,0,0,1,182900
1645,10960,1284,6,2,2,480.0,192,3.0,23,23,256.0,0,0,2,0,0,0,1,0,0,0,0,0,0,0,0,174000
1646,12090,1868,6,2,2,477.0,527,3.5,23,4,0.0,0,0,2,0,0,0,0,0,0,0,0,0,0,0,1,178000
1647,12090,1479,7,3,3,484.0,239,2.5,26,4,321.0,0,0,2,0,1,0,0,0,0,0,0,0,0,0,1,176000
1648,12299,1664,7,2,3,663.0,0,3.0,29,22,1328.0,0,0,2,0,1,0,0,0,0,0,0,0,0,0,1,213000
1649,11339,1930,7,2,3,481.0,264,3.5,28,28,758.0,0,0,2,0,1,0,0,0,0,0,0,0,0,0,1,192000
1650,11952,1969,7,2,2,534.0,276,2.5,30,30,0.0,0,0,2,0,1,0,0,0,0,0,0,0,0,0,1,190000
1651,12046,2030,6,2,3,551.0,224,2.5,31,31,156.0,0,0,2,0,1,0,0,0,0,0,0,0,0,0,1,195000
1652,10395,1032,6,2,2,564.0,0,2.5,29,29,605.0,0,0,2,0,1,0,0,0,0,0,0,0,0,0,1,148000
1653,11850,1177,6,2,3,495.0,307,2.0,23,23,781.0,0,0,2,0,1,0,0,0,0,0,0,0,0,0,1,151500
1654,11584,1725,7,2,2,550.0,304,2.5,28,28,425.0,0,0,2,0,1,0,0,0,0,0,0,0,0,0,1,197000
1655,10400,1353,6,2,2,478.0,381,3.0,28,8,903.0,0,0,2,0,1,0,0,0,0,0,0,0,0,0,1,192350
1656,10793,1620,5,2,2,462.0,208,2.5,38,38,780.0,0,1,2,0,1,0,0,0,0,0,0,0,0,0,1,152000
1657,13001,1220,6,2,2,944.0,249,2.5,36,36,613.0,0,0,2,0,1,0,0,0,0,0,0,0,0,0,1,170000
1658,12243,1484,5,2,2,487.0,404,2.0,36,36,998.0,0,0,2,0,1,0,0,0,0,0,0,0,0,0,1,175000
1659,11700,1743,6,3,2,539.0,224,2.5,39,39,559.0,0,0,2,0,1,0,0,0,0,0,0,0,0,0,1,175000
1660,12384,1935,7,2,2,550.0,365,2.5,31,31,0.0,0,0,2,0,1,0,0,0,0,0,0,0,0,0,1,197900
1661,8991,1324,7,2,3,585.0,443,2.5,31,31,1228.0,0,0,2,0,1,0,0,0,0,0,0,0,0,0,1,174000
1662,8000,1877,6,2,2,488.0,96,3.5,33,33,1084.0,0,0,2,0,1,0,0,0,0,0,0,0,0,0,1,178900
1663,10500,1109,5,2,2,288.0,35,1.5,36,2,349.0,0,0,1,0,1,0,0,0,0,0,0,0,0,0,1,139000
1664,10530,981,6,2,2,576.0,352,2.5,36,36,317.0,0,0,1,0,1,0,0,0,0,0,0,0,0,0,1,143250
1665,7472,1479,7,2,3,484.0,32,2.5,35,3,626.0,0,0,1,0,1,0,0,0,0,0,0,0,0,0,1,184000
1666,9457,1422,5,2,2,576.0,252,2.0,37,17,566.0,0,0,1,0,1,0,0,0,0,0,0,0,0,0,1,155000
1667,7920,914,5,2,4,368.0,120,1.0,37,5,700.0,0,0,1,0,1,0,0,0,0,0,0,0,0,0,1,133000
1668,9758,950,5,2,2,280.0,0,1.0,36,36,699.0,0,0,1,0,1,0,0,0,0,0,0,0,0,0,1,119500
1669,8294,872,4,2,2,480.0,0,1.0,36,36,0.0,0,0,1,0,1,0,0,0,0,0,0,0,0,0,1,123000
1670,7340,858,4,2,2,684.0,0,1.0,36,36,322.0,0,0,1,0,1,0,0,0,0,0,0,0,0,0,1,110000
1671,17199,914,4,2,2,270.0,140,1.0,46,46,314.0,0,0,1,0,1,0,0,0,0,0,0,0,0,0,1,128000
1672,9000,864,4,2,2,528.0,0,1.0,36,36,616.0,0,0,1,0,1,0,0,0,0,0,0,0,0,0,1,120500
1673,4058,767,7,2,2,367.0,160,2.0,9,9,723.0,0,0,1,0,1,0,0,0,0,0,0,0,0,0,1,133000
1674,4113,1337,6,3,3,511.0,204,2.0,6,6,0.0,0,0,1,0,1,0,0,0,0,0,0,0,0,0,1,155000
1675,10943,1337,6,3,3,522.0,68,3.0,10,9,930.0,0,0,1,0,1,0,0,0,0,0,0,0,0,0,1,177000
1676,2205,1092,6,2,2,264.0,144,1.5,34,34,312.0,0,0,1,0,1,0,0,0,0,0,0,0,0,0,1,113500
1677,1890,1218,6,2,2,264.0,172,1.5,34,34,356.0,0,0,1,0,1,0,0,0,0,0,0,0,0,0,1,113000
1678,2058,1218,6,2,4,264.0,28,1.5,34,34,0.0,0,0,1,0,1,0,0,0,0,0,0,0,0,0,1,113700
1679,2016,1302,5,2,2,440.0,0,2.5,37,37,0.0,0,0,1,0,1,0,0,0,0,0,0,0,0,0,1,106000
1680,1920,1365,5,2,2,440.0,276,2.5,36,36,471.0,0,0,1,0,1,0,0,0,0,0,0,0,0,0,1,122500
1681,4928,958,6,2,2,440.0,205,2.0,31,31,120.0,0,0,1,0,1,0,0,0,0,0,0,0,0,0,1,128000
1682,2308,1548,6,2,3,440.0,48,3.5,31,31,556.0,0,0,1,0,1,0,0,0,0,0,0,0,0,0,1,155000
1683,2304,1055,7,2,2,319.0,140,2.0,29,29,638.0,0,0,1,0,1,0,0,0,0,0,0,0,0,0,1,142500
1684,7150,988,5,2,2,360.0,0,2.0,41,41,725.0,0,0,1,0,1,0,0,0,0,0,0,0,0,0,1,129250
1685,12469,1816,9,4,4,730.0,222,3.0,1,0,1151.0,0,0,3,0,0,1,0,0,0,0,0,1,0,0,0,356000
1686,11694,1828,9,4,3,774.0,368,2.0,0,0,48.0,0,0,3,0,0,1,0,0,0,0,0,1,0,0,0,314813
1687,12030,1694,8,4,3,818.0,396,2.0,0,0,0.0,0,0,3,0,0,1,0,0,0,0,0,1,0,0,0,318000
1688,11825,1694,8,3,3,856.0,112,2.0,1,0,0.0,0,0,3,0,0,1,0,0,0,0,0,1,0,0,0,322400
1689,12085,1734,8,3,4,928.0,0,3.0,0,0,1004.0,0,0,3,0,0,1,0,0,0,0,0,1,0,0,0,318000
1690,14333,2122,8,3,3,938.0,272,3.5,0,0,1518.0,0,0,3,0,0,1,0,0,0,0,0,1,0,0,0,345474
1691,14450,2121,9,4,4,732.0,364,2.5,1,0,0.0,0,0,3,0,0,1,0,0,0,0,0,1,0,0,0,415298
1692,13641,2656,9,4,4,1040.0,326,3.5,0,0,1304.0,0,0,3,0,0,1,0,0,0,0,0,1,0,0,0,492000
1693,13440,2550,8,3,4,670.0,159,2.5,1,0,0.0,0,0,3,0,0,1,0,0,0,0,0,1,0,0,0,338931
1694,15431,2046,10,4,4,878.0,428,3.5,2,1,1430.0,0,0,3,0,1,0,0,0,0,0,0,0,0,0,1,450000
1695,14154,2172,7,3,3,947.0,254,2.5,1,1,0.0,0,0,3,0,0,1,0,0,0,0,0,1,0,0,0,280000
1696,13891,2552,9,4,4,932.0,158,3.0,0,0,1812.0,0,0,3,0,0,1,0,0,0,0,0,1,0,0,0,479069
1697,14226,1973,8,3,3,895.0,360,2.0,1,1,0.0,0,0,3,0,0,1,0,0,0,0,0,1,0,0,0,395000
1698,13693,2643,9,4,4,694.0,498,2.5,1,1,0.0,0,0,3,0,1,0,0,0,0,0,0,0,0,0,1,380000
1699,11428,1634,8,3,3,866.0,44,2.0,1,1,0.0,0,0,3,0,1,0,0,0,0,0,0,0,0,0,1,250000
1700,14977,1976,8,3,3,908.0,313,3.0,1,0,1350.0,0,0,3,0,0,1,0,0,0,0,0,1,0,0,0,440000
1701,13654,2758,9,3,4,814.0,337,2.5,2,1,0.0,0,0,3,0,1,0,0,0,0,0,0,0,0,0,1,418000
1702,17169,2290,10,4,4,1174.0,222,4.5,0,0,1684.0,0,0,3,0,0,1,0,0,0,0,0,1,0,0,0,500067
1703,16659,2152,8,3,3,728.0,368,2.5,0,-1,0.0,0,0,3,0,0,1,0,0,0,0,0,1,0,0,0,260116
1704,9591,2473,8,3,3,852.0,343,2.5,3,2,0.0,0,0,3,0,1,0,0,0,0,0,0,0,0,0,1,317000
1705,9709,2100,8,4,4,786.0,276,3.5,0,0,778.0,0,0,3,0,0,1,0,0,0,0,0,1,0,0,0,319500
1706,10562,2161,8,3,4,789.0,298,2.5,0,0,1288.0,0,0,3,0,0,1,0,0,0,0,0,1,0,0,0,325624
1707,13615,1802,9,4,4,843.0,263,2.5,1,1,0.0,0,0,3,0,1,0,0,0,0,0,0,0,0,0,1,372000
1708,13069,2956,8,3,4,916.0,244,2.5,3,3,0.0,0,0,3,0,1,0,0,0,0,0,0,0,0,0,1,342000
1709,12099,2468,8,3,3,872.0,338,3.5,3,3,970.0,0,0,3,0,1,0,0,0,0,0,0,0,0,0,1,354000
1710,14277,2385,8,3,3,818.0,420,3.5,4,4,938.0,0,0,3,0,1,0,0,0,0,0,0,0,0,0,1,350000
1711,11999,2374,8,3,4,656.0,204,2.5,4,3,0.0,0,0,3,0,1,0,0,0,0,0,0,0,0,0,1,285000
1712,12568,1818,8,3,4,774.0,300,3.5,0,0,669.0,0,0,3,0,0,1,0,0,0,0,0,1,0,0,0,281500
1713,9926,1614,7,3,3,878.0,138,3.0,2,1,1178.0,0,0,3,0,1,0,0,0,0,0,0,0,0,0,1,245700
1714,9254,1721,8,3,3,554.0,195,3.0,2,2,119.0,0,0,3,0,1,0,0,0,0,0,0,0,0,0,1,232698
1715,10732,1828,8,3,3,876.0,40,2.5,1,0,0.0,0,0,3,0,0,1,0,0,0,0,0,1,0,0,0,250000
1716,7577,1362,6,3,3,460.0,220,2.0,2,1,20.0,0,0,3,0,1,0,0,0,0,0,0,0,0,0,1,194700
1717,3901,1302,6,3,3,631.0,160,2.5,2,1,866.0,0,0,3,0,0,1,0,0,0,0,0,1,0,0,0,204000
1718,3903,1302,6,3,3,631.0,160,2.5,2,1,1030.0,0,0,3,0,1,0,0,0,0,0,0,0,0,0,1,200000
1719,6289,1362,6,3,3,460.0,220,3.0,2,1,762.0,0,0,3,0,1,0,0,0,0,0,0,0,0,0,1,207000
1720,4590,1554,8,3,3,627.0,229,2.0,1,1,24.0,0,0,3,0,1,0,0,0,0,0,0,0,0,0,1,209500
1721,4590,1554,8,3,3,627.0,229,2.0,1,1,24.0,0,0,3,0,1,0,0,1,0,0,0,0,0,0,0,209500
1722,6442,1370,8,3,3,484.0,169,2.0,1,1,24.0,0,0,3,0,1,0,0,0,0,0,0,0,0,0,1,202500
1723,7841,1577,9,4,4,564.0,242,3.0,2,2,848.0,0,0,3,0,1,0,0,0,0,0,0,0,0,0,1,280000
1724,7313,1561,9,4,4,556.0,250,3.0,2,2,1153.0,0,0,3,0,1,0,0,0,0,0,0,0,0,0,1,277500
1725,7820,1869,9,4,4,617.0,264,2.0,0,0,0.0,0,0,3,0,0,1,0,0,0,0,0,1,0,0,0,318061
1726,6240,1324,8,3,3,550.0,38,2.0,1,1,24.0,0,0,3,0,0,1,0,0,0,0,0,1,0,0,0,221370
1727,3242,1405,7,3,3,478.0,172,3.0,4,4,1000.0,0,0,3,0,1,0,0,0,0,0,0,0,0,0,1,200000
1728,15810,1496,6,3,3,572.0,100,3.0,0,0,0.0,0,1,2,0,0,1,0,0,0,0,0,1,0,0,0,181755
1729,10237,1536,6,3,3,400.0,138,2.5,2,1,0.0,0,1,2,0,1,0,0,0,0,0,0,0,0,0,1,176000
1730,10237,1484,6,3,3,393.0,72,2.5,2,0,0.0,0,1,2,0,0,1,0,0,0,0,0,1,0,0,0,178900
1731,13204,1458,7,2,3,454.0,133,2.0,1,0,0.0,0,1,2,0,0,1,0,0,0,0,0,1,0,0,0,168165
1732,8857,1495,6,3,3,440.0,130,2.5,1,1,0.0,0,0,2,0,0,1,0,0,0,0,0,1,0,0,0,171925
1733,9729,1746,6,3,3,350.0,34,3.5,1,0,0.0,0,0,2,0,0,1,0,0,0,0,0,1,0,0,0,198444
1734,12216,1326,6,2,3,388.0,143,3.0,2,2,918.0,0,0,2,0,1,0,0,0,0,0,0,0,0,0,1,203000
1735,9018,1456,7,3,3,400.0,124,2.5,0,0,0.0,0,0,2,0,0,1,0,0,0,0,0,1,0,0,0,179540
1736,8993,1302,7,3,3,436.0,22,2.0,0,0,0.0,0,0,2,0,0,1,0,0,0,0,0,1,0,0,0,176485
1737,8899,1340,7,3,3,396.0,130,2.0,0,0,24.0,0,0,2,0,0,1,0,0,0,0,0,1,0,0,0,181134
1738,8499,1412,6,2,3,432.0,36,2.5,1,0,0.0,0,0,2,0,0,1,0,0,0,0,0,1,0,0,0,156932
1739,8229,1504,6,3,3,440.0,132,2.5,0,0,0.0,0,0,2,0,0,1,0,0,0,0,0,1,0,0,0,166000
1740,7713,1456,7,3,3,400.0,124,2.5,0,0,0.0,0,0,2,0,0,1,0,0,0,0,0,1,0,0,0,177594
1741,7697,1258,7,3,3,462.0,0,2.0,0,0,0.0,0,0,2,0,0,1,0,0,0,0,0,1,0,0,0,173500
1742,3922,1258,7,3,3,648.0,160,2.0,1,0,0.0,0,0,2,0,0,1,0,0,0,0,0,1,0,0,0,172500
1743,3922,1402,7,3,3,648.0,136,2.0,1,0,0.0,0,0,2,0,0,1,0,0,0,0,0,1,0,0,0,194201
1744,3621,1589,8,3,3,630.0,163,3.0,4,4,1084.0,0,0,2,0,1,0,0,0,0,0,0,0,0,0,1,226500
1745,3710,1266,7,3,3,388.0,116,2.0,0,0,0.0,0,0,2,0,0,1,0,0,0,0,0,1,0,0,0,185485
1746,14572,1530,7,3,3,630.0,180,3.0,3,3,1300.0,0,0,2,0,0,0,0,0,0,0,0,0,0,0,1,259000
1747,16219,1119,7,3,3,437.0,124,3.0,3,2,779.0,0,0,2,0,1,0,0,0,0,0,0,0,0,0,1,188500
1748,11084,1374,7,3,3,400.0,100,3.5,3,3,192.0,0,0,2,0,0,0,0,0,0,0,0,0,0,0,1,175000
1749,11796,1959,7,3,3,434.0,148,2.5,3,2,0.0,0,0,2,0,1,0,0,0,0,0,0,0,0,0,1,215000
1750,10936,1525,7,3,3,534.0,118,2.5,1,1,0.0,0,0,2,0,0,1,0,0,0,0,0,1,0,0,0,206580
1751,8244,1720,7,3,3,440.0,148,2.5,3,3,0.0,0,0,2,0,1,0,0,0,0,0,0,0,0,0,1,183500
1752,11950,1394,7,3,3,400.0,100,2.5,4,4,0.0,0,0,2,0,1,0,0,0,0,0,0,0,0,0,1,165500
1753,7875,1948,7,3,3,434.0,48,2.5,4,4,0.0,0,0,2,0,1,0,0,0,0,0,0,0,0,0,1,211000
1754,8063,1690,6,2,2,463.0,148,2.5,7,7,0.0,0,0,2,0,0,0,0,0,0,0,0,0,0,0,1,181000
1755,8740,1995,7,3,3,435.0,312,2.5,5,5,574.0,0,0,2,0,1,0,0,0,0,0,0,0,0,0,1,219500
1756,7917,1647,6,2,2,460.0,40,2.5,8,7,0.0,0,0,2,0,1,0,0,0,0,0,0,0,0,0,1,175000
1757,9967,1430,7,2,2,400.0,100,2.5,7,7,0.0,0,0,2,0,1,0,0,0,0,0,0,0,0,0,1,170000
1758,7750,1320,7,3,3,400.0,48,2.5,4,4,0.0,0,1,2,0,1,0,0,0,0,0,0,0,0,0,1,162000
1759,9487,1690,6,2,2,442.0,50,3.5,7,7,520.0,0,0,2,0,1,0,0,0,0,0,0,0,0,0,1,187000
1760,9649,1644,6,2,2,460.0,502,2.5,8,7,0.0,0,0,2,0,1,0,0,0,0,0,0,0,0,0,1,185000
1762,12191,2551,8,3,3,925.0,137,3.5,10,9,1181.0,0,0,3,0,1,0,0,0,0,0,0,0,0,0,1,384500
1763,11000,2285,8,3,3,648.0,56,2.5,7,7,0.0,0,0,3,0,1,0,0,0,0,0,0,0,0,0,1,248000
1764,11400,2633,10,4,4,804.0,454,3.5,6,5,1282.0,0,0,3,0,1,0,0,0,0,0,0,0,0,0,1,466500
1765,10557,3078,9,3,3,806.0,195,3.5,9,9,672.0,0,0,3,0,1,0,0,0,0,0,0,0,0,0,1,410000
1766,11002,2582,8,3,3,758.0,346,3.5,9,8,1048.0,0,0,3,0,1,0,0,0,0,0,0,0,0,0,1,322500
1767,10790,2385,7,3,3,600.0,158,2.5,9,9,0.0,0,0,3,0,1,0,0,0,0,0,0,0,0,0,1,252000
1769,9920,2013,7,3,2,455.0,310,3.5,11,10,862.0,0,0,3,0,1,0,0,0,0,0,0,0,0,0,1,269790
1770,11787,2398,7,3,3,834.0,299,3.5,11,10,719.0,0,0,3,0,1,0,0,0,0,0,0,0,0,0,1,315750
1771,9950,2520,7,3,3,721.0,338,2.5,12,12,565.0,0,0,3,0,0,0,0,0,0,0,0,0,0,0,1,290000
1772,12257,2531,8,3,3,752.0,320,2.5,12,12,120.0,0,0,3,0,1,0,0,0,0,0,0,0,0,0,1,290000
1773,12692,3228,8,3,3,546.0,630,4.0,15,14,1231.0,0,0,3,0,1,0,0,0,0,0,0,0,0,0,1,430000
1774,11762,2202,8,3,3,517.0,209,3.5,15,14,335.0,0,0,3,0,1,0,0,0,0,0,0,0,0,0,1,263000
1775,9044,2538,8,3,3,933.0,290,2.5,11,10,1225.0,0,0,3,0,1,0,0,0,0,0,0,0,0,0,1,330000
1776,9910,1369,7,3,3,605.0,203,2.0,0,0,0.0,0,0,2,0,0,1,0,0,0,0,0,1,0,0,0,213133
1777,11830,1542,8,3,3,852.0,278,3.0,0,0,1220.0,0,0,2,0,0,1,0,0,0,0,0,1,0,0,0,260261
1778,11670,1905,9,4,4,788.0,191,2.0,1,1,0.0,1,0,2,0,1,0,0,0,0,0,0,0,0,0,1,320000
1779,15256,1464,8,3,3,754.0,328,3.0,0,0,929.0,0,1,2,0,1,0,0,0,0,0,0,0,0,0,1,282922
1780,10612,1534,8,3,3,484.0,214,2.0,1,1,28.0,0,0,2,0,0,0,0,0,0,0,0,0,0,0,1,215000
1781,12291,1966,10,4,4,1092.0,128,3.0,0,0,1572.0,0,0,2,0,0,1,0,0,0,0,0,1,0,0,0,419005
1782,13501,1636,8,3,3,865.0,60,3.0,1,1,63.0,0,0,2,0,1,0,0,0,0,0,0,0,0,0,1,255000
1783,9986,1795,8,3,3,895.0,49,2.0,1,0,0.0,0,0,2,0,0,1,0,0,0,0,0,1,0,0,0,147000
1784,9965,1528,7,3,3,480.0,228,4.0,0,0,0.0,0,0,2,0,0,1,0,0,0,0,0,1,0,0,0,235876
1785,9416,1726,7,4,4,786.0,575,3.0,0,0,1126.0,0,0,2,0,0,1,0,0,0,0,0,1,0,0,0,311872
1786,9849,1689,7,3,3,954.0,56,2.0,0,0,0.0,0,0,2,0,0,1,0,0,0,0,0,1,0,0,0,248328
1787,10000,1588,8,3,3,825.0,189,2.0,1,1,0.0,0,0,2,0,1,0,0,0,0,0,0,0,0,0,1,227000
1788,8847,1538,8,3,3,484.0,186,3.0,2,2,769.0,0,0,2,0,1,0,0,0,0,0,0,0,0,0,1,260000
1789,9158,1496,8,3,3,474.0,298,2.0,0,0,0.0,0,0,2,0,0,1,0,0,0,0,0,1,0,0,0,225000
1790,8251,1506,7,3,3,672.0,227,3.0,2,1,778.0,0,0,2,0,1,0,0,0,0,0,0,0,0,0,1,249000
1791,10084,1694,8,3,3,636.0,312,3.0,3,2,1369.0,0,0,2,0,1,0,0,0,0,0,0,0,0,0,1,307000
1792,9605,1977,7,3,3,574.0,293,2.5,1,1,0.0,0,0,2,0,0,0,0,0,0,0,0,0,0,0,1,250000
1793,8778,1830,8,3,3,859.0,40,2.5,1,1,0.0,0,0,2,0,1,0,0,0,0,0,0,0,0,0,1,221300
1794,8640,1338,8,3,3,598.0,141,2.0,0,0,24.0,0,0,2,0,0,1,0,0,0,0,0,1,0,0,0,208900
1795,9000,1335,7,3,3,575.0,210,2.0,1,0,0.0,0,0,2,0,0,1,0,0,0,0,0,1,0,0,0,210400
1796,8640,1792,8,3,3,590.0,280,2.5,0,0,350.0,0,0,2,0,0,1,0,0,0,0,0,1,0,0,0,255000
1797,10411,1588,5,3,3,561.0,0,3.0,0,0,0.0,0,0,2,0,0,1,0,0,0,0,0,1,0,0,0,212109
1798,9000,1959,8,3,3,1025.0,254,2.5,1,1,0.0,0,0,2,0,1,0,0,0,0,0,0,0,0,0,1,270000
1799,9000,2610,8,3,4,550.0,572,2.5,0,0,64.0,0,0,2,0,0,1,0,0,0,0,0,1,0,0,0,303477
1800,12217,1880,8,3,4,880.0,295,3.5,0,0,745.0,0,0,2,0,0,1,0,0,0,0,0,1,0,0,0,310013
1801,11096,1656,8,3,3,826.0,146,2.0,1,1,24.0,0,0,2,0,1,0,0,0,0,0,0,0,0,0,1,249700
1802,10207,1761,7,3,3,578.0,249,3.0,0,0,0.0,0,0,2,0,0,1,0,0,0,0,0,1,0,0,0,227875
1803,10440,1584,8,4,4,594.0,256,2.0,0,0,0.0,0,0,2,0,0,1,0,0,0,0,0,1,0,0,0,261329
1804,11824,1685,8,3,3,658.0,175,2.0,1,1,0.0,0,0,2,0,1,0,0,0,0,0,0,0,0,0,1,253000
1805,10625,2443,6,3,3,744.0,320,2.5,3,3,0.0,0,0,2,0,1,0,0,0,0,0,0,0,0,0,1,265000
1806,11143,2466,8,3,3,610.0,373,3.0,3,2,0.0,0,0,2,0,1,0,0,0,0,0,0,0,0,0,1,340000
1807,7500,1100,6,2,2,0.0,136,1.5,1,0,0.0,0,0,2,0,0,1,0,0,0,0,0,1,0,0,0,146000
1808,7500,1143,7,3,3,0.0,55,1.5,1,1,0.0,0,0,2,0,1,0,0,0,0,0,0,0,0,0,1,147000
1809,12450,1094,5,3,3,576.0,0,2.0,4,3,729.0,0,1,2,0,1,0,0,0,0,0,0,0,0,0,1,149000
1810,7441,1486,7,3,3,566.0,32,2.0,1,1,0.0,0,0,2,0,1,0,0,0,0,0,0,0,0,0,1,181000
1811,8462,1721,6,3,3,471.0,387,3.0,13,13,814.0,0,0,2,0,1,0,0,0,0,0,0,0,0,0,1,201000
1812,11613,1820,6,3,3,492.0,229,2.5,14,10,480.0,0,0,2,0,1,0,0,0,0,0,0,0,0,0,1,191750
1813,8450,1349,7,2,2,539.0,175,2.0,7,6,0.0,0,0,2,0,1,0,0,0,0,0,0,0,0,0,1,179000
1814,16196,1494,7,3,3,514.0,427,3.0,9,9,1443.0,0,0,2,0,1,0,0,0,0,0,0,0,0,0,1,215000
1815,8012,1575,6,3,3,529.0,52,3.0,15,15,430.0,0,0,2,0,1,0,0,0,0,0,0,0,0,0,1,179200
1816,8012,1266,6,2,2,283.0,340,1.5,27,27,0.0,0,0,2,0,1,0,0,0,0,0,0,0,0,0,1,128000
1817,9180,884,5,2,3,504.0,240,2.0,24,24,840.0,0,0,2,0,1,0,0,0,0,0,0,0,0,0,1,144000
1818,8400,2020,5,2,2,630.0,0,2.0,30,30,0.0,0,0,2,0,1,0,0,0,0,0,0,0,0,0,1,144000
1819,6285,894,5,2,2,308.0,192,2.0,30,30,489.0,0,0,1,0,1,0,0,0,0,0,0,0,0,0,1,120750
1820,8480,970,5,2,2,624.0,216,2.0,44,44,630.0,0,0,1,0,1,0,0,0,0,0,0,0,0,0,1,132500
1821,7420,1057,5,2,2,576.0,0,1.0,45,45,417.0,0,0,1,0,1,0,0,0,0,0,0,0,0,0,1,132000
1822,7758,999,5,2,3,264.0,132,2.0,45,6,588.0,0,0,1,0,1,0,0,0,0,0,0,0,0,0,1,132500
1823,6970,1120,4,2,1,544.0,168,2.5,46,46,932.0,0,0,1,0,1,0,0,0,0,0,0,0,0,0,1,129000
1824,13673,1696,5,2,2,349.0,30,1.5,45,45,0.0,0,1,1,0,1,0,0,0,0,0,0,0,0,0,1,143900
1825,7476,1040,5,2,2,686.0,188,2.5,39,39,812.0,0,0,1,0,1,0,0,0,0,0,0,0,0,0,1,145000
1826,9945,988,5,2,2,572.0,0,2.0,46,46,827.0,0,0,1,0,1,0,0,0,0,0,0,0,0,0,1,128500
1827,6173,902,5,2,2,288.0,0,1.0,40,40,599.0,0,0,1,0,1,0,0,0,0,0,0,0,0,0,1,125500
1828,19522,2503,7,3,3,564.0,281,3.5,17,17,727.0,0,0,2,0,1,0,0,0,0,0,0,0,0,0,1,300000
1829,17542,2167,7,3,3,518.0,267,3.5,33,4,1156.0,0,0,2,0,1,0,0,0,0,0,0,0,0,0,1,294000
1830,10751,1037,5,2,2,431.0,183,2.0,33,33,787.0,0,1,1,0,1,0,0,0,0,0,0,0,0,0,1,129000
1831,16647,1701,5,2,2,611.0,0,3.0,32,26,1390.0,0,1,1,0,1,0,0,0,0,0,0,0,0,0,1,171000
1832,12712,1055,6,2,3,542.0,455,2.0,34,1,968.0,0,1,1,0,0,0,0,0,0,0,0,0,0,0,1,147000
1833,9572,2810,8,3,3,750.0,500,2.5,17,17,482.0,0,0,3,0,1,0,0,0,0,0,0,0,0,0,1,302000
1834,10678,2872,8,3,3,541.0,33,2.5,15,7,700.0,0,0,3,0,1,0,0,0,0,0,0,0,0,0,1,285000
1835,4379,1378,8,3,3,540.0,216,3.0,3,3,851.0,0,0,2,0,1,0,0,0,0,0,0,0,0,0,1,214000
1836,3523,1151,8,3,3,484.0,60,3.0,1,0,60.0,0,0,2,0,0,1,0,0,0,0,0,1,0,0,0,166000
1837,3784,1565,8,3,3,476.0,120,3.0,1,0,60.0,0,0,2,0,0,1,0,0,0,0,0,1,0,0,0,193800
1838,4230,1352,7,3,3,466.0,241,2.0,1,0,0.0,0,0,2,0,0,1,0,0,0,0,0,1,0,0,0,208900
1839,3606,1352,7,3,3,466.0,241,3.0,1,0,937.0,0,0,2,0,0,1,0,0,0,0,0,1,0,0,0,194000
1840,5330,1550,8,3,3,528.0,102,2.5,1,0,0.0,0,0,2,0,0,1,0,0,0,0,0,1,0,0,0,207500
1841,4274,1241,7,3,3,569.0,116,2.5,1,0,1106.0,0,0,2,0,0,1,0,0,0,0,0,1,0,0,0,199900
1842,4251,1250,7,3,3,528.0,54,2.5,1,0,0.0,0,0,2,0,0,1,0,0,0,0,0,1,0,0,0,164700
1843,2280,1501,6,2,2,440.0,0,3.5,8,8,565.0,0,0,2,0,1,0,0,0,0,0,0,0,0,0,1,176500
1844,3230,1458,6,2,2,440.0,32,2.5,8,8,419.0,0,0,2,0,1,0,0,0,0,0,0,0,0,0,1,176000
1845,2117,1512,6,3,3,440.0,32,2.5,7,7,420.0,0,0,2,0,1,0,0,0,0,0,0,0,0,0,1,168500
1846,2117,1573,6,3,3,440.0,32,2.5,7,7,417.0,0,0,2,0,1,0,0,0,0,0,0,0,0,0,1,177000
1847,2117,1525,6,3,3,440.0,0,2.5,7,7,436.0,0,0,2,0,1,0,0,0,0,0,0,0,0,0,1,177000
1848,5105,1102,7,3,3,480.0,60,2.5,3,3,239.0,0,0,2,0,1,0,0,0,0,0,0,0,0,0,1,148800
1849,2645,1441,8,3,3,492.0,206,2.5,8,7,0.0,0,0,2,0,1,0,0,0,0,0,0,0,0,0,1,174000
1850,7399,1950,7,3,3,576.0,208,2.5,10,9,649.0,0,0,2,0,1,0,0,0,0,0,0,0,0,0,1,239000
1851,7321,1358,7,3,3,625.0,350,2.0,8,7,0.0,0,0,2,0,1,0,1,0,0,0,0,0,0,0,0,204000
1852,8010,2048,8,3,3,552.0,228,3.5,4,3,964.0,0,0,2,0,1,0,0,0,0,0,0,0,0,0,1,301000
1853,8413,2362,8,3,3,1105.0,327,3.5,9,9,901.0,0,0,2,0,1,0,0,0,0,0,0,0,0,0,1,312500
1854,9466,1494,8,3,3,478.0,247,2.5,13,12,1494.0,0,0,2,0,1,0,0,0,0,0,0,0,0,0,1,279700
1855,12000,2362,7,3,3,546.0,196,3.5,27,27,1732.0,0,0,2,0,1,0,0,0,0,0,0,0,0,0,1,255000
1856,16157,1432,5,2,3,588.0,348,2.5,29,29,1071.0,0,0,2,0,1,0,0,0,0,0,0,0,0,0,1,194000
1857,10768,1437,5,3,3,528.0,201,3.0,31,3,1157.0,0,0,2,0,1,0,0,0,0,0,0,0,0,0,1,218000
1858,3840,1295,8,3,3,571.0,222,2.0,29,9,1057.0,0,0,2,0,1,0,0,0,0,0,0,0,0,0,1,213750
1859,9600,1855,6,3,2,512.0,213,2.5,31,13,0.0,0,0,2,0,1,0,0,0,0,0,0,0,0,0,1,187000
1860,9600,1262,6,2,2,460.0,298,2.5,31,31,978.0,0,0,2,0,1,0,0,0,0,0,0,0,0,0,1,181500
1861,17778,2497,8,3,3,676.0,266,3.0,26,26,2461.0,0,0,2,0,1,0,0,0,0,0,0,0,0,0,1,373000
1862,18890,2620,5,2,2,600.0,324,3.0,30,30,709.0,0,1,1,0,1,0,0,0,0,0,0,0,0,0,1,190000
1863,7050,1929,7,3,3,650.0,235,3.5,6,6,738.0,0,0,2,0,1,0,0,0,0,0,0,0,0,0,1,226000
1864,11700,1152,6,2,2,412.0,126,2.5,39,39,0.0,0,1,2,0,1,0,0,1,0,0,0,0,0,0,0,143450
1865,8000,2411,6,2,2,570.0,192,3.5,37,37,915.0,0,0,2,0,1,0,0,0,0,0,0,0,0,0,1,240050
1866,8723,1082,6,2,2,480.0,160,2.0,38,38,973.0,0,0,2,0,1,0,0,0,0,0,0,0,0,0,1,162500
1867,11700,1295,6,2,2,528.0,394,2.5,39,39,910.0,0,0,2,0,1,0,0,0,0,0,0,0,0,0,1,164000
1868,11358,1610,7,2,3,515.0,458,2.0,35,20,346.0,0,0,2,0,1,0,0,0,0,0,0,0,0,0,1,185000
1869,9547,1594,7,2,3,472.0,270,2.0,14,14,0.0,0,0,2,0,1,0,0,0,0,0,0,0,0,0,1,188500
1870,10530,2075,7,3,3,473.0,321,3.5,14,14,819.0,0,0,2,0,1,0,0,0,0,0,0,0,0,0,1,255000
1871,11500,1680,5,2,2,528.0,0,2.0,31,31,0.0,0,1,2,0,1,0,0,0,0,0,0,0,0,0,1,136905
1872,10738,1093,6,2,2,484.0,224,3.0,41,41,792.0,0,0,2,0,1,0,0,0,0,0,0,0,0,0,1,158500
1873,9600,1242,7,2,2,528.0,0,1.5,34,34,916.0,0,0,2,0,1,0,0,0,0,0,0,0,0,0,1,175500
1874,10800,1052,6,2,2,311.0,133,2.0,44,44,881.0,0,0,2,0,1,0,1,0,0,0,0,0,0,0,0,127000
1875,8050,1107,5,2,3,308.0,152,2.0,40,14,512.0,0,0,1,0,1,0,0,0,0,0,0,0,0,0,1,127000
1876,10355,1214,5,2,2,318.0,111,2.0,40,40,695.0,0,0,1,0,1,0,0,0,0,0,0,0,0,0,1,143000
1877,10289,1073,5,2,2,515.0,0,2.5,42,42,836.0,0,0,1,0,1,0,0,0,0,0,0,0,0,0,1,156000
1878,9503,1344,5,2,2,484.0,344,2.0,49,24,831.0,0,0,1,0,1,0,0,0,0,0,0,0,0,0,1,144000
1879,10624,1728,5,2,2,352.0,155,2.5,43,43,304.0,0,0,1,0,1,0,0,0,0,0,0,0,0,0,1,119000
1880,10899,1224,4,2,2,530.0,0,2.0,43,43,0.0,0,0,1,0,1,0,0,0,0,0,0,0,0,0,1,103000
1881,12342,1422,5,2,2,286.0,36,1.0,47,29,0.0,0,0,1,0,1,0,0,0,0,0,0,0,0,0,1,139900
1882,12772,958,6,2,2,301.0,0,1.0,47,9,498.0,0,0,1,0,1,0,0,0,0,0,0,0,0,0,1,151500
1883,8892,1065,5,2,2,461.0,74,1.5,47,47,0.0,0,0,1,0,1,0,1,0,0,0,0,0,0,0,0,126500
1884,10482,1138,6,2,2,264.0,224,1.5,49,49,507.0,0,0,1,0,1,0,0,0,0,0,0,0,0,0,1,145000
1885,7535,912,5,2,2,297.0,297,1.5,49,22,390.0,0,0,1,0,1,0,0,0,0,0,0,0,0,0,1,120000
1886,7450,1074,5,2,3,396.0,72,1.0,51,51,644.0,0,0,1,0,1,0,0,0,0,0,0,0,0,0,1,124000
1887,8339,882,5,2,2,294.0,0,1.0,48,48,0.0,0,0,1,0,1,0,0,0,0,0,0,0,0,0,1,106500
1888,14357,1187,5,2,2,440.0,128,2.0,46,46,478.0,0,0,1,0,1,0,0,1,0,0,0,0,0,0,0,140500
1889,8243,964,5,2,2,784.0,170,1.0,46,46,700.0,0,0,1,0,1,0,0,0,0,0,0,0,0,0,1,137500
1890,8680,894,5,2,2,312.0,0,1.0,47,47,0.0,0,0,1,0,1,0,0,0,0,0,0,0,0,0,1,117600
1891,8800,1200,7,2,2,440.0,0,2.5,41,41,654.0,0,0,1,0,1,0,0,1,0,0,0,0,0,0,0,163500
1892,9200,1042,6,2,2,440.0,192,2.0,42,42,494.0,0,0,1,0,1,0,0,0,0,0,0,0,0,0,1,161000
1893,9350,1302,6,2,3,309.0,333,2.5,43,16,850.0,0,0,1,0,1,0,0,1,0,0,0,0,0,0,0,158000
1894,8800,2154,6,2,2,539.0,161,2.5,43,10,414.0,0,0,1,0,1,0,0,0,0,0,0,0,0,0,1,224500
1895,11382,1374,6,2,2,286.0,112,1.5,43,43,597.0,0,0,1,0,1,0,0,0,0,0,0,0,0,0,1,147000
1896,22002,1652,6,2,3,510.0,201,2.5,48,16,1386.0,0,0,1,0,1,0,0,0,0,0,0,0,0,0,1,200000
1897,14585,1429,6,2,3,572.0,326,1.5,47,20,813.0,0,0,1,0,1,0,0,0,0,0,0,0,0,0,1,181900
1898,7388,1327,5,2,3,624.0,0,2.0,48,5,405.0,0,0,1,0,1,0,0,0,0,0,0,0,0,0,1,150750
1899,9842,1224,4,2,2,462.0,0,2.0,45,45,0.0,0,0,1,0,1,0,0,0,0,0,0,0,0,0,1,101800
1900,8280,932,6,2,3,306.0,214,1.0,57,57,0.0,0,0,1,0,1,0,0,0,0,0,0,0,0,0,1,124000
1901,12172,908,5,2,2,512.0,500,1.0,67,11,389.0,0,0,1,0,1,0,0,0,0,0,0,0,0,0,1,138500
1902,5000,334,1,1,1,0.0,0,1.0,61,57,0.0,0,0,1,0,1,0,0,0,0,0,0,0,0,0,1,39300
1903,5000,666,3,1,3,0.0,52,1.5,61,57,299.0,0,0,1,0,1,0,0,0,0,0,0,0,0,0,1,64500
1904,3500,670,3,2,1,0.0,21,2.0,62,57,144.0,0,0,1,0,1,0,0,0,0,0,0,0,0,0,1,64000
1905,5175,808,5,2,2,308.0,143,1.0,49,7,554.0,0,1,1,0,1,0,1,0,0,0,0,0,0,0,0,112000
1906,9500,1977,6,2,2,540.0,52,2.0,43,29,442.0,0,0,1,0,1,0,0,0,0,0,0,0,0,0,1,165000
1907,9600,1150,5,2,2,288.0,175,2.0,52,52,368.0,0,0,1,0,1,0,0,0,0,0,0,0,0,0,1,144000
1908,11345,1920,5,2,2,400.0,0,2.0,59,57,220.0,0,0,1,0,1,0,0,0,0,0,0,0,0,0,1,137000
1909,9492,1376,5,2,2,240.0,0,2.0,66,57,409.0,0,0,1,0,1,0,0,0,0,0,0,0,0,0,1,105000
1910,9480,1644,5,2,3,312.0,168,1.5,65,12,386.0,0,0,1,0,1,0,0,0,0,0,0,0,0,0,1,146500
1911,8668,1560,5,2,2,792.0,0,2.0,39,39,0.0,0,0,1,0,1,0,0,0,0,0,0,0,0,0,1,126000
1912,10050,1280,5,2,2,432.0,180,2.5,41,41,602.0,0,0,1,0,1,0,0,0,0,0,0,0,0,0,1,175000
1913,9600,1254,6,2,2,525.0,168,2.0,46,46,600.0,0,0,1,0,1,0,0,0,0,0,0,0,0,0,1,158500
1914,10150,912,5,2,2,275.0,0,1.0,49,49,456.0,0,0,1,0,1,0,1,0,0,0,0,0,0,0,0,114500
1915,11344,1524,5,2,2,315.0,0,1.5,49,49,460.0,0,0,1,0,1,0,0,0,0,0,0,0,0,0,1,144000
1916,18450,2380,6,2,2,596.0,265,2.5,42,28,910.0,0,0,1,0,0,0,0,0,0,0,0,0,0,0,1,129000
1917,8760,936,6,2,3,315.0,219,2.0,50,8,873.0,0,0,1,0,1,0,0,0,0,0,0,0,0,0,1,141000
1918,6860,1008,5,2,1,308.0,0,2.0,51,51,908.0,0,0,1,0,1,0,0,0,0,0,0,0,0,0,1,131000
1919,8250,1053,5,2,3,692.0,349,2.0,44,44,288.0,0,0,1,0,1,0,0,0,0,0,0,0,0,0,1,142100
1920,8176,1056,5,2,2,308.0,0,2.0,49,15,846.0,0,0,1,0,1,0,0,0,0,0,0,0,0,0,1,139000
1921,9750,1442,6,2,2,301.0,275,1.5,49,49,608.0,0,0,1,0,1,0,1,0,0,0,0,0,0,0,0,157900
1922,9250,1056,5,2,2,260.0,390,1.5,53,2,948.0,0,0,1,0,1,0,0,0,0,0,0,0,0,0,1,139400
1923,11988,1244,6,2,2,336.0,40,1.5,50,50,777.0,0,0,1,0,1,0,0,0,0,0,0,0,0,0,1,150000
1924,9100,1144,5,2,2,336.0,0,1.0,47,47,0.0,0,0,1,0,1,0,0,0,0,0,0,0,0,0,1,120000
1925,9736,1721,6,2,2,464.0,0,1.0,50,38,806.0,0,0,1,0,1,0,0,0,0,0,0,0,0,0,1,174850
1926,9770,922,5,2,2,308.0,34,2.0,50,50,512.0,0,0,1,0,1,0,0,0,0,0,0,0,0,0,1,116000
1927,10152,1048,5,2,2,286.0,212,2.0,51,51,586.0,0,0,1,0,1,0,0,0,0,0,0,0,0,0,1,135000
1928,12155,1657,6,2,2,484.0,147,2.5,37,37,1237.0,0,0,1,0,1,0,0,0,0,0,0,0,0,0,1,163500
1929,12198,1411,5,2,2,310.0,360,1.0,52,32,780.0,0,0,1,0,1,0,1,0,0,0,0,0,0,0,0,130000
1930,10050,1216,5,2,2,336.0,0,2.0,52,52,288.0,0,0,1,0,1,0,0,0,0,0,0,0,0,0,1,129500
1931,11556,1154,5,2,4,336.0,63,1.5,54,1,408.0,0,0,1,0,1,0,0,0,0,0,0,0,0,0,1,142000
1932,8078,1560,5,2,2,484.0,0,2.0,49,49,0.0,0,0,1,0,1,0,0,0,0,0,0,0,0,0,1,128600
1933,10950,948,6,2,2,410.0,48,1.0,55,55,441.0,0,0,1,0,1,0,0,0,0,0,0,0,0,0,1,125000
1934,7942,1040,6,2,2,293.0,0,1.5,54,54,1040.0,0,0,1,0,1,0,0,0,0,0,0,0,0,0,1,136000
1935,8923,1008,5,2,3,240.0,18,2.0,54,1,643.0,0,0,1,0,1,0,0,0,0,0,0,0,0,0,1,134500
1936,8540,925,5,2,3,252.0,152,2.0,51,4,805.0,0,0,1,0,1,0,0,0,0,0,0,0,0,0,1,127000
1937,7134,1360,5,2,2,572.0,50,1.0,52,52,384.0,0,0,1,0,1,0,0,0,0,0,0,0,0,0,1,130000
1938,7150,1540,4,2,1,352.0,0,2.0,52,52,150.0,0,0,1,0,1,0,0,0,0,0,0,0,0,0,1,115000
1939,8400,925,5,2,2,390.0,81,2.0,52,52,793.0,0,0,1,0,1,0,0,0,0,0,0,0,0,0,1,116900
1940,13300,928,5,2,2,252.0,417,1.0,51,7,377.0,0,0,1,0,1,0,0,0,0,0,0,0,0,0,1,132000
1941,9532,1647,4,2,2,280.0,225,2.0,54,54,949.0,0,0,1,0,1,0,0,0,0,0,0,0,0,0,1,153000
1942,15783,924,5,2,2,420.0,324,1.0,55,55,292.0,0,0,1,0,1,0,0,0,0,0,0,0,0,0,1,112500
1943,14190,1544,4,3,2,0.0,231,2.0,117,1,0.0,0,0,1,0,1,0,0,0,0,0,0,0,0,0,1,138000
1944,9600,893,5,2,3,576.0,0,1.5,58,4,220.0,0,0,1,0,1,0,0,0,0,0,0,0,0,0,1,135000
1945,12099,1728,5,2,2,371.0,200,2.0,54,3,198.0,0,0,1,0,1,0,0,0,0,0,0,0,0,0,1,156000
1946,21281,3086,5,2,3,1200.0,654,3.5,72,0,0.0,0,0,1,0,0,0,0,0,0,0,0,0,0,0,1,301600
1947,10134,1034,5,2,2,240.0,39,1.0,67,57,0.0,0,0,1,0,1,0,0,0,0,0,0,0,0,0,1,109000
1948,5500,882,4,2,2,0.0,0,1.0,51,51,0.0,0,0,1,0,1,0,0,0,0,0,0,0,0,0,1,103200
1949,10284,1281,4,2,2,580.0,0,3.0,82,14,1096.0,0,0,1,0,0,0,0,0,0,0,0,0,0,0,1,128500
1950,10800,968,4,2,2,216.0,0,2.0,80,0,0.0,0,0,1,0,1,0,0,0,0,0,0,0,0,0,1,64500
1951,10800,1534,5,2,3,0.0,112,1.5,112,8,0.0,0,0,1,0,1,0,0,0,0,0,0,0,0,0,1,148000
1952,5400,691,5,2,4,216.0,114,1.0,87,57,0.0,0,0,1,0,0,0,0,0,0,0,0,0,0,0,1,86000
1953,10090,1651,7,2,2,276.0,671,2.5,44,8,725.0,0,0,1,0,1,0,0,0,0,0,0,0,0,0,1,172000
1954,8700,888,5,2,2,240.0,0,1.5,46,46,192.0,0,0,1,0,0,0,1,0,0,0,0,0,0,0,0,120000
1955,8300,952,6,2,2,288.0,0,2.0,39,39,952.0,0,0,1,0,1,0,0,0,0,0,0,0,0,0,1,128500
1956,11606,2080,5,2,1,504.0,335,2.5,38,38,650.0,0,0,1,0,0,0,0,0,0,0,0,0,0,0,1,135000
1957,8064,924,5,2,2,576.0,0,1.0,58,1,0.0,0,0,1,0,1,0,0,0,0,0,0,0,0,0,1,122900
1958,11664,1082,6,2,2,240.0,130,1.0,59,57,336.0,0,0,1,0,1,0,0,0,0,0,0,0,0,0,1,119200
1959,10496,1846,6,2,2,315.0,0,2.0,58,57,196.0,0,0,1,0,1,0,0,0,0,0,0,0,0,0,1,143000
1960,7200,988,5,2,2,276.0,80,1.0,57,57,630.0,0,0,1,0,1,0,0,0,0,0,0,0,0,0,1,119000
1961,7200,1238,5,2,2,357.0,171,1.5,57,57,432.0,0,0,1,0,1,0,0,0,0,0,0,0,0,0,1,102000
1962,7200,864,5,2,3,720.0,194,2.0,57,5,547.0,0,0,1,0,1,0,0,0,0,0,0,0,0,0,1,129000
1963,7000,1134,5,2,2,254.0,16,1.0,47,5,588.0,0,0,1,0,0,0,0,0,0,0,0,0,0,0,1,135000
1964,7500,1040,5,2,3,286.0,0,2.0,48,4,574.0,0,0,1,0,1,0,0,0,0,0,0,0,0,0,1,152000
1965,7315,1170,5,2,2,338.0,225,1.5,49,49,625.0,0,0,1,0,1,0,0,0,0,0,0,0,0,0,1,140000
1966,7903,1242,5,2,2,324.0,0,2.5,47,47,739.0,0,0,1,0,0,0,0,0,0,0,0,0,0,0,1,152000
1967,8000,1377,5,2,2,351.0,0,2.0,47,47,1252.0,0,0,1,0,1,0,0,0,0,0,0,0,0,0,1,156500
1968,8000,1800,5,2,2,0.0,0,2.0,46,46,0.0,0,0,1,0,1,0,0,0,0,0,0,0,0,0,1,141000
1969,7000,925,5,2,2,300.0,0,1.0,46,46,0.0,0,0,1,0,1,0,0,0,0,0,0,0,0,0,1,99000
1970,9760,1851,6,2,3,440.0,281,2.5,43,14,653.0,0,0,1,0,1,0,0,0,0,0,0,0,0,0,1,187000
1971,7590,1812,5,2,2,264.0,168,2.0,45,45,540.0,0,0,1,0,1,0,0,0,0,0,0,0,0,0,1,169500
1972,6600,864,5,2,2,294.0,58,1.0,45,45,552.0,0,0,1,0,1,0,0,0,0,0,0,0,0,0,1,125500
1973,6760,936,5,2,2,288.0,274,2.0,45,45,734.0,0,0,1,0,1,0,0,0,0,0,0,0,0,0,1,130000
1974,6978,960,5,3,2,576.0,116,1.0,81,27,0.0,0,0,1,0,1,0,0,0,0,0,0,0,0,0,1,103000
1975,9600,1432,5,2,2,360.0,382,2.0,97,5,0.0,0,0,1,0,0,0,0,0,0,0,0,0,0,0,1,132000
1976,6000,1296,6,2,2,576.0,175,1.0,80,57,276.0,0,0,1,0,1,0,0,0,0,0,0,0,0,0,1,127500
1977,4480,1022,5,2,1,184.0,142,2.0,85,57,782.0,0,0,1,0,1,0,0,0,0,0,0,0,0,0,1,89500
1978,7200,936,5,2,2,672.0,49,2.0,27,27,936.0,0,0,1,0,1,0,0,0,0,0,0,0,0,0,1,140000
1979,3153,967,5,2,2,180.0,26,1.0,87,17,0.0,0,0,1,0,1,0,0,0,0,0,0,0,0,0,1,99900
1980,10800,1047,4,2,2,273.0,0,1.0,122,12,0.0,0,0,1,0,1,0,0,0,0,0,0,0,0,0,1,100000
1981,7200,1072,5,2,2,379.0,0,1.0,67,57,0.0,0,0,1,0,1,0,0,0,0,0,0,0,0,0,1,130000
1982,9000,1174,5,2,3,576.0,182,1.0,107,1,130.0,0,0,1,0,1,0,0,0,0,0,0,0,0,0,1,135000
1983,6000,1183,3,2,2,308.0,176,1.5,59,5,331.0,0,0,1,0,1,0,0,0,0,0,0,0,0,0,1,120000
1984,5925,1131,4,2,2,672.0,72,1.0,70,7,168.0,0,0,1,1,0,0,0,0,0,0,0,0,0,0,1,89471
1985,5925,1141,4,2,2,252.0,96,1.0,107,57,570.0,0,0,1,0,1,0,0,0,0,0,1,0,0,0,0,85000
1986,6000,960,4,2,1,308.0,168,1.0,87,57,250.0,0,0,1,0,1,0,0,0,0,0,0,0,0,0,1,108500
1987,9639,1798,4,2,2,342.0,160,2.5,107,57,0.0,0,0,1,0,1,0,0,0,0,0,0,0,0,0,1,137000
1988,3880,866,5,2,3,0.0,100,1.0,62,10,329.0,0,0,1,0,1,0,0,0,0,0,0,0,0,0,1,110500
1989,8520,968,5,3,2,480.0,184,1.0,84,1,0.0,0,0,1,0,1,0,0,0,0,0,0,0,0,0,1,100000
1990,10337,1772,8,3,3,816.0,0,2.5,97,8,0.0,0,0,1,0,1,0,0,0,0,0,0,0,0,0,1,184900
1991,9863,1642,6,2,2,374.0,0,2.0,80,57,406.0,0,0,1,0,0,0,0,0,0,0,0,0,0,0,1,145000
1992,9600,1472,5,2,3,250.0,84,1.0,82,13,0.0,0,0,1,0,1,0,0,0,0,0,0,0,0,0,1,125000
1993,4571,1232,5,2,2,480.0,423,1.0,97,57,168.0,0,0,1,0,1,0,0,0,0,0,0,0,0,0,1,114000
1994,13600,2337,5,2,2,560.0,57,2.0,107,57,0.0,0,0,1,0,1,0,0,0,0,0,0,0,0,0,1,90000
1995,8398,1650,6,2,2,468.0,231,2.0,97,17,259.0,0,0,1,0,1,0,0,0,0,0,0,0,0,0,1,144100
1996,9900,2210,6,2,1,205.0,48,2.0,127,57,0.0,0,0,1,0,1,0,0,0,0,0,0,0,0,0,1,117500
1997,3600,1358,5,2,3,336.0,32,1.5,77,2,316.0,0,0,1,0,0,1,0,0,0,0,0,0,0,0,1,124500
1998,13500,2454,7,2,2,576.0,298,2.0,128,20,0.0,0,0,1,0,1,0,0,0,0,0,0,0,0,0,1,185000
1999,7200,2291,6,2,2,506.0,99,2.5,97,9,1046.0,0,0,1,0,1,0,0,0,0,0,0,0,0,0,1,133900
2000,5400,1616,6,2,3,216.0,183,2.0,81,3,370.0,0,0,1,0,1,0,0,0,0,0,0,0,0,0,1,152000
2001,8100,1559,5,2,2,812.0,346,2.0,59,34,338.0,0,0,1,0,1,0,1,0,0,0,0,0,0,0,0,153500
2002,10800,2554,7,2,2,704.0,191,1.5,117,9,0.0,0,0,1,0,1,0,0,0,0,0,0,0,0,0,1,159500
2003,9439,1248,5,2,2,160.0,192,1.0,77,57,324.0,0,0,1,0,1,0,0,0,0,0,0,0,0,0,1,87000
2004,8626,968,4,2,2,331.0,0,1.0,51,51,0.0,0,0,1,0,1,0,0,0,0,0,0,0,0,0,1,104500
2005,11800,1382,4,2,2,384.0,40,2.0,58,5,0.0,0,0,1,0,1,0,0,0,0,0,0,0,0,0,1,110000
2006,6854,1060,5,2,2,308.0,215,2.0,82,13,544.0,0,0,1,0,1,0,0,0,0,0,0,0,0,0,1,136500
2007,8674,1435,5,2,2,308.0,33,2.0,57,57,910.0,1,0,1,0,1,0,0,0,0,0,0,0,0,0,1,128250
2008,8731,1167,5,2,2,495.0,342,1.0,87,57,645.0,0,0,1,0,1,0,0,0,0,0,0,0,0,0,1,144000
2009,8737,1635,6,2,2,440.0,182,1.5,84,57,300.0,0,0,1,0,1,0,0,0,0,0,0,0,0,0,1,210000
2010,6125,1274,5,2,2,224.0,192,2.0,68,9,306.0,0,0,1,0,1,0,0,1,0,0,0,0,0,0,0,135000
2011,6000,1232,6,2,2,217.0,0,1.5,68,57,276.0,0,0,1,0,1,0,0,0,0,0,0,0,0,0,1,128000
2012,6000,1218,6,2,2,440.0,0,1.5,66,57,375.0,0,0,1,0,1,0,0,0,0,0,0,0,0,0,1,131000
2013,6120,884,5,3,2,240.0,136,1.0,68,57,0.0,0,0,1,0,1,0,0,0,0,0,0,0,0,0,1,113000
2014,6240,1409,6,2,2,528.0,309,2.5,69,57,52.0,0,0,1,0,1,0,0,0,0,0,0,0,0,0,1,126000
2015,6240,1322,5,2,2,280.0,0,2.0,68,55,48.0,0,0,1,0,1,0,0,0,0,0,0,0,0,0,1,132000
2016,6240,1426,5,2,2,230.0,270,1.0,77,15,0.0,0,0,1,0,1,0,0,0,0,0,0,0,0,0,1,131750
2017,6120,1281,5,2,3,379.0,25,2.0,81,57,351.0,0,0,1,0,1,0,0,0,0,0,0,0,0,0,1,132500
2018,6120,1513,5,2,2,180.0,174,1.5,87,3,0.0,0,0,1,0,1,0,0,0,0,0,0,0,0,0,1,137500
2019,6120,854,7,2,2,576.0,160,1.0,78,6,0.0,0,0,1,0,1,0,0,0,0,0,0,0,0,0,1,132000
2020,6240,1367,6,2,2,560.0,120,1.0,76,57,425.0,0,0,1,0,1,0,0,0,0,0,0,0,0,0,1,127500
2021,6180,986,6,2,2,180.0,128,1.0,81,57,0.0,0,0,1,0,1,0,0,0,0,0,0,0,0,0,1,102000
2022,7755,2264,6,2,2,408.0,152,2.5,89,12,0.0,0,0,1,0,1,0,0,0,0,0,0,0,0,0,1,200000
2023,13515,1824,6,2,2,520.0,126,1.0,88,57,0.0,0,0,1,0,1,0,0,0,0,0,0,0,0,0,1,180500
2024,8850,1376,6,2,3,576.0,198,1.0,87,57,0.0,0,0,1,0,1,0,0,0,0,0,0,0,0,0,1,165000
2025,8550,1316,5,2,2,576.0,0,1.0,81,57,0.0,0,1,1,0,0,0,0,0,0,0,1,0,0,0,0,90000
2026,8730,1396,6,2,2,384.0,259,1.0,92,4,0.0,0,1,1,0,1,0,0,0,0,0,0,0,0,0,1,153575
2027,5700,1344,7,2,3,456.0,70,2.5,78,17,336.0,0,0,1,0,1,0,0,0,0,0,0,0,0,0,1,140000
2028,8520,2526,6,2,3,216.0,103,2.0,91,57,714.0,0,0,1,0,0,0,0,1,0,0,0,0,0,0,0,136000
2029,5680,1173,5,2,2,240.0,102,2.0,106,57,0.0,0,0,1,0,0,0,0,0,0,0,0,0,0,0,1,113000
2030,5680,1214,5,2,2,216.0,77,1.0,106,57,0.0,0,0,1,0,0,0,0,0,0,0,0,0,0,0,1,117000
2031,7758,1818,7,2,2,240.0,184,1.5,76,57,224.0,0,0,1,0,1,0,0,0,0,0,0,0,0,0,1,169500
2032,7449,1108,7,2,3,280.0,205,1.0,77,57,0.0,0,0,1,0,1,0,0,0,0,0,0,0,0,0,1,139400
2033,13200,2294,6,2,2,658.0,110,3.0,44,44,375.0,0,0,1,0,1,0,0,0,0,0,0,0,0,0,1,202500
2034,6882,1355,6,2,3,0.0,251,1.5,93,1,0.0,0,0,1,0,1,0,0,0,0,0,0,0,0,0,1,127000
2035,9000,1375,6,2,3,544.0,288,1.5,70,57,0.0,0,0,1,0,1,0,0,0,0,0,0,0,0,0,1,141000
2036,9780,1952,7,2,3,299.0,501,1.5,57,2,752.0,0,0,1,0,1,0,0,0,0,0,0,0,0,0,1,212300
2037,10320,2180,6,2,2,720.0,170,1.5,92,57,375.0,0,0,1,0,1,0,0,0,0,0,0,0,0,0,1,161000
2038,4330,1315,4,2,2,436.0,0,3.0,49,49,808.0,0,0,1,0,0,0,1,0,0,0,0,0,0,0,0,99500
2039,7200,1111,5,2,1,288.0,144,1.0,87,11,0.0,0,0,1,0,1,0,0,0,0,0,0,0,0,0,1,101000
2040,4800,1196,4,2,2,440.0,0,2.0,91,17,197.0,0,0,1,0,1,0,0,0,0,0,0,0,0,0,1,109900
2041,12358,1382,5,2,2,660.0,237,1.5,66,57,360.0,0,0,1,0,1,0,0,0,0,0,0,0,0,0,1,128500
2042,10120,1889,7,1,2,308.0,264,1.5,97,57,0.0,0,0,1,0,1,0,0,0,0,0,0,0,0,0,1,122000
2043,4388,840,5,2,2,0.0,0,1.0,77,57,116.0,0,0,1,0,1,0,0,0,0,0,0,0,0,0,1,87000
2044,10320,1484,4,1,2,264.0,309,2.0,97,57,0.0,0,0,1,0,0,0,1,0,0,0,0,0,0,0,0,50000
2045,12888,2267,7,2,2,498.0,521,2.5,70,27,288.0,0,0,1,0,1,0,0,0,0,0,0,0,0,0,1,219000
2046,18030,3086,5,2,4,0.0,122,3.0,61,13,621.0,0,0,2,0,1,0,0,0,0,0,0,0,0,0,1,200500
2047,8160,1134,5,2,2,240.0,0,2.5,67,57,312.0,0,0,1,0,0,0,0,0,0,0,0,0,0,0,1,126000
2048,4484,1282,5,2,2,240.0,88,2.0,65,28,485.0,0,0,1,0,1,0,0,0,0,0,0,0,0,0,1,108500
2049,11235,999,5,2,2,308.0,216,2.0,44,44,925.0,0,0,1,0,1,0,0,0,0,0,0,0,0,0,1,130000
2050,11235,1452,5,2,2,572.0,180,2.0,43,27,785.0,0,0,1,0,1,0,0,0,0,0,0,0,0,0,1,158450
2051,14299,1005,4,2,2,440.0,0,2.0,43,43,657.0,0,0,1,0,1,0,0,0,0,0,0,0,0,0,1,115400
2052,7943,1029,4,2,2,261.0,103,2.0,46,46,903.0,0,0,1,0,1,0,0,0,0,0,0,0,0,0,1,118500
2053,14149,1020,5,3,2,528.0,0,2.5,43,6,790.0,0,0,1,0,1,0,0,0,0,0,0,0,0,0,1,165000
2054,11677,1040,5,2,2,264.0,90,2.0,41,41,1010.0,0,0,1,0,1,0,0,0,0,0,0,0,0,0,1,123000
2055,8400,913,6,2,2,240.0,252,2.0,41,41,814.0,0,0,1,0,1,0,0,0,0,0,0,0,0,0,1,129000
2056,7094,894,5,2,2,384.0,0,1.0,41,41,554.0,0,0,1,0,1,0,0,0,0,0,0,0,0,0,1,125000
2057,8978,948,5,2,2,300.0,147,1.0,39,39,0.0,0,0,1,0,0,0,0,0,0,0,0,0,0,0,1,108000
2058,8425,868,5,2,2,576.0,138,2.0,36,17,748.0,0,0,1,0,1,0,0,0,0,0,0,0,0,0,1,119900
2059,8665,897,5,2,2,264.0,0,1.0,39,39,456.0,0,0,1,0,1,0,0,0,0,0,0,0,0,0,1,115000
2060,8398,943,5,2,2,528.0,132,2.0,40,40,643.0,0,0,1,0,1,0,0,0,0,0,0,0,0,0,1,134500
2061,7742,955,5,2,2,386.0,0,2.0,41,41,763.0,0,0,1,0,1,0,0,0,0,0,0,0,0,0,1,127000
2062,8724,894,5,2,2,450.0,0,1.0,39,39,492.0,0,0,1,0,1,0,0,0,0,0,0,0,0,0,1,129000
2063,8197,1285,6,2,2,528.0,138,1.5,30,30,0.0,0,0,1,0,1,0,0,0,0,0,0,0,0,0,1,143500
2064,8169,912,5,2,3,315.0,204,2.0,41,41,651.0,0,0,1,0,1,0,0,0,0,0,0,0,0,0,1,129000
2065,14175,1375,5,2,2,323.0,0,2.0,51,9,908.0,0,0,1,0,1,0,0,0,0,0,0,0,0,0,1,187000
2066,16779,2654,5,2,2,638.0,698,3.0,87,11,267.0,0,0,1,0,1,0,0,0,0,0,0,0,0,0,1,158000
2067,25339,1416,5,2,3,576.0,112,2.0,89,0,0.0,0,0,1,0,1,0,0,0,0,0,0,0,0,0,1,112000
2068,6960,1302,7,2,3,224.0,126,1.5,67,9,258.0,0,0,1,0,1,0,0,0,0,0,0,0,0,0,1,165250
2069,11375,1299,6,2,3,494.0,361,1.0,53,12,736.0,0,0,1,0,1,0,0,0,0,0,0,0,0,0,1,150000
2070,13770,1176,5,2,2,303.0,0,2.0,49,9,1063.0,0,0,1,0,1,0,0,0,0,0,0,0,0,1,0,137000
2071,9000,998,4,1,2,460.0,140,1.0,62,57,0.0,0,0,1,0,1,0,0,0,0,0,0,0,0,0,1,89500
2072,115149,1824,7,2,3,739.0,428,3.0,36,5,1219.0,0,0,2,0,1,0,0,0,0,0,0,0,0,0,1,302000
2073,11075,1522,6,2,2,552.0,245,2.0,23,23,1190.0,0,0,2,0,1,0,0,0,0,0,0,0,0,0,1,182000
2074,10029,2060,6,3,2,521.0,420,3.0,19,18,831.0,0,0,2,0,1,0,0,0,0,0,0,0,0,0,1,211000
2075,17541,1325,5,2,3,576.0,42,2.0,59,2,300.0,0,0,1,0,1,0,0,0,0,0,0,0,0,0,1,216000
2076,22692,1630,5,2,2,649.0,64,2.0,54,54,587.0,0,0,1,0,1,0,1,0,0,0,0,0,0,0,0,130000
2077,17808,1242,4,2,2,336.0,0,1.0,61,57,0.0,0,0,1,0,1,0,0,0,0,0,0,0,0,0,1,109900
2078,12671,2422,6,2,3,527.0,207,3.0,53,13,353.0,0,0,2,0,1,0,0,0,0,0,0,0,0,0,1,255000
2079,12615,2158,6,2,3,576.0,68,3.0,57,6,477.0,0,0,1,0,1,0,0,0,0,0,0,0,0,0,1,243000
2080,10512,1626,6,2,3,332.0,366,1.5,53,53,491.0,0,0,1,0,1,0,0,0,0,0,0,0,0,0,1,154000
2081,5400,864,5,2,2,399.0,0,1.5,49,49,453.0,0,0,1,0,1,0,0,0,0,0,0,0,0,0,1,118000
2082,11515,943,4,2,3,308.0,60,1.0,49,13,0.0,0,0,1,0,1,0,0,0,0,0,0,0,0,0,1,80000
2083,7711,1440,4,2,2,0.0,321,4.0,30,30,1440.0,0,0,1,0,0,0,0,0,0,0,0,0,1,0,0,150000
2084,9098,605,4,2,2,0.0,144,2.0,87,5,348.0,0,0,1,0,1,0,0,0,0,0,0,0,0,0,1,86000
2085,3869,1038,5,3,2,264.0,105,2.0,23,23,1038.0,0,0,1,0,1,0,0,0,0,0,0,0,0,0,1,130000
2086,9280,1342,5,2,2,256.0,0,2.0,56,56,557.0,0,0,1,0,1,0,0,0,0,0,0,0,0,0,1,125000
2087,11100,1480,5,2,2,253.0,68,2.0,56,13,1080.0,0,0,1,0,1,0,0,0,0,0,0,0,0,0,1,136500
2088,7550,1362,4,1,2,280.0,0,2.0,87,57,0.0,0,0,1,0,1,0,0,0,0,0,0,0,0,0,1,96000
2089,9060,1340,5,2,2,252.0,296,1.0,50,1,0.0,0,0,1,0,1,0,0,0,0,0,0,0,0,0,1,120000
2090,23920,1822,6,2,3,515.0,1207,2.0,23,23,0.0,0,0,2,0,1,0,0,0,0,0,0,0,0,0,1,228500
2091,10357,1442,7,3,3,719.0,244,3.0,17,16,738.0,0,0,2,0,1,0,0,0,0,0,0,0,0,0,1,179900
2092,13474,2243,7,3,3,746.0,395,3.5,17,16,700.0,0,0,2,0,1,0,0,0,0,0,0,0,0,0,1,225000
2093,10380,2730,7,3,3,576.0,297,3.5,21,20,1502.0,0,0,2,0,1,0,0,0,0,0,0,0,0,0,1,301000
2094,13125,2127,7,3,3,833.0,488,3.5,16,16,682.0,0,0,2,0,1,0,0,0,0,0,0,0,0,0,1,238000
2095,11287,1982,7,3,3,575.0,280,2.5,18,18,421.0,0,0,2,0,1,0,0,0,0,0,0,0,0,0,1,228500
2096,9317,1958,7,3,3,499.0,295,3.5,13,6,497.0,0,0,2,0,1,0,0,1,0,0,0,0,0,0,0,220000
2097,9965,2696,7,3,4,792.0,472,3.5,0,0,984.0,0,0,2,0,0,1,0,0,0,0,0,1,0,0,0,383970
2098,9965,2828,8,3,3,1052.0,269,4.0,1,0,1150.0,0,0,2,0,0,1,0,0,0,0,0,1,0,0,0,424870
2099,9178,1651,8,3,3,870.0,268,2.0,0,0,0.0,0,0,2,0,0,1,0,0,0,0,0,1,0,0,0,250000
2100,10481,2140,8,3,3,894.0,168,2.5,1,0,0.0,0,0,2,0,0,1,0,0,0,0,0,1,0,0,0,360000
2101,10652,1494,7,3,3,840.0,193,2.0,1,0,0.0,0,0,2,0,0,1,0,0,0,0,0,1,0,0,0,279500
2102,11175,1316,7,3,3,440.0,20,2.0,0,0,0.0,0,0,2,0,0,1,0,0,0,0,0,1,0,0,0,200141
2103,10235,1651,8,3,3,870.0,256,2.0,0,0,0.0,0,0,2,0,0,1,0,0,0,0,0,1,0,0,0,246500
2104,9588,2574,8,3,4,868.0,148,2.5,0,0,0.0,0,0,2,0,0,1,0,0,0,0,0,1,0,0,0,276000
2105,8814,1274,7,3,3,508.0,362,3.0,2,0,925.0,0,0,2,0,0,1,0,0,0,0,0,1,0,0,0,203000
2106,11103,1456,7,3,3,440.0,0,2.5,1,1,0.0,0,0,2,0,0,1,0,0,0,0,0,1,0,0,0,155835
2107,8556,1240,7,3,3,826.0,233,2.0,1,1,0.0,0,0,2,0,1,0,0,0,0,0,0,0,0,0,1,194000
2108,6762,1208,7,3,3,628.0,159,3.0,0,0,664.0,0,0,2,0,0,1,0,0,0,0,0,1,0,0,0,195400
2109,11750,1546,7,3,3,796.0,186,2.0,2,1,20.0,0,0,2,0,1,0,0,0,0,0,0,0,0,0,1,217000
2110,8760,1500,8,3,3,674.0,182,2.0,1,1,36.0,0,0,2,0,1,0,0,0,0,0,0,0,0,0,1,212999
2111,7242,1270,7,3,3,524.0,96,2.0,2,1,0.0,0,0,2,0,1,0,0,0,0,0,0,0,0,0,1,175900
2112,9316,1795,7,3,3,578.0,275,2.5,2,1,0.0,0,0,2,0,1,0,0,0,0,0,0,0,0,0,1,191000
2113,9317,1314,6,3,3,440.0,22,2.0,1,1,24.0,0,0,2,0,1,0,0,0,0,0,0,0,0,0,1,176432
2114,14364,2062,7,3,2,454.0,269,3.5,19,18,1065.0,0,0,2,0,1,0,0,0,0,0,0,0,0,0,1,277000
2115,8883,1873,7,3,3,619.0,300,3.5,19,19,929.0,0,0,2,0,1,0,0,0,0,0,0,0,0,0,1,207000
2116,159000,2144,6,3,3,389.0,98,2.5,49,1,697.0,0,0,2,0,1,0,0,0,0,0,0,0,0,0,1,277000
2117,53107,1953,6,3,3,501.0,447,3.5,15,15,985.0,0,0,2,0,1,0,0,0,0,0,0,0,0,0,1,240000
2118,12205,2087,6,2,3,444.0,301,2.5,41,0,568.0,0,0,2,0,1,0,0,0,0,0,0,0,0,0,1,187500
2119,20064,1743,8,3,3,529.0,646,2.5,31,31,966.0,0,0,2,0,1,0,0,0,0,0,0,0,0,0,1,279000
2120,14217,1022,5,2,2,747.0,0,1.5,13,13,550.0,0,0,2,0,1,0,0,0,0,0,0,0,0,0,1,139500
2121,8775,990,5,2,2,299.0,64,1.0,13,13,495.0,0,0,2,0,1,0,0,0,0,0,0,0,0,0,1,126000
2122,11249,1200,6,3,3,521.0,26,3.0,12,12,878.0,0,0,2,0,1,0,0,0,0,0,0,0,0,0,1,177500
2123,10021,1308,6,2,3,497.0,196,3.5,10,1,539.0,0,0,2,0,1,0,0,0,0,0,0,0,0,0,1,175000
2124,9531,1796,6,2,2,546.0,36,3.5,9,9,706.0,0,0,2,0,1,0,0,0,0,0,0,0,0,0,1,211000
2125,8428,990,5,2,2,384.0,256,2.0,13,13,420.0,0,0,2,0,1,0,0,0,0,0,0,0,0,0,1,146000
2126,16561,1097,5,2,2,242.0,306,2.5,11,11,549.0,0,0,2,0,1,0,0,0,0,0,0,0,0,0,1,147900
2127,8070,990,4,2,2,0.0,0,2.0,13,12,588.0,0,0,2,0,1,0,0,0,0,0,0,0,0,0,1,123600
2128,9337,1786,6,2,3,684.0,162,3.5,10,10,648.0,0,0,2,0,1,0,0,0,0,0,0,0,0,0,1,204750
2129,10820,1873,7,3,3,597.0,325,2.5,8,8,342.0,0,0,2,0,1,0,0,0,0,0,0,0,0,0,1,235500
2130,12352,1753,7,3,2,534.0,74,3.5,9,8,638.0,0,0,2,0,1,0,0,0,0,0,0,0,0,0,1,217000
2131,9543,1690,7,3,3,517.0,103,2.5,6,6,0.0,0,0,2,0,1,0,0,0,0,0,0,0,0,0,1,190550
2132,8826,1842,7,3,3,486.0,289,3.5,7,7,841.0,0,0,2,0,1,0,0,0,0,0,0,0,0,0,1,217500
2133,10665,1479,7,3,3,558.0,173,3.0,4,4,1013.0,0,0,2,0,1,0,0,0,0,0,0,0,0,0,1,226000
2134,11317,1668,7,3,3,500.0,212,2.5,4,4,0.0,0,0,2,0,1,0,0,0,0,0,0,0,0,0,1,180000
2135,11800,894,5,2,2,440.0,0,1.0,33,33,663.0,0,0,2,0,0,0,0,0,0,0,0,0,0,0,1,131000
2136,8660,1025,5,2,2,370.0,127,2.0,31,31,502.0,0,0,2,0,1,0,0,0,0,0,0,0,0,0,1,153500
2137,9720,1009,5,2,2,576.0,0,2.0,30,30,755.0,0,0,2,0,1,0,0,0,0,0,0,0,0,0,1,160000
2138,8982,1040,5,2,2,748.0,0,1.5,30,30,539.0,0,0,2,0,1,0,0,0,0,0,0,0,0,0,1,134900
2139,16300,907,5,2,2,308.0,0,2.0,30,30,477.0,0,0,2,0,1,0,0,0,0,0,0,0,0,0,1,130000
2140,9675,879,5,2,2,440.0,80,1.0,32,32,762.0,0,0,2,0,1,0,0,0,0,0,0,0,0,0,0,120000
2141,7700,882,5,2,2,461.0,96,2.0,35,35,606.0,0,0,2,0,1,0,0,0,0,0,0,0,0,0,1,112500
2142,10356,969,5,2,2,440.0,0,1.5,32,32,716.0,0,0,2,0,1,0,0,0,0,0,0,0,0,0,1,122000
2143,7200,864,5,2,4,576.0,155,2.0,35,7,671.0,0,0,2,0,1,0,0,0,0,0,0,0,0,0,1,127000
2144,7200,875,4,2,3,728.0,352,1.0,35,1,385.0,0,0,2,0,1,0,0,0,0,0,0,0,0,0,1,117000
2145,10386,2000,8,3,3,888.0,168,3.0,3,2,1464.0,0,0,2,0,1,0,0,0,0,0,0,0,0,0,1,305900
2146,9375,2169,8,3,3,647.0,279,2.5,5,5,0.0,0,0,2,0,1,0,0,0,0,0,0,0,0,0,1,228500
2147,11354,1673,7,3,3,583.0,535,3.0,7,7,1412.0,0,0,2,0,1,0,0,0,0,0,0,0,0,0,1,270000
2148,8749,1459,7,3,3,527.0,231,2.0,5,5,0.0,0,0,2,0,1,0,0,0,0,0,0,0,0,0,1,192000
2149,8749,1932,7,3,3,610.0,120,3.5,4,4,654.0,0,0,2,0,1,0,0,0,0,0,0,0,0,0,1,213000
2150,8158,1729,7,3,3,542.0,449,2.5,5,5,0.0,0,0,2,0,1,0,0,0,0,0,0,0,0,0,1,200000
2151,16226,2452,8,3,3,683.0,258,2.5,9,8,281.0,0,0,2,0,1,0,0,0,0,0,0,0,0,0,1,267000
2152,11927,1592,8,3,3,484.0,155,2.0,13,12,873.0,0,0,2,0,1,0,0,0,0,0,0,0,0,0,1,228000
2153,12728,2439,8,3,3,560.0,305,3.5,6,6,1198.0,0,0,2,0,1,0,0,0,0,0,0,0,0,0,1,275000
2154,15295,1992,7,3,3,608.0,257,3.5,11,5,762.0,0,0,2,0,1,0,0,0,0,0,0,0,0,0,1,211000
2155,11248,1668,9,3,3,702.0,302,3.0,5,5,1059.0,0,0,2,0,1,0,0,0,0,0,0,0,0,0,1,285000
2156,10000,2090,8,3,3,556.0,65,3.5,12,11,1079.0,0,0,2,0,1,0,0,0,0,0,0,0,0,0,1,240000
2157,4435,848,6,3,3,420.0,140,2.0,4,4,659.0,0,0,2,0,1,0,0,0,0,0,0,0,0,0,1,131500
2158,17227,1341,8,3,3,482.0,324,2.5,8,7,915.0,0,0,2,0,1,0,0,0,0,0,0,0,0,0,1,246900
2159,8200,1928,7,3,3,434.0,148,2.5,4,3,0.0,0,0,2,0,1,0,0,0,0,0,0,0,0,0,1,219500
2160,8450,1337,7,3,3,531.0,39,3.0,4,4,699.0,0,0,2,0,1,0,0,0,0,0,0,0,0,0,1,185000
2161,8145,1476,7,3,3,552.0,35,2.5,0,0,0.0,0,0,2,0,0,1,0,0,0,0,0,1,0,0,0,179400
2162,9245,1797,7,3,3,639.0,197,2.5,1,1,0.0,0,0,2,0,1,0,0,0,0,0,0,0,0,0,1,213500
2163,8500,1422,7,3,3,626.0,252,2.0,3,3,0.0,0,0,2,0,1,0,0,0,0,0,0,0,0,0,1,179600
2164,8769,1190,7,3,3,578.0,141,3.0,2,2,709.0,0,0,2,0,1,0,0,0,0,0,0,0,0,0,1,173500
2165,8334,1330,6,3,3,437.0,23,2.0,1,0,0.0,0,0,2,0,0,1,0,0,0,0,0,1,0,0,0,167840
2166,8333,1491,7,3,3,484.0,130,2.5,1,1,0.0,0,0,2,0,1,0,0,0,0,0,0,0,0,0,1,168675
2167,9045,1536,5,3,3,400.0,40,2.5,2,2,0.0,0,0,2,0,1,0,0,0,0,0,0,0,0,0,1,167000
2168,9170,1214,5,2,2,461.0,184,2.0,42,42,794.0,0,0,1,0,1,0,0,0,0,0,0,0,0,0,1,140000
2169,9825,936,5,2,2,384.0,405,2.0,40,40,936.0,0,0,1,0,0,0,0,0,0,0,0,0,0,0,1,118500
2170,8308,1088,4,2,2,520.0,0,1.0,44,44,973.0,0,0,1,0,1,0,1,0,0,0,0,0,0,0,0,110000
2171,10921,960,4,2,2,432.0,120,2.0,42,42,520.0,0,0,1,0,1,0,0,0,0,0,0,0,0,0,1,94750
2172,16287,1351,5,2,2,576.0,143,2.0,82,57,235.0,0,0,1,0,1,0,0,0,0,0,0,0,0,0,1,122000
2173,8240,1179,6,2,2,622.0,0,1.0,47,47,0.0,0,0,1,0,1,0,0,0,0,0,0,0,0,0,1,110000
2174,11841,816,6,2,2,0.0,32,2.0,17,17,816.0,0,0,1,0,1,0,0,0,0,0,0,0,0,0,1,118500
2175,6285,1044,6,2,2,528.0,228,2.0,31,31,504.0,0,0,1,0,1,0,0,0,0,0,0,0,0,0,1,133500
2176,7917,1113,6,2,2,504.0,400,2.5,31,31,751.0,0,0,1,0,1,0,0,0,0,0,0,0,0,0,1,148000
2177,9555,2233,5,2,2,579.0,0,2.5,28,28,0.0,0,0,1,0,1,0,0,0,0,0,0,0,0,0,1,141000
2178,8536,1125,5,2,2,430.0,144,1.5,1,0,0.0,0,0,1,0,0,1,0,0,0,0,0,1,0,0,0,155000
2179,7024,1090,5,2,2,450.0,49,2.5,2,1,980.0,0,0,1,0,1,0,0,0,0,0,0,0,0,0,1,157000
2180,7023,1408,5,2,2,489.0,85,3.5,2,1,611.0,0,0,1,0,1,0,0,0,0,0,0,0,0,0,1,171500
2183,3675,1072,6,2,3,525.0,44,2.0,2,2,467.0,0,0,1,0,1,0,0,0,0,0,0,0,0,0,1,140000
2184,6400,960,5,2,1,392.0,179,2.0,48,7,908.0,0,0,1,0,1,0,0,0,0,0,0,0,0,0,1,131750
2185,6882,1152,4,2,1,0.0,0,2.0,52,52,0.0,0,0,1,0,1,0,0,0,0,0,0,0,0,0,1,61500
2186,10215,948,4,2,2,248.0,0,1.0,53,53,492.0,0,0,1,0,1,0,0,0,0,0,0,0,0,0,1,111000
2187,8741,1195,5,2,2,0.0,118,2.0,61,57,0.0,0,0,1,0,0,0,0,0,0,0,0,0,0,0,1,98500
2188,4270,774,3,2,3,0.0,286,1.0,76,1,544.0,0,0,1,0,1,0,0,0,0,0,0,0,0,0,1,79000
2189,10042,865,6,2,2,216.0,84,2.0,87,12,422.0,0,0,1,0,1,0,0,0,0,0,0,0,0,0,1,108500
2190,9450,894,4,2,2,400.0,0,1.0,53,53,552.0,0,0,1,0,0,0,0,0,0,0,0,0,0,0,1,110000
2191,11767,1346,4,2,2,384.0,192,1.5,97,7,0.0,0,0,1,0,1,0,0,0,0,0,0,0,0,0,1,112000
2192,8172,768,4,2,2,355.0,196,1.0,52,52,544.0,0,0,1,0,1,0,0,0,0,0,0,0,0,0,1,125000
2193,8172,864,4,2,2,528.0,196,2.0,52,52,682.0,0,0,1,0,0,0,1,0,0,0,0,0,0,0,0,79275
2194,8190,948,4,2,2,280.0,36,2.0,53,53,732.0,0,0,1,0,1,0,0,0,0,0,0,0,0,0,1,119000
2195,10896,3395,6,1,1,0.0,110,2.0,93,12,256.0,0,0,1,0,0,0,0,0,0,0,0,0,0,0,1,200000
2196,10890,2592,5,2,2,0.0,982,4.0,84,57,371.0,0,0,1,0,0,0,0,0,0,0,0,0,0,0,1,150000
2197,10592,1502,6,2,3,180.0,261,1.5,84,11,0.0,0,0,2,0,1,0,0,0,0,0,0,0,0,0,1,165000
2198,10594,789,5,2,2,200.0,112,1.0,81,57,0.0,0,0,2,0,1,0,0,0,0,0,0,0,0,0,1,96500
2199,7223,1422,5,2,2,352.0,64,1.0,81,57,319.0,0,0,2,0,1,0,0,0,0,0,0,0,0,0,1,136500
2200,6821,1298,6,2,2,240.0,384,2.0,86,2,113.0,0,0,2,0,1,0,0,0,0,0,0,0,0,0,1,146500
2201,7200,1768,5,2,3,240.0,264,2.5,70,57,569.0,0,0,1,0,1,0,0,0,0,0,0,0,0,0,1,175000
2202,4000,1098,7,2,2,216.0,0,2.0,77,12,246.0,0,0,2,0,1,0,0,0,0,0,0,0,0,0,1,148500
2203,6720,1436,6,2,2,228.0,184,1.0,86,57,0.0,0,0,2,0,1,0,0,1,0,0,0,0,0,0,0,141500
2204,7642,1426,7,3,3,216.0,240,1.5,89,9,0.0,0,0,2,0,1,0,0,0,0,0,0,0,0,0,1,189950
2205,7155,1461,6,2,2,225.0,116,1.0,81,16,0.0,0,0,2,0,1,0,0,0,0,0,0,0,0,0,1,135000
2206,7128,1646,7,2,2,240.0,126,2.0,66,57,364.0,0,0,2,0,1,0,0,0,0,0,0,0,0,0,1,164000
2207,4280,694,5,2,3,352.0,34,1.0,94,5,365.0,0,0,2,0,1,0,0,0,0,0,0,0,0,0,1,90350
2208,5362,1250,5,2,2,552.0,323,2.0,97,4,0.0,0,0,2,0,1,0,0,0,0,0,0,0,0,0,1,139000
2209,6305,954,5,2,1,240.0,0,1.0,69,57,0.0,0,0,2,0,1,0,0,0,0,0,0,0,0,0,1,119750
2210,7136,1958,6,2,2,492.0,0,2.0,61,57,484.0,0,0,2,0,1,0,0,0,0,0,0,0,0,0,1,145000
2211,6270,2002,5,2,2,871.0,0,2.0,58,57,284.0,0,0,2,0,1,0,0,0,0,0,0,0,0,0,1,145000
2212,7230,1718,7,2,3,264.0,504,2.5,80,15,0.0,0,0,2,0,1,0,0,0,0,0,0,0,0,0,1,238000
2213,13108,1226,5,2,2,400.0,546,1.5,56,56,0.0,0,0,2,0,1,0,0,0,0,0,0,0,0,0,1,153500
2214,22420,2624,6,2,2,864.0,0,3.5,89,57,1128.0,0,0,2,0,1,0,0,0,0,0,0,0,0,0,1,239000
2215,12168,3194,8,2,2,380.0,0,2.5,73,9,428.0,0,0,2,1,0,0,0,0,0,0,0,0,0,0,1,359100
2216,7810,1755,4,2,3,231.0,40,2.0,77,4,189.0,0,0,2,0,1,0,0,0,0,0,0,0,0,0,1,188000
2217,11275,1991,6,2,2,432.0,19,1.5,75,57,854.0,0,0,2,0,1,0,0,0,0,0,0,0,0,0,1,220000
2218,6221,1355,5,2,2,528.0,144,2.0,66,57,533.0,0,0,2,0,1,0,0,0,0,0,0,0,0,0,1,140000
2219,10570,2727,8,3,3,440.0,74,2.5,75,13,297.0,0,0,2,0,1,0,0,0,0,0,0,0,0,0,1,315000
2220,7259,2320,6,2,3,180.0,224,3.5,62,5,924.0,0,0,2,0,1,0,0,0,0,0,0,0,0,0,1,259500
2221,14442,1839,6,2,3,416.0,287,3.0,50,3,1186.0,0,0,2,0,1,0,0,0,0,0,0,0,0,0,1,257500
2222,13125,1740,7,2,2,240.0,0,1.5,67,23,410.0,0,0,2,0,1,0,0,1,0,0,0,0,0,0,0,219500
2223,21000,2259,6,2,3,450.0,478,3.0,54,54,904.0,0,0,2,0,0,0,1,0,0,0,0,0,0,0,0,217000
2224,25485,1560,6,2,2,580.0,659,1.5,47,47,1560.0,0,0,2,0,1,0,0,0,0,0,0,0,0,0,1,201000
2225,21579,1488,6,2,2,552.0,216,2.5,39,39,813.0,0,0,2,0,1,0,0,1,0,0,0,0,0,0,0,215000
2226,1782,1045,6,2,2,462.0,180,1.0,27,27,330.0,0,0,1,0,1,0,0,0,0,0,0,0,0,0,1,123900
2227,17871,1680,4,2,3,628.0,152,2.0,12,11,0.0,0,0,2,0,1,0,0,0,0,0,0,0,0,0,1,170000
2228,3907,1020,8,2,2,509.0,135,2.0,19,19,577.0,0,0,1,0,1,0,0,0,0,0,0,0,0,0,1,200000
2229,20693,1696,7,2,2,625.0,146,2.0,36,36,434.0,0,0,2,0,1,0,0,0,0,0,0,0,0,0,1,198000
2230,32668,2515,6,3,2,484.0,200,4.0,50,32,1219.0,0,0,2,1,0,0,0,0,0,0,0,0,0,0,1,200624
2231,18044,2726,8,3,3,691.0,449,2.5,21,21,0.0,0,0,2,0,1,0,0,0,0,0,0,0,0,0,1,315000
2232,8500,1517,5,2,1,0.0,144,2.0,88,2,0.0,0,0,1,0,1,0,0,0,0,0,0,0,0,0,1,115000
2233,7000,1215,6,2,3,720.0,30,1.0,67,57,375.0,0,0,1,0,1,0,0,0,0,0,0,0,0,0,1,141000
2234,5000,803,5,2,2,360.0,244,1.0,66,57,116.0,0,1,1,0,1,0,0,0,0,0,0,0,0,0,1,87000
2235,7288,1601,5,3,2,0.0,176,2.0,82,4,0.0,0,0,1,0,1,0,0,0,0,0,0,0,0,0,1,129850
2236,6060,1123,4,2,2,264.0,140,1.0,68,57,0.0,0,0,1,0,1,0,0,0,0,0,0,0,0,0,1,100000
2237,9060,1828,5,2,3,0.0,386,2.0,84,8,548.0,0,0,1,1,0,0,0,0,0,0,0,0,0,0,1,150909
2238,3672,816,5,2,2,100.0,96,1.0,85,57,0.0,0,0,1,0,1,0,0,0,0,0,0,0,0,0,1,75200
2239,8263,1012,6,2,2,308.0,134,1.0,87,57,0.0,0,0,1,0,1,0,0,0,0,0,0,0,0,0,1,118400
2240,8967,1077,5,2,2,338.0,0,1.0,87,57,0.0,0,0,1,0,0,0,0,0,0,0,0,0,0,0,1,67000
2241,13710,1558,5,2,2,282.0,289,1.5,57,57,420.0,0,0,1,0,1,0,0,0,0,0,0,0,0,0,1,152000
2242,11067,845,2,2,2,256.0,48,1.0,68,57,0.0,0,0,1,0,1,0,0,0,0,0,0,0,0,0,1,68104
2243,8250,1991,5,2,2,0.0,133,2.0,112,1,0.0,0,0,1,0,1,0,0,0,0,0,0,0,0,0,1,119600
2244,6565,1073,4,2,2,720.0,444,2.0,50,27,967.0,0,0,1,0,0,0,0,0,0,0,0,0,0,0,1,140000
2245,6060,1001,5,3,3,216.0,282,1.0,77,0,737.0,0,0,1,0,1,0,0,0,0,0,0,0,0,0,1,124900
2246,5568,1625,8,3,3,495.0,276,3.5,1,0,1573.0,0,0,2,0,0,1,0,0,0,0,0,1,0,0,0,375000
2247,4750,1625,8,3,3,538.0,276,3.5,1,0,1573.0,0,0,2,0,0,0,0,0,0,0,0,0,0,0,1,235000
2248,12150,1299,6,2,3,486.0,306,3.0,28,28,1001.0,0,0,2,0,1,0,0,0,0,0,0,0,0,0,1,183500
2249,7540,912,6,2,2,470.0,192,2.0,29,29,773.0,0,0,2,0,1,0,0,0,0,0,0,0,0,0,1,156000
2250,9187,1080,6,2,2,484.0,278,1.5,24,24,336.0,0,0,2,0,1,0,0,0,0,0,0,0,0,0,1,134000
2251,10000,1392,5,3,3,650.0,217,2.0,5,5,585.0,0,0,2,0,1,0,0,0,0,0,0,0,0,0,1,215000
2252,12864,1409,7,3,3,576.0,289,2.5,5,5,1392.0,0,0,2,0,1,0,0,0,0,0,0,0,0,0,1,245000
2253,9928,1478,7,2,2,506.0,136,3.0,16,15,1239.0,0,0,2,0,1,0,0,0,0,0,0,0,0,0,1,210000
2254,8750,918,7,2,2,360.0,276,1.5,32,32,754.0,0,0,2,0,1,0,0,0,0,0,0,0,0,0,1,148000
2255,8410,1026,6,2,2,528.0,193,2.0,33,33,924.0,0,0,2,0,1,0,0,0,0,0,0,0,0,0,1,143000
2256,4054,1501,7,3,3,512.0,240,3.0,20,20,949.0,0,0,2,0,1,0,0,0,0,0,0,0,0,0,1,244000
2257,9763,1502,7,3,3,286.0,0,2.5,9,9,1174.0,0,0,2,0,1,0,0,0,0,0,0,0,0,0,1,330000
2258,16905,1328,5,2,2,308.0,104,2.0,48,48,967.0,0,0,2,0,1,0,0,0,0,0,0,0,0,0,1,170000
2259,19958,2279,6,2,3,461.0,412,2.5,49,12,0.0,0,0,2,0,1,0,0,0,0,0,0,0,0,0,1,257000
2260,8368,1689,7,3,3,433.0,139,2.0,1,0,0.0,0,0,2,0,0,1,0,0,0,0,0,1,0,0,0,231713
2261,8298,1564,8,3,4,502.0,132,2.0,1,0,583.0,0,0,2,0,0,1,0,0,0,0,0,1,0,0,0,267300
2262,9037,1484,8,3,4,472.0,153,2.0,1,1,428.0,0,0,2,0,1,0,0,0,0,0,0,0,0,0,1,265900
2263,10991,1571,8,3,3,722.0,136,2.0,0,0,0.0,0,0,2,0,0,1,0,0,0,0,0,1,0,0,0,239000
2264,10656,1646,8,3,3,870.0,272,2.0,1,0,0.0,0,0,2,0,0,1,0,0,0,0,0,1,0,0,0,248900
2265,10331,1240,7,2,3,528.0,232,2.5,22,22,295.0,0,0,2,0,1,0,0,0,0,0,0,0,0,0,1,174000
2266,13758,1717,7,3,3,400.0,204,2.5,17,16,902.0,0,0,2,0,1,0,0,0,0,0,0,0,0,0,1,187500
2267,9303,1756,6,3,2,422.0,266,3.5,11,10,742.0,0,0,2,0,1,0,0,0,0,0,0,0,0,0,1,204000
2268,6718,1312,8,3,3,471.0,284,2.0,6,6,250.0,0,0,2,0,1,0,0,0,0,0,0,0,0,0,1,180500
2269,9590,1146,7,3,3,438.0,182,3.0,4,4,786.0,0,0,2,0,1,0,0,0,0,0,0,0,0,0,1,187500
2270,11305,1922,8,3,3,692.0,265,3.0,5,5,1329.0,0,0,2,0,1,0,0,0,0,0,0,0,0,0,1,282000
2271,7777,1491,6,3,2,571.0,35,2.0,11,11,0.0,0,0,2,0,1,0,0,0,0,0,0,0,0,0,1,178000
2272,14536,1629,8,3,3,808.0,252,3.0,5,4,1300.0,0,0,2,0,1,0,0,0,0,0,0,0,0,0,1,270000
2273,11800,2486,7,3,3,452.0,175,4.5,4,3,766.0,0,0,2,0,1,0,0,0,0,0,0,0,0,0,1,279900
2274,35133,1572,5,2,2,995.0,526,2.5,44,44,1159.0,0,0,2,0,1,0,0,0,0,0,0,0,0,0,1,186700
2275,15306,1776,8,3,3,712.0,0,3.0,1,0,80.0,0,0,2,0,0,1,0,0,0,0,0,1,0,0,0,283463
2276,12633,1824,10,4,4,932.0,304,2.0,1,0,0.0,0,0,2,0,0,1,0,0,0,0,0,1,0,0,0,392000
2277,12665,2482,8,3,3,642.0,183,2.5,2,1,0.0,0,0,2,0,1,0,0,0,0,0,0,0,0,0,1,281213
2278,8402,1120,5,2,2,0.0,30,1.0,0,0,206.0,0,0,2,0,0,1,0,0,0,0,0,1,0,0,0,147000
2279,43500,2034,3,2,2,1041.0,749,1.0,54,54,0.0,0,0,2,0,1,0,0,0,0,0,0,0,0,0,1,130000
2280,6710,936,6,2,2,460.0,40,2.5,11,10,920.0,0,0,2,0,1,0,0,0,0,0,0,0,0,0,1,140000
2281,25286,1040,4,2,2,648.0,0,2.0,44,44,633.0,0,0,2,0,1,0,0,0,0,0,0,0,0,0,1,132250
2282,25000,1632,5,2,2,576.0,0,2.0,40,40,0.0,0,0,2,0,1,0,0,0,0,0,0,0,0,0,1,143000
2283,32463,1622,4,2,2,1356.0,439,2.0,46,32,1159.0,0,0,2,0,1,0,0,0,0,0,0,0,0,0,1,168000
2284,4224,1060,5,2,2,572.0,210,2.0,31,31,840.0,0,0,1,0,1,0,0,0,0,0,0,0,0,0,1,129900
2285,4224,1142,5,2,2,528.0,626,2.5,31,31,874.0,0,0,1,0,1,0,0,0,0,0,0,0,0,0,1,134000
2286,1504,1092,4,2,2,253.0,0,1.5,35,35,252.0,0,0,1,0,1,0,0,0,0,0,0,0,0,0,1,85500
2287,1533,992,4,2,2,297.0,209,2.0,37,37,503.0,0,0,1,0,1,0,0,0,0,0,0,0,0,0,1,106500
2288,1495,1092,4,2,2,0.0,64,1.5,37,37,384.0,0,0,1,0,1,0,0,0,0,0,0,0,0,0,1,93900
2289,2001,1092,4,2,2,286.0,0,1.5,37,37,0.0,0,0,1,0,1,0,0,0,0,0,0,0,0,0,1,75000
2290,1936,630,4,2,2,0.0,0,2.0,37,37,630.0,0,0,1,0,1,0,0,0,0,0,0,0,0,0,1,84500
2291,1890,1092,4,2,2,286.0,0,1.5,31,31,0.0,0,0,1,0,1,0,1,0,0,0,0,0,0,0,0,75190
2292,11333,1062,6,2,2,539.0,120,2.0,31,31,539.0,0,0,2,0,1,0,0,0,0,0,0,0,0,0,1,146800
2293,9129,1008,5,2,3,678.0,267,2.0,30,30,923.0,0,0,2,0,1,0,0,0,0,0,0,0,0,0,1,153500
2294,15957,1356,6,2,2,528.0,1424,4.0,30,30,1148.0,0,0,2,0,1,0,0,0,0,0,0,0,0,0,1,188000
2295,33983,1676,5,2,3,672.0,780,2.5,30,13,1112.0,0,0,2,0,1,0,0,0,0,0,0,0,0,0,1,196000
2296,8286,1432,5,2,2,531.0,376,2.5,30,30,531.0,0,0,2,0,1,0,0,0,0,0,0,0,0,0,1,157000
2297,6723,796,5,2,2,0.0,129,1.5,36,36,796.0,0,0,2,0,1,0,0,0,0,0,0,0,0,0,1,138000
2298,7244,768,5,2,2,624.0,104,2.0,37,37,619.0,0,0,2,0,1,0,0,0,0,0,0,0,0,0,1,129500
2299,27697,1608,4,2,2,444.0,190,1.0,46,46,811.0,0,0,2,0,0,0,1,0,0,0,0,0,0,0,0,80000
2300,7599,845,4,2,2,360.0,0,2.0,25,1,565.0,0,0,2,0,1,0,0,0,0,0,0,0,0,0,1,129500
2301,11000,1178,5,2,2,502.0,132,2.5,31,4,1090.0,0,0,2,0,1,0,0,0,0,0,0,0,0,0,1,135000
2302,8314,816,5,2,2,264.0,168,1.0,25,25,546.0,0,0,2,0,1,0,0,0,0,0,0,0,0,0,1,124500
2303,11625,816,5,2,2,264.0,330,2.0,24,24,596.0,0,0,2,0,1,0,0,0,0,0,0,0,0,0,1,139000
2304,10712,974,5,2,2,0.0,28,1.0,16,15,212.0,0,0,2,0,0,0,0,0,0,0,0,0,1,0,0,93500
2305,10447,887,5,2,2,288.0,140,1.5,23,23,516.0,0,0,2,0,1,0,0,0,0,0,0,0,0,0,1,124500
2306,11027,1293,6,2,2,452.0,280,3.0,52,52,1007.0,0,0,1,0,1,0,0,0,0,0,0,0,0,0,1,149900
2307,10533,1024,6,2,3,313.0,280,2.0,50,50,773.0,0,0,1,0,1,0,0,0,0,0,0,0,0,0,1,157500
2308,11765,1797,5,2,2,963.0,0,1.5,49,49,1127.0,0,0,1,0,1,0,0,0,0,0,0,0,0,0,1,169000
2309,39384,1390,6,2,4,550.0,189,2.5,49,49,1110.0,0,0,1,0,0,0,0,0,0,0,0,0,0,0,1,252000
2310,11727,1851,7,2,2,506.0,146,2.0,37,37,0.0,0,0,1,0,1,0,0,0,0,0,0,0,0,0,1,192100
2311,8238,1525,6,2,2,400.0,493,3.5,9,8,700.0,0,0,2,0,1,0,0,0,0,0,0,0,0,0,1,183500
2312,13006,2236,7,2,3,642.0,0,2.5,9,9,0.0,0,0,2,0,1,0,0,0,0,0,0,0,0,0,1,222000
2313,13041,1671,6,2,2,423.0,84,2.5,11,11,0.0,0,0,2,0,1,0,0,0,0,0,0,0,0,0,1,170000
2314,13031,1498,6,2,2,409.0,359,2.5,11,10,592.0,0,0,2,0,1,0,0,0,0,0,0,0,0,0,1,187500
2315,9783,1776,6,2,2,443.0,402,2.5,10,10,0.0,0,0,2,0,1,0,0,0,0,0,0,0,0,0,1,202000
2316,11207,1511,6,2,2,413.0,170,3.5,9,9,714.0,0,0,2,0,1,0,0,0,0,0,0,0,0,0,1,185000
2317,19378,2462,7,3,3,576.0,539,3.5,1,0,57.0,0,0,2,0,0,1,0,0,0,0,0,1,0,0,0,320000
2318,14859,1670,7,3,3,690.0,204,2.0,0,0,0.0,0,0,2,0,0,1,0,0,0,0,0,1,0,0,0,240000
2319,13128,2064,8,3,3,527.0,119,2.5,1,1,0.0,0,0,2,0,1,0,0,0,0,0,0,0,0,0,1,250000
2320,10463,1801,8,3,3,800.0,116,2.5,1,1,0.0,0,0,2,0,1,0,0,0,0,0,0,0,0,0,1,239900
2321,13751,2212,7,3,3,773.0,390,3.5,1,0,60.0,0,0,2,0,0,1,0,0,0,0,0,1,0,0,0,309000
2322,23257,2021,7,3,3,422.0,100,2.5,0,0,0.0,0,0,2,0,0,1,0,0,0,0,0,1,0,0,0,274725
2323,13108,2687,8,3,3,618.0,180,2.5,12,12,0.0,0,0,3,0,1,0,0,0,0,0,0,0,0,0,1,270000
2324,8076,1169,6,2,2,402.0,170,2.5,13,12,705.0,0,0,2,0,1,0,0,0,0,0,0,0,0,0,1,183500
2325,7685,1501,6,2,3,420.0,253,2.5,13,12,518.0,0,0,2,0,1,0,0,0,0,0,0,0,0,0,1,165600
2326,9084,1632,7,2,2,462.0,28,2.5,8,8,0.0,0,0,2,0,1,0,0,0,0,0,0,0,0,0,1,176500
2327,3701,1204,8,2,2,461.0,190,2.0,19,19,0.0,0,0,3,0,1,0,0,0,0,0,0,0,0,0,1,130000
2328,5306,1767,7,3,3,504.0,476,3.0,19,19,710.0,0,0,3,0,1,0,0,0,0,0,0,0,0,0,1,239000
2329,6563,1742,8,3,3,564.0,376,3.0,21,21,1148.0,0,0,3,0,1,0,0,0,0,0,0,0,0,0,1,275000
2330,16023,2798,9,3,4,670.0,219,4.5,1,0,1218.0,0,0,3,0,0,1,0,0,0,0,0,1,0,0,0,457347
2331,18062,3390,10,4,4,758.0,238,3.5,0,0,0.0,0,0,3,0,0,1,0,0,0,0,0,1,0,0,0,545224
2332,12292,2473,9,3,3,675.0,285,2.5,0,0,205.0,0,0,3,0,0,1,0,0,0,0,0,1,0,0,0,356383
2333,16056,2868,9,3,4,716.0,322,3.5,1,0,240.0,0,0,3,0,0,1,0,0,0,0,0,1,0,0,0,556581
2334,12438,2576,8,4,4,666.0,424,2.5,0,0,0.0,0,0,3,0,0,1,0,0,0,0,0,1,0,0,0,361919
2335,16052,2698,10,4,4,736.0,250,3.5,0,0,1206.0,0,0,3,0,0,1,0,0,0,0,0,1,0,0,0,535000
2336,15922,2795,9,3,4,660.0,374,3.5,1,0,0.0,0,0,3,0,0,1,0,0,0,0,0,1,0,0,0,401179
2337,13682,2945,10,4,3,641.0,229,3.5,0,0,0.0,0,0,3,0,0,1,0,0,0,0,0,1,0,0,0,438780
2338,14762,2320,5,2,2,672.0,264,2.0,58,56,0.0,0,0,2,0,1,0,0,0,0,0,0,0,0,0,1,169000
2339,34650,1056,5,2,2,572.0,264,2.0,51,51,1056.0,0,0,2,0,1,0,0,0,0,0,0,0,0,0,1,145000
2340,8147,1714,9,3,3,517.0,211,3.0,1,1,1191.0,0,0,3,0,1,0,0,0,0,0,0,0,0,0,1,318000
2341,11302,1826,8,3,3,758.0,375,3.0,1,0,1422.0,0,0,3,0,0,1,0,0,0,0,0,1,0,0,0,319000
2342,18261,2000,9,4,4,722.0,576,3.5,1,1,1416.0,0,0,3,0,1,0,0,0,0,0,0,0,0,0,1,470000
2343,14145,1621,7,3,3,440.0,153,3.0,22,8,213.0,0,0,2,0,1,0,0,0,0,0,0,0,0,0,1,202500
2344,13837,2183,7,3,3,786.0,0,2.5,18,18,1204.0,0,0,2,0,1,0,0,0,0,0,0,0,0,0,1,229000
2345,16659,2263,7,2,3,539.0,250,3.5,29,12,795.0,0,0,2,0,1,0,0,0,0,0,0,0,0,0,1,235000
2346,18800,1574,6,2,2,566.0,417,3.5,30,30,712.0,0,0,2,0,1,0,0,0,0,0,0,0,0,0,1,190000
2347,10464,1102,6,2,2,582.0,162,2.0,26,26,850.0,0,0,2,0,1,0,0,0,0,0,0,0,0,0,1,169000
2348,10400,1872,7,2,2,604.0,236,2.5,18,18,929.0,0,0,2,0,1,0,0,0,0,0,0,0,0,0,1,241500
2349,10530,1857,7,2,2,482.0,505,2.5,28,28,0.0,0,0,2,0,1,0,0,0,0,0,0,0,0,0,1,188900
2350,10240,1686,6,2,2,612.0,515,3.0,26,26,1686.0,0,0,2,0,1,0,0,0,0,0,0,0,0,0,1,207500
2351,16692,2784,7,2,3,564.0,552,4.5,28,28,1259.0,0,1,2,0,1,0,0,0,0,0,0,0,0,0,1,250000
2352,11475,1552,6,2,2,434.0,417,3.5,31,31,550.0,0,1,2,0,1,0,0,0,0,0,0,0,0,0,1,179900
2353,9927,1083,7,3,2,596.0,484,2.0,30,30,1005.0,0,0,2,0,1,0,0,0,0,0,0,0,0,0,1,172000
2354,9512,2318,7,3,3,541.0,246,3.5,1,0,788.0,0,1,2,0,0,1,0,0,0,0,0,1,0,0,0,294323
2355,10530,1875,6,2,3,485.0,76,3.0,31,6,548.0,0,0,2,0,1,0,0,0,0,0,0,0,0,0,1,184500
2356,10140,1074,5,2,2,495.0,88,2.5,31,31,788.0,0,0,2,0,1,0,0,0,0,0,0,0,0,0,1,153500
2357,10140,1664,7,2,2,528.0,287,2.5,30,30,194.0,0,0,2,0,1,0,0,0,0,0,0,0,0,0,1,162900
2358,10140,1309,6,2,3,484.0,265,2.5,32,7,1040.0,0,0,2,0,1,0,0,0,0,0,0,0,0,0,1,181000
2359,10000,1103,6,2,2,462.0,379,2.0,32,32,755.0,0,0,2,0,1,0,0,0,0,0,0,0,0,0,1,155000
2360,15870,1096,5,2,2,299.0,272,2.0,37,37,866.0,0,0,1,0,0,0,0,0,0,0,0,0,0,0,1,138800
2361,9353,864,4,2,2,280.0,0,1.0,36,36,0.0,0,0,1,0,0,0,0,0,0,0,0,0,1,0,0,116050
2362,8125,858,4,2,2,0.0,0,1.0,35,35,614.0,0,0,1,0,1,0,0,0,0,0,0,0,0,0,1,88000
2363,7200,874,4,2,2,576.0,63,1.5,35,35,640.0,0,0,1,0,1,0,0,0,0,0,0,0,0,0,1,97500
2364,8773,1419,6,3,3,543.0,264,3.0,4,4,951.0,0,0,1,0,1,0,0,0,0,0,0,0,0,0,1,190000
2365,2760,1092,6,2,2,440.0,0,1.5,33,33,0.0,0,0,1,0,1,0,0,0,0,0,0,0,0,0,1,105500
2366,2160,1365,5,2,3,440.0,36,1.5,33,33,402.0,0,0,1,0,1,0,0,0,0,0,0,0,0,0,1,125500
2367,1953,987,6,2,2,264.0,72,1.5,33,33,309.0,0,0,1,0,1,0,0,0,0,0,0,0,0,0,1,83000
2368,1890,1030,6,2,2,264.0,0,1.5,34,34,282.0,0,0,1,0,1,0,0,0,0,0,0,0,0,0,1,116000
2369,1680,1218,6,2,2,0.0,201,1.5,35,35,0.0,0,0,1,0,0,0,0,0,0,0,0,0,0,0,1,91500
2370,1680,1218,6,2,2,264.0,28,2.0,34,34,317.0,0,0,1,0,1,0,0,0,0,0,0,0,0,0,1,118000
2371,1680,948,6,2,2,264.0,0,1.5,34,34,276.0,0,0,1,0,1,0,0,0,0,0,0,0,0,0,1,89000
2372,1680,1092,6,2,2,264.0,352,1.5,34,34,382.0,0,0,1,0,1,0,0,0,0,0,0,0,0,0,1,108000
2373,1680,987,6,2,2,288.0,0,1.5,34,34,0.0,0,0,1,0,1,0,0,0,0,0,0,0,0,0,1,94500
2374,4043,1069,6,2,2,440.0,280,2.5,31,31,883.0,0,0,1,0,1,0,0,0,0,0,0,0,0,0,1,146300
2375,7514,1387,5,2,2,300.0,240,2.0,39,31,481.0,0,0,1,0,1,0,0,0,0,0,0,0,0,0,1,145000
2376,7838,900,5,2,2,288.0,319,2.0,39,39,769.0,0,0,1,0,1,0,0,0,0,0,0,0,0,0,1,123000
2377,2280,1055,7,2,2,319.0,29,3.0,30,30,612.0,0,0,1,0,1,0,0,0,0,0,0,0,0,0,1,137500
2378,2179,1456,6,2,2,460.0,28,2.5,30,30,70.0,0,0,1,0,1,0,0,0,0,0,0,0,0,0,1,144000
2379,16737,1980,9,3,4,770.0,239,3.0,2,1,1447.0,0,0,3,0,1,0,0,0,0,0,0,0,0,0,1,315000
2380,16387,2589,9,3,4,831.0,0,3.5,0,0,1369.0,0,0,3,0,0,1,0,0,0,0,0,1,0,0,0,412083
2381,16259,2596,9,2,3,840.0,394,3.5,0,0,0.0,0,0,3,0,0,1,0,0,0,0,0,1,0,0,0,342643
2382,16163,1618,8,3,3,880.0,0,2.0,2,2,0.0,0,0,3,0,1,0,0,0,0,0,0,0,0,0,1,252000
2383,13891,2076,10,4,4,850.0,445,3.5,0,0,1386.0,0,0,3,0,0,1,0,0,0,0,0,1,0,0,0,465000
2384,12228,1740,7,3,3,874.0,43,2.0,0,0,0.0,0,0,3,0,0,1,0,0,0,0,0,1,0,0,0,293000
2385,14780,1868,9,4,4,1085.0,566,3.0,1,1,1505.0,0,0,3,0,1,0,0,0,0,0,0,0,0,0,1,415000
2386,16033,1850,9,3,3,772.0,631,3.0,2,1,1261.0,0,0,3,0,1,0,0,0,0,0,0,0,0,0,1,326000
2387,14215,2376,8,3,3,853.0,394,3.5,1,0,0.0,0,0,3,0,0,1,0,0,0,0,0,1,0,0,0,325300
2388,13418,2452,8,3,3,691.0,145,3.5,2,1,0.0,0,0,3,0,1,0,0,0,0,0,0,0,0,0,1,309000
2389,13975,2206,9,3,4,670.0,243,2.5,1,0,0.0,0,0,3,0,0,1,0,0,0,0,0,1,0,0,0,300000
2390,10240,2098,8,3,4,878.0,244,2.5,1,1,0.0,0,0,3,0,1,0,0,0,0,0,0,0,0,0,1,275500
2391,9942,2091,9,4,4,521.0,278,3.5,1,0,1290.0,0,0,3,0,0,1,0,0,0,0,0,1,0,0,0,338500
2392,11924,2324,9,4,4,736.0,168,4.0,1,0,998.0,0,0,3,0,0,1,0,0,0,0,0,1,0,0,0,345000
2393,12867,2253,8,3,4,575.0,385,2.5,1,0,0.0,0,0,3,0,0,1,0,0,0,0,0,1,0,0,0,344133
2394,10672,2389,8,3,3,672.0,240,2.5,0,0,0.0,0,0,3,0,0,1,0,0,0,0,0,1,0,0,0,298236
2395,11643,2358,8,3,4,784.0,154,3.5,1,0,880.0,0,0,3,0,0,1,0,0,0,0,0,1,0,0,0,329900
2396,12378,1944,9,3,4,708.0,383,3.0,3,2,1274.0,0,0,3,0,1,0,0,0,0,0,0,0,0,0,1,360000
2397,11065,1970,8,3,4,753.0,251,2.5,0,0,0.0,0,0,3,0,0,1,0,0,0,0,0,1,0,0,0,281000
2398,13758,1792,9,4,3,925.0,253,3.0,1,0,1232.0,0,0,3,0,0,1,0,0,0,0,0,1,0,0,0,372397
2399,14828,1780,9,4,4,816.0,212,3.0,2,1,1383.0,0,0,3,0,1,0,0,0,0,0,0,0,0,0,1,378000
2400,11846,1792,9,3,4,874.0,255,3.0,3,2,1567.0,0,0,3,0,1,0,0,0,0,0,0,0,0,0,1,374000
2401,20431,2728,9,4,4,706.0,0,3.5,1,0,1410.0,0,0,3,0,0,1,0,0,0,0,0,1,0,0,0,437154
2402,10927,1904,8,3,4,736.0,239,3.5,1,1,546.0,0,0,3,0,1,0,0,0,0,0,0,0,0,0,1,275000
2403,13215,1914,8,3,3,746.0,295,3.5,2,2,994.0,0,0,3,0,1,0,0,0,0,0,0,0,0,0,1,279000
2404,7052,1364,7,3,3,484.0,228,3.0,1,1,659.0,0,0,3,0,1,0,0,0,0,0,0,0,0,0,1,185850
2405,5911,1565,9,4,4,556.0,252,3.0,1,1,472.0,0,0,3,0,1,0,0,0,0,0,0,0,0,0,1,282500
2406,6955,1368,7,3,3,474.0,167,2.0,1,0,0.0,0,0,3,0,0,1,0,0,0,0,0,1,0,0,0,202500
2407,6792,1368,7,3,3,474.0,167,2.0,1,0,0.0,0,0,3,0,0,1,0,0,0,0,0,1,0,0,0,202665
2408,7740,1686,9,3,4,899.0,366,3.0,0,0,1023.0,0,0,3,0,0,1,0,0,0,0,0,1,0,0,0,332200
2409,6373,1666,9,4,3,575.0,303,3.0,0,0,415.0,0,0,3,0,0,1,0,0,0,0,0,1,0,0,0,310090
2410,3136,1405,7,3,3,478.0,184,2.0,3,3,0.0,0,0,3,0,1,0,0,0,0,0,0,0,0,0,1,171750
2411,10237,1316,6,3,3,397.0,123,2.0,1,0,28.0,0,1,2,0,0,1,0,0,0,0,0,1,0,0,0,169990
2412,10237,1456,6,3,3,390.0,24,2.5,1,0,0.0,0,1,2,0,0,1,0,0,0,0,0,1,0,0,0,170440
2413,10237,1492,7,3,3,440.0,32,2.5,0,0,0.0,0,1,2,0,0,1,0,0,0,0,0,1,0,0,0,169985
2414,17104,1496,7,3,3,426.0,124,3.5,0,0,554.0,0,0,2,0,0,1,0,0,0,0,0,1,0,0,0,179665
2415,14054,1863,7,3,3,660.0,117,2.5,0,0,0.0,0,0,2,0,0,1,0,0,0,0,0,1,0,0,0,219210
2416,11660,1326,6,3,3,427.0,100,2.0,0,0,0.0,0,0,2,0,0,1,0,0,0,0,0,1,0,0,0,174190
2417,15578,1456,6,3,2,429.0,0,2.5,0,0,0.0,0,0,2,0,0,1,0,0,0,0,0,1,0,0,0,172785
2418,11631,2373,8,3,3,632.0,166,2.5,2,1,0.0,0,0,2,0,0,1,0,0,0,0,0,1,0,0,0,258000
2419,9073,1492,7,3,3,440.0,132,2.5,0,0,0.0,0,0,2,0,0,1,0,0,0,0,0,1,0,0,0,185101
2420,3087,1364,7,3,3,437.0,116,3.0,0,0,453.0,0,0,2,0,0,1,0,0,0,0,0,1,0,0,0,210250
2421,3196,1557,7,3,3,420.0,163,2.0,3,2,0.0,0,0,2,0,1,0,0,0,0,0,0,0,0,0,1,234000
2422,3196,1456,8,3,3,400.0,163,2.0,3,3,0.0,0,0,2,0,1,0,0,0,0,0,0,0,0,0,1,215000
2423,2938,1511,7,3,3,398.0,160,3.0,4,4,1038.0,0,0,2,0,1,0,0,0,0,0,0,0,0,0,1,246990
2424,3072,1414,7,3,3,398.0,164,2.0,2,2,0.0,0,0,2,0,1,0,0,0,0,0,0,0,0,0,1,178740
2425,3072,1548,7,3,3,388.0,163,3.0,2,2,1059.0,0,0,2,0,1,0,0,0,0,0,0,0,0,0,1,225000
2426,3010,1248,7,3,3,438.0,108,2.0,1,0,16.0,0,0,2,0,0,1,0,0,0,0,0,1,0,0,0,167240
2427,3010,1142,7,3,3,440.0,90,2.0,1,0,16.0,0,0,2,0,0,1,0,0,0,0,0,1,0,0,0,156820
2428,3013,1506,7,3,3,440.0,162,2.0,1,1,16.0,0,0,2,0,1,0,0,0,0,0,0,0,0,0,1,213490
2429,3982,1567,8,3,4,648.0,312,3.0,0,0,1154.0,0,0,2,0,0,1,0,0,0,0,0,1,0,0,0,264561
2430,4045,1500,7,3,3,648.0,181,3.0,0,0,1070.0,0,0,2,0,0,1,0,0,0,0,0,1,0,0,0,246578
2431,21930,1838,5,3,2,372.0,140,2.5,1,1,0.0,0,1,2,0,1,0,0,0,0,0,0,0,0,0,1,192140
2432,7861,1509,6,3,3,393.0,175,3.5,4,3,457.0,0,0,2,0,1,0,0,0,0,0,0,0,0,0,1,183200
2433,9056,1414,8,3,3,403.0,135,2.5,2,2,0.0,0,0,2,0,1,0,0,0,0,0,0,0,0,0,1,178000
2434,9171,1598,7,3,3,433.0,148,2.5,2,1,0.0,0,0,2,0,1,0,0,0,0,0,0,0,0,0,1,201490
2435,11194,1936,8,3,3,504.0,312,2.5,6,6,0.0,0,0,2,0,1,0,0,0,0,0,0,0,0,0,1,230500
2436,7875,1509,7,3,3,393.0,75,2.5,3,3,0.0,0,0,2,0,1,0,0,0,0,0,0,0,0,0,1,180000
2437,8121,1664,6,2,2,460.0,140,2.5,6,6,0.0,0,0,2,0,1,0,0,0,0,0,0,0,0,0,1,172400
2438,8658,1889,6,2,2,431.0,0,2.5,6,6,732.0,0,0,2,0,1,0,0,0,0,0,0,0,0,0,1,215000
2439,11214,1886,7,3,3,431.0,89,2.5,8,7,0.0,0,0,2,0,1,0,0,0,0,0,0,0,0,0,1,199900
2440,10852,1671,6,2,2,472.0,38,3.5,6,6,786.0,0,1,2,0,1,0,0,0,0,0,0,0,0,0,1,173000
2441,12104,2322,7,3,3,617.0,445,3.5,0,0,0.0,0,0,2,0,0,1,0,0,0,0,0,1,0,0,0,287602
2442,8738,2291,7,3,3,429.0,192,2.5,7,7,0.0,0,0,2,0,1,0,0,0,0,0,0,0,0,0,1,230000
2443,9452,2392,8,3,3,870.0,70,3.5,9,8,1074.0,0,0,3,0,1,0,0,0,0,0,0,0,0,0,1,348000
2444,9660,1976,8,3,3,885.0,241,3.5,8,8,791.0,0,0,3,0,1,0,0,0,0,0,0,0,0,0,1,286000
2445,9545,2234,8,3,3,768.0,50,3.5,6,6,505.0,0,0,3,0,1,0,0,0,0,0,0,0,0,0,1,300000
2446,35760,3627,10,3,3,807.0,437,4.5,11,10,1387.0,0,0,3,0,1,0,0,0,0,0,0,0,0,0,1,625000
2447,9233,2855,9,3,4,774.0,302,3.5,6,6,1182.0,0,0,3,0,1,0,0,0,0,0,0,0,0,0,1,405000
2448,12011,1924,8,3,3,592.0,657,3.5,8,8,956.0,0,0,3,0,1,0,0,0,0,0,0,0,0,0,1,280000
2449,12090,2263,8,3,3,420.0,267,2.5,8,8,0.0,0,0,3,0,0,0,0,0,0,0,0,0,0,0,1,258000
2450,10019,2726,8,3,3,725.0,644,2.5,11,11,527.0,0,0,3,0,1,0,0,0,0,0,0,0,0,0,1,350000
2451,17242,3500,9,3,4,959.0,1166,4.5,13,12,1685.0,0,0,3,0,1,0,0,0,0,0,0,0,0,0,1,584500
2452,10236,2494,8,3,3,803.0,295,3.5,12,11,548.0,0,0,3,0,1,0,0,0,0,0,0,0,0,0,1,321000
2453,10120,2526,8,3,3,844.0,387,3.5,12,12,740.0,0,0,3,0,1,0,0,0,0,0,0,0,0,0,1,290000
2454,12585,2799,8,3,3,704.0,568,3.5,13,13,1286.0,0,0,3,0,1,0,0,0,0,0,0,0,0,0,1,315000
2455,12447,1964,8,3,3,760.0,270,2.5,1,0,0.0,0,1,2,0,0,1,0,0,0,0,0,1,0,0,0,252000
2456,15218,1670,8,3,3,928.0,440,3.5,0,0,1562.0,0,1,2,0,0,1,0,0,0,0,0,1,0,0,0,336820
2457,20896,2097,8,3,4,1134.0,459,2.5,1,0,1721.0,0,1,2,0,0,1,0,0,0,0,0,1,0,0,0,423000
2458,10182,1660,8,3,3,500.0,372,3.0,0,0,1220.0,1,0,2,0,0,1,0,0,0,0,0,1,0,0,0,290000
2459,8688,1616,7,3,3,834.0,267,2.0,1,1,0.0,0,0,2,0,1,0,0,0,0,0,0,0,0,0,1,232000
2460,10936,1504,8,3,3,510.0,144,2.0,0,0,0.0,0,0,2,0,0,1,0,0,0,0,0,1,0,0,0,199000
2461,8640,1278,8,3,3,584.0,60,2.0,0,0,24.0,0,0,2,0,0,1,0,0,0,0,0,1,0,0,0,198600
2462,13162,2640,9,3,4,792.0,265,4.5,0,0,1836.0,0,0,2,0,0,1,0,0,0,0,0,1,0,0,0,405749
2463,11216,1489,8,3,3,776.0,140,2.0,0,0,0.0,0,0,2,0,0,1,0,0,0,0,0,1,0,0,0,232600
2464,10728,1939,8,3,3,1053.0,243,2.5,0,0,0.0,0,0,2,0,0,1,0,0,0,0,0,1,0,0,0,266000
2465,8125,1553,7,3,3,615.0,45,2.5,1,0,0.0,0,0,2,0,0,1,0,0,0,0,0,1,0,0,0,186500
2466,8125,1716,6,3,3,615.0,53,2.5,1,1,0.0,0,0,2,0,1,0,0,0,0,0,0,0,0,0,1,200825
2467,8125,1576,7,3,3,614.0,50,2.5,0,0,0.0,0,0,2,0,0,1,0,0,0,0,0,1,0,0,0,197000
2468,7200,1262,6,3,3,572.0,120,2.0,0,0,905.0,0,0,2,0,0,1,0,0,0,0,0,1,0,0,0,185000
2469,7500,1266,7,3,3,453.0,182,2.0,1,1,0.0,0,0,2,0,1,0,0,0,0,0,0,0,0,0,1,176000
2470,7200,1301,7,3,3,572.0,337,3.0,0,0,0.0,0,0,2,0,0,1,0,0,0,0,0,1,0,0,0,187750
2471,7733,1142,6,2,3,0.0,54,1.5,1,1,24.0,0,0,2,0,1,0,0,0,0,0,0,0,0,0,1,139500
2472,11024,1400,7,3,3,612.0,199,2.0,1,0,0.0,0,0,2,0,0,1,0,0,0,0,0,1,0,0,0,186800
2473,13072,1131,6,2,3,0.0,39,1.5,1,0,0.0,0,1,2,0,0,1,0,0,0,0,0,1,0,0,0,132000
2474,13072,1141,6,3,2,484.0,0,1.5,1,1,0.0,0,1,2,0,0,0,0,0,0,0,0,0,0,0,1,142500
2475,13072,1158,6,2,3,576.0,50,2.5,2,2,941.0,0,1,2,0,0,1,0,0,0,0,0,1,0,0,0,158000
2476,7800,1686,7,3,3,462.0,245,2.5,1,1,0.0,0,0,2,0,1,0,0,0,0,0,0,0,0,0,1,184000
2477,7632,1585,7,3,3,449.0,177,2.5,1,1,0.0,0,0,2,0,1,0,0,0,0,0,0,0,0,0,1,184900
2478,8304,1837,6,2,2,688.0,315,2.5,9,8,0.0,0,0,2,0,1,0,0,0,0,0,0,0,0,0,1,187000
2479,7153,1603,6,3,3,484.0,124,2.5,14,14,387.0,0,0,2,0,1,0,0,0,0,0,0,0,0,0,1,175900
2480,9370,1731,6,3,3,462.0,616,3.5,14,13,758.0,0,0,2,0,0,0,0,0,0,0,0,0,0,0,1,248500
2481,7175,1398,6,3,3,542.0,46,3.0,16,15,904.0,0,0,2,0,1,0,0,0,0,0,0,0,0,0,1,172000
2482,7175,1217,6,3,3,484.0,64,2.0,15,15,278.0,0,0,2,0,1,0,0,0,0,0,0,0,0,0,1,151000
2483,9019,1320,6,2,3,472.0,40,2.5,12,12,274.0,0,1,2,0,1,0,0,0,0,0,0,0,0,0,1,150000
2484,8900,1056,4,2,2,384.0,42,2.0,40,40,1056.0,0,0,2,0,1,0,0,0,0,0,0,0,0,0,1,107000
2485,7800,965,5,2,2,300.0,421,2.0,41,41,641.0,0,0,2,0,0,0,0,0,0,0,0,0,0,0,1,119900
2486,9100,988,5,2,2,624.0,0,2.0,44,44,36.0,0,1,1,0,1,0,0,0,0,0,0,0,0,0,1,129500
2487,9100,1728,5,2,2,504.0,0,3.0,43,43,1332.0,0,1,1,0,0,0,0,0,0,1,0,0,0,0,0,125000
2488,8927,1654,6,2,2,528.0,0,2.0,29,29,0.0,0,1,1,0,1,0,0,0,0,0,0,0,0,0,1,119500
2489,9240,1211,5,2,2,576.0,161,1.0,44,4,612.0,0,0,1,0,1,0,0,0,0,0,0,0,0,0,1,144000
2490,8471,1212,6,2,2,492.0,304,2.0,29,11,506.0,0,0,1,0,1,0,0,0,0,0,0,0,0,0,1,151000
2491,9308,984,5,2,2,310.0,0,1.0,41,41,554.0,1,0,1,0,1,0,0,0,0,0,0,0,0,0,1,126000
2492,8450,909,5,2,2,294.0,155,1.0,38,38,432.0,0,1,1,0,1,0,1,0,0,0,0,0,0,0,0,116000
2493,8638,925,5,2,2,484.0,277,2.0,43,43,181.0,0,1,1,0,1,0,0,0,0,0,0,0,0,0,1,133500
2494,13052,1024,5,2,2,308.0,0,1.5,41,41,712.0,0,0,1,0,1,0,0,0,0,0,0,0,0,0,1,120875
2495,13526,935,5,2,2,288.0,180,2.0,41,41,935.0,0,0,1,0,1,0,0,0,0,0,0,0,0,0,1,137000
2496,8020,912,5,2,2,0.0,0,1.0,42,42,644.0,0,0,1,0,1,0,0,0,0,0,0,0,0,0,1,124000
2497,6993,1236,5,2,2,288.0,0,1.0,45,12,465.0,0,0,1,0,1,0,0,0,0,0,0,0,0,0,1,135000
2498,8789,941,5,2,2,288.0,64,1.0,39,39,659.0,0,0,1,0,1,0,0,0,0,0,0,0,0,0,1,129200
2499,14330,2646,7,3,3,550.0,741,4.0,32,32,1520.0,0,0,2,0,1,0,0,0,0,0,0,0,0,0,1,260000
2500,16059,2417,8,3,3,462.0,209,2.5,15,14,0.0,0,0,3,0,1,0,0,0,0,0,0,0,0,0,1,260000
2501,11025,2826,8,3,3,888.0,571,3.5,14,13,1118.0,0,0,3,0,1,0,0,0,0,0,0,0,0,0,1,334000
2502,14541,2520,8,3,3,796.0,264,3.5,13,13,1012.0,0,0,3,0,0,0,0,0,0,0,0,0,0,0,1,310000
2503,13346,2295,7,3,3,590.0,40,3.5,14,6,728.0,0,0,3,0,1,0,0,0,0,0,0,0,0,0,1,268000
2504,12461,1624,8,3,3,757.0,306,3.0,12,11,1456.0,0,0,3,0,1,0,0,0,0,0,0,0,0,0,1,262000
2505,3628,1143,7,3,3,588.0,191,1.5,2,2,0.0,0,0,2,0,1,0,0,0,0,0,0,0,0,0,1,176400
2506,3316,1247,8,3,3,550.0,84,2.5,1,1,1039.0,0,0,2,0,1,0,0,0,0,0,0,0,0,0,1,197000
2507,3180,1200,7,2,3,480.0,166,2.5,1,1,0.0,0,0,2,0,1,0,0,0,0,0,0,0,0,0,1,151000
2508,2544,1223,7,3,3,480.0,166,2.5,1,1,0.0,0,0,2,0,1,0,0,0,0,0,0,0,0,0,1,147400
2509,2544,1223,7,3,3,480.0,166,2.5,1,1,0.0,0,0,2,0,1,0,0,0,0,0,0,0,0,0,1,149900
2510,3180,1200,7,3,3,480.0,166,2.5,1,1,0.0,0,0,2,0,0,0,0,0,0,0,0,0,0,0,1,144152
2511,2998,1524,6,3,3,440.0,32,2.5,6,6,353.0,0,0,2,0,1,0,0,0,0,0,0,0,0,0,1,166000
2512,3735,1452,7,3,3,506.0,34,3.5,7,7,450.0,0,0,2,0,1,0,0,0,0,0,0,0,0,0,1,183900
2513,2651,1382,7,3,3,490.0,203,3.5,6,6,641.0,0,0,2,0,1,0,0,0,0,0,0,0,0,0,1,165000
2514,4447,1080,7,3,3,496.0,50,2.5,3,3,0.0,0,0,2,0,1,0,0,0,0,0,0,0,0,0,1,139000
2515,8314,1694,7,3,3,434.0,492,2.5,9,8,0.0,0,0,2,0,1,0,0,0,0,0,0,0,0,0,1,200000
2516,7180,1568,8,3,3,564.0,266,2.0,5,4,0.0,0,0,2,0,1,0,0,0,0,0,0,0,0,0,1,221000
2517,9549,1494,8,3,4,481.0,246,2.5,11,10,1494.0,0,0,2,0,1,0,0,0,0,0,0,0,0,0,1,270000
2518,11250,1208,6,3,2,546.0,240,2.5,29,29,767.0,0,0,2,0,1,0,0,0,0,0,0,0,0,0,1,165000
2519,3760,1235,8,3,2,484.0,211,2.0,26,26,1191.0,0,0,2,0,1,0,0,0,0,0,0,0,0,0,1,214000
2520,3640,1036,8,3,3,484.0,241,2.0,26,26,860.0,0,0,2,0,1,0,0,0,0,0,0,0,0,0,1,188000
2521,3874,1226,8,3,3,484.0,211,2.0,26,26,807.0,0,0,2,0,1,0,0,0,0,0,0,0,0,0,1,190000
2522,3876,1226,8,3,3,484.0,193,2.0,28,28,1178.0,0,0,2,0,1,0,0,0,0,0,0,0,0,0,1,170000
2523,50271,1842,9,3,3,894.0,929,2.5,25,19,1810.0,0,0,2,0,1,0,0,0,0,0,0,0,0,0,1,385000
2524,13110,1193,5,2,2,501.0,293,3.0,34,34,962.0,0,1,2,0,1,0,0,0,0,0,0,0,0,0,1,146500
2525,10192,1920,7,2,3,487.0,98,3.0,38,14,0.0,0,0,2,0,1,0,0,0,0,0,0,0,0,0,1,170000
2526,20781,2156,7,2,2,508.0,370,2.0,38,3,365.0,0,0,2,0,1,0,0,0,0,0,0,0,0,0,1,262500
2527,11700,1416,6,2,2,776.0,288,2.5,38,38,404.0,0,0,2,0,1,0,0,0,0,0,0,0,0,0,1,179900
2528,11029,2654,6,2,3,619.0,287,3.5,38,22,619.0,0,0,2,0,1,0,0,0,0,0,0,0,0,0,1,250000
2529,10400,1790,6,2,2,484.0,295,3.0,34,34,247.0,0,0,2,0,1,0,0,0,0,0,0,0,0,0,1,165150
2530,10140,1334,7,2,2,477.0,319,3.0,39,39,621.0,0,1,2,0,1,0,0,0,0,0,0,0,0,0,1,164500
2531,9600,1164,7,2,2,528.0,0,1.5,37,37,0.0,0,0,2,0,1,0,1,0,0,0,0,0,0,0,0,140000
2532,9750,980,5,2,2,384.0,68,2.0,39,39,880.0,0,0,1,0,1,0,0,0,0,0,0,0,0,0,1,135500
2533,9600,1051,5,2,2,504.0,0,2.0,38,38,758.0,0,0,1,0,1,0,0,0,0,0,0,0,0,0,1,142000
2534,8640,1770,5,2,2,530.0,330,2.5,38,38,844.0,0,0,1,0,1,0,0,0,0,0,0,0,0,0,1,155000
2535,9360,976,6,2,3,504.0,94,2.0,38,2,760.0,0,0,1,0,0,0,0,0,0,0,0,0,0,0,1,157500
2536,8400,1052,5,2,2,288.0,356,2.5,38,38,1016.0,0,0,1,0,1,0,0,0,0,0,0,0,0,0,1,138500
2537,8400,898,5,2,2,326.0,143,2.0,38,38,744.0,0,0,1,0,1,0,0,0,0,0,0,0,0,0,1,140000
2538,9759,1051,5,2,2,264.0,270,2.0,40,40,799.0,0,0,1,0,1,0,0,0,0,0,0,0,0,0,1,124400
2539,9600,1141,5,2,2,568.0,78,2.0,39,39,1004.0,0,0,1,0,1,0,0,0,0,0,0,0,0,0,1,158000
2540,9230,1200,5,2,3,884.0,64,2.5,41,8,661.0,0,0,1,0,1,0,0,0,0,0,0,0,0,0,1,146000
2541,14803,1993,6,2,2,495.0,66,2.5,35,35,416.0,0,0,2,0,1,0,0,0,0,0,0,0,0,0,1,190000
2542,10659,1050,5,2,2,368.0,319,2.0,45,45,915.0,0,0,1,0,1,0,1,0,0,0,0,0,0,0,0,136500
2543,9100,864,5,2,2,624.0,0,2.0,48,48,695.0,0,0,1,0,1,0,0,0,0,0,0,0,0,0,1,129900
2544,8393,1712,5,2,2,588.0,326,2.0,47,1,528.0,0,0,1,0,0,0,0,0,0,0,0,0,0,0,1,145000
2545,8800,1565,6,2,3,299.0,436,3.0,41,6,1153.0,0,1,1,0,0,0,0,0,0,0,0,0,0,0,1,185900
2546,8800,1251,6,2,2,461.0,116,2.0,42,42,553.0,0,0,1,0,1,0,0,0,0,0,0,0,0,0,1,160000
2547,10368,1488,6,2,2,430.0,214,2.5,42,42,1008.0,0,0,1,0,1,0,0,0,0,0,0,0,0,0,1,167000
2548,9350,1440,5,2,2,480.0,272,1.5,42,42,360.0,0,0,1,0,1,0,0,0,0,0,0,0,0,0,1,157500
2549,10382,1095,6,2,2,264.0,0,2.0,48,48,513.0,0,0,1,0,1,0,0,0,1,0,0,0,0,0,0,140000
2550,8973,1053,5,2,4,750.0,260,2.0,48,15,595.0,0,0,1,0,0,0,0,0,0,0,0,0,0,0,1,150000
2551,10800,1248,5,2,2,286.0,0,2.0,46,46,632.0,0,0,1,0,1,0,0,0,0,0,0,0,0,0,1,151500
2552,8550,816,6,2,2,240.0,268,2.0,72,56,574.0,0,0,1,0,1,0,0,0,0,0,0,0,0,0,1,129800
2553,11425,1008,5,2,2,275.0,120,1.0,52,52,486.0,0,0,1,0,1,0,0,0,0,0,0,0,0,0,1,137000
2554,9724,1043,5,2,2,273.0,173,1.0,59,56,0.0,0,0,1,0,1,0,0,0,0,0,0,0,0,0,1,137000
2555,4712,1230,4,2,2,305.0,120,2.5,60,56,384.0,0,0,1,0,0,0,0,0,0,0,0,0,0,0,1,121600
2556,5900,869,4,2,1,0.0,0,1.0,83,48,0.0,0,0,1,0,1,0,0,0,0,0,0,0,0,0,1,85500
2557,5825,747,4,2,2,528.0,32,1.0,80,53,0.0,0,0,1,0,1,0,0,0,0,0,0,0,0,0,1,79900
2558,7438,1252,5,2,2,576.0,104,1.0,98,15,0.0,0,1,1,0,1,0,0,0,0,0,0,0,0,0,1,127000
2559,9600,1433,5,2,2,441.0,349,2.0,45,16,915.0,0,0,1,0,1,0,0,0,0,0,0,0,0,0,1,161000
2560,10858,1624,5,2,2,240.0,364,2.0,54,54,40.0,0,0,1,0,0,1,0,0,0,0,0,0,0,0,1,146500
2561,9600,1216,5,2,2,280.0,0,2.0,55,55,996.0,0,0,1,0,1,0,0,0,0,0,0,0,0,0,1,135000
2562,10680,2136,5,2,2,528.0,30,2.0,55,55,756.0,0,0,1,0,1,0,0,0,0,0,0,0,0,0,1,137900
2563,9490,1578,6,2,1,240.0,32,2.0,65,56,568.0,0,0,1,0,1,0,0,0,0,0,0,0,0,0,1,133000
2564,9462,1728,5,2,2,234.0,305,1.5,57,33,0.0,0,0,1,0,1,0,0,0,0,0,0,0,0,0,1,137000
2565,9888,936,5,2,2,240.0,160,1.0,52,31,486.0,0,0,1,0,1,0,0,0,0,0,0,0,0,0,1,121000
2566,8917,1584,5,2,2,506.0,0,2.0,39,39,0.0,0,0,1,0,1,0,0,0,0,0,0,0,0,0,1,119000
2567,12700,1246,6,2,2,441.0,69,2.0,42,42,939.0,0,0,1,0,1,0,0,0,0,0,0,0,0,0,1,172000
2568,8500,1235,5,2,2,480.0,0,1.0,45,45,600.0,0,0,1,0,0,0,0,0,0,0,0,0,0,0,1,98600
2569,14200,2157,7,2,3,487.0,171,2.5,40,40,445.0,0,0,1,0,1,0,0,0,0,0,0,0,0,0,1,226000
2570,9000,1128,5,2,2,286.0,0,1.0,52,52,812.0,0,0,1,0,0,0,0,0,0,0,0,0,0,0,1,118000
2571,25419,3112,8,3,3,795.0,568,3.5,88,16,1220.0,0,0,1,0,0,0,0,0,0,0,0,0,0,0,1,235000
2572,9723,1008,6,2,2,430.0,0,1.0,43,43,0.0,0,0,1,0,1,0,0,0,0,0,0,0,0,0,1,135000
2573,7728,1190,5,2,2,540.0,18,2.0,44,44,803.0,0,0,1,0,1,0,0,0,0,0,0,0,0,0,1,132500
2574,8163,1144,5,2,2,796.0,86,2.0,47,47,1042.0,0,0,1,0,1,0,0,0,0,0,0,0,0,0,1,143000
2575,8400,1364,5,2,2,331.0,60,1.5,49,49,623.0,0,0,1,0,1,0,0,0,0,0,0,0,0,0,1,132000
2576,11600,1383,6,2,2,292.0,45,1.5,46,46,565.0,0,0,1,0,1,0,0,0,0,0,0,0,0,0,1,145250
2577,9610,1336,6,2,2,488.0,80,1.5,48,48,203.0,0,0,1,0,1,0,0,0,0,0,0,0,0,0,1,162000
2578,10000,1370,5,2,2,300.0,311,2.0,50,50,959.0,0,0,1,0,1,0,0,0,0,0,0,0,0,0,1,148000
2579,14850,1092,5,2,2,299.0,390,2.0,49,49,895.0,0,0,1,0,1,0,0,0,0,0,0,0,0,0,1,141000
2580,10152,1124,6,2,2,353.0,533,2.0,50,12,914.0,0,0,1,0,1,0,0,0,0,0,0,0,0,0,1,153000
2581,10011,1236,5,2,3,447.0,0,1.5,49,10,360.0,0,0,1,0,1,0,0,0,0,0,0,0,0,0,1,134450
2582,7032,943,5,2,2,600.0,42,2.0,27,27,943.0,0,0,1,0,1,0,0,0,0,0,0,0,0,0,1,135960
2583,8092,1050,6,2,3,286.0,0,2.0,52,6,824.0,0,0,1,0,0,0,0,0,0,0,0,0,0,0,1,156000
2584,11310,1375,6,2,2,451.0,30,1.0,52,52,0.0,0,0,1,0,1,0,0,0,0,0,0,0,0,0,1,140000
2585,12778,1008,5,2,2,280.0,154,2.0,54,3,658.0,0,0,1,0,1,0,0,0,0,0,0,0,0,0,1,139500
2586,10170,1575,6,2,3,400.0,0,1.5,55,55,0.0,0,0,1,0,1,0,0,0,0,0,0,0,0,0,1,155000
2587,7700,1145,5,2,2,684.0,0,1.0,50,50,271.0,0,0,1,0,1,0,0,0,0,0,0,0,0,0,1,127000
2588,11050,1005,5,2,2,319.0,288,1.0,50,50,488.0,0,0,1,0,1,0,0,0,0,0,0,0,0,0,1,133500
2589,13600,1056,5,2,2,300.0,0,2.5,51,51,1056.0,0,0,1,0,1,0,0,0,0,0,0,0,0,0,1,125000
2590,15428,884,5,2,2,270.0,195,2.0,55,15,741.0,0,0,1,0,1,0,0,0,0,0,0,0,0,0,1,142000
2591,21299,2039,7,3,2,791.0,90,2.5,65,43,0.0,0,0,1,0,0,0,1,0,0,0,0,0,0,0,0,167000
2592,13300,1384,5,2,2,896.0,398,2.0,50,5,494.0,0,0,1,0,1,0,0,0,0,0,0,0,0,0,1,159000
2593,22136,2640,5,2,2,1008.0,827,4.5,81,31,1018.0,0,0,1,0,1,0,0,0,0,0,0,0,0,0,1,180000
2594,7500,1312,6,2,2,649.0,28,1.5,59,56,0.0,0,0,1,0,1,0,0,0,0,0,0,0,0,0,1,127000
2595,7000,1310,6,2,2,398.0,126,2.0,82,56,617.0,0,0,1,0,1,0,1,0,0,0,0,0,0,0,0,112000
2596,10410,713,3,2,3,371.0,236,1.0,76,5,0.0,0,0,1,0,1,0,0,0,0,0,0,0,0,0,1,99800
2597,5400,833,5,2,3,326.0,0,1.0,52,6,415.0,0,0,1,0,1,0,0,0,0,0,0,0,0,0,1,117000
2598,5400,1073,5,2,2,326.0,112,1.0,85,38,0.0,0,0,1,0,0,0,0,0,0,0,0,0,0,0,1,108480
2599,10914,715,3,2,2,660.0,187,1.0,77,56,0.0,0,0,1,0,1,0,0,0,0,0,0,0,0,0,1,68000
2600,7008,720,4,2,1,280.0,70,1.0,106,8,0.0,0,0,1,0,1,0,0,0,0,0,0,0,0,0,1,86900
2601,10800,1130,5,2,2,720.0,229,2.0,86,56,821.0,0,0,1,0,1,0,0,0,0,0,0,0,0,0,1,120000
2602,7200,1595,6,2,2,528.0,280,2.0,91,56,338.0,0,0,1,0,1,0,0,0,0,0,0,0,0,0,1,155500
2603,10818,1760,4,2,2,648.0,216,1.5,96,56,0.0,0,0,1,0,0,0,1,0,0,0,0,0,0,0,0,80000
2604,10410,1214,3,2,2,936.0,376,1.0,91,56,0.0,0,0,1,0,0,0,0,0,0,0,0,0,0,0,1,105000
2605,10800,2414,5,2,2,520.0,142,2.0,106,36,664.0,0,0,1,0,1,0,0,0,1,0,0,0,0,0,0,160000
2606,10800,1466,5,2,3,566.0,457,2.5,70,17,626.0,0,0,1,0,1,0,0,0,0,0,0,0,0,0,1,170000
2607,8658,1324,6,2,2,440.0,138,2.0,41,41,643.0,0,0,1,0,0,0,0,0,0,0,0,0,0,0,1,160000
2608,13400,1086,5,2,2,484.0,0,2.0,40,40,644.0,0,0,1,0,1,0,0,0,0,0,0,0,0,0,1,159950
2609,10184,1146,6,2,2,294.0,420,1.5,43,43,580.0,0,0,1,0,1,0,0,0,0,0,0,0,0,0,1,165000
2610,9786,1734,6,2,3,440.0,128,1.5,44,25,600.0,0,0,1,0,1,0,0,0,0,0,0,0,0,0,1,159000
2611,9510,1207,6,2,2,264.0,240,1.5,44,21,701.0,0,0,1,0,1,0,0,0,0,0,0,0,0,0,1,147000
2612,7800,912,5,2,2,288.0,0,1.0,42,42,912.0,0,0,1,0,0,0,0,0,0,0,0,0,0,0,1,115000
2613,8910,1194,6,2,2,539.0,192,1.5,47,47,655.0,0,0,1,0,1,0,0,0,0,0,0,0,0,0,1,159500
2614,7332,864,6,2,3,288.0,168,2.0,47,47,414.0,0,0,1,0,0,0,0,0,0,0,0,0,0,0,1,120000
2615,7100,816,5,2,2,308.0,0,2.0,49,49,708.0,0,0,1,0,1,0,0,0,0,0,0,0,0,0,1,129900
2616,10800,1773,6,2,2,418.0,597,3.0,45,14,913.0,0,0,1,0,1,0,0,0,0,0,0,0,0,0,1,183000
2617,11650,1472,7,2,3,484.0,295,2.0,47,47,0.0,0,0,1,0,1,0,0,0,0,0,0,0,0,0,1,157500
2618,18275,2448,7,2,2,441.0,622,4.0,44,8,636.0,0,0,1,0,1,0,0,0,0,0,0,0,0,0,1,277500
2619,16321,1600,5,2,2,319.0,546,2.0,49,9,1277.0,0,0,1,0,1,0,0,0,0,0,0,0,0,0,1,207500
2620,12144,1521,4,2,3,597.0,367,1.5,56,56,455.0,0,0,1,0,1,0,0,0,0,0,0,0,0,0,1,147500
2621,10800,1192,4,2,2,0.0,0,1.5,57,56,0.0,0,0,1,0,0,0,0,0,0,0,0,0,0,0,1,135000
2622,7200,1040,5,2,2,625.0,0,1.0,56,56,0.0,0,0,1,0,1,0,0,0,0,0,0,0,0,0,1,109500
2623,7200,1040,4,2,2,420.0,29,1.0,56,56,0.0,0,0,1,0,1,0,0,0,0,0,0,0,0,0,1,109900
2624,7560,1040,5,2,2,286.0,392,1.0,47,47,369.0,0,0,1,0,1,0,0,0,0,0,0,0,0,0,1,133700
2625,8544,1040,3,2,2,400.0,0,2.0,56,56,0.0,0,0,1,0,1,0,0,0,0,0,0,0,0,0,1,81400
2626,8544,1040,3,2,2,400.0,0,2.0,57,56,0.0,0,0,1,0,1,0,0,0,0,0,0,0,0,0,1,87500
2627,8544,1040,3,2,2,400.0,0,2.0,56,56,0.0,0,0,1,0,1,0,0,0,0,0,0,0,0,0,1,93500
2628,8512,1556,5,2,2,0.0,0,2.0,46,46,0.0,0,0,1,0,1,0,0,0,0,0,0,0,0,0,1,119000
2629,7945,1150,5,2,2,300.0,0,2.0,47,47,685.0,0,0,1,0,1,0,0,0,0,0,0,0,0,0,1,141000
2630,7000,1150,5,2,2,288.0,162,1.0,45,45,781.0,0,0,1,0,1,0,0,0,0,0,0,0,0,0,1,146000
2631,7590,1348,6,2,2,453.0,296,1.5,40,40,512.0,0,0,1,0,1,0,0,0,0,0,0,0,0,0,1,155000
2632,10205,999,5,2,2,300.0,222,2.0,44,44,784.0,0,0,1,0,1,0,0,0,0,0,0,0,0,0,1,134500
2633,7400,1045,7,2,2,528.0,0,2.0,44,44,809.0,0,0,1,0,1,0,0,0,0,0,0,0,0,0,1,120000
2634,7000,864,5,2,2,336.0,0,1.5,44,44,468.0,0,0,1,0,1,0,0,0,0,0,0,0,0,0,1,105000
2635,7000,1025,5,2,2,0.0,176,2.0,44,44,953.0,0,0,1,0,1,0,0,0,0,0,0,0,0,0,1,124000
2636,9856,2014,5,3,2,624.0,239,2.0,106,1,0.0,0,0,1,0,1,0,0,0,0,0,0,0,0,0,1,169000
2637,9906,1328,4,2,2,210.0,232,1.0,81,56,0.0,0,0,1,0,0,0,0,0,0,0,0,0,0,0,1,107000
2638,9600,1668,5,2,2,240.0,140,2.0,58,56,276.0,0,0,1,0,1,0,0,0,0,0,0,0,0,0,1,135000
2639,5520,1657,4,2,1,162.0,0,1.0,86,26,284.0,0,0,1,0,1,0,0,0,0,0,0,0,0,0,1,111500
2640,9600,1416,6,2,3,400.0,24,1.5,106,2,381.0,0,0,1,0,1,0,0,0,0,0,0,0,0,0,1,156500
2641,9600,1641,7,2,4,546.0,234,2.0,81,16,16.0,0,0,1,0,1,0,0,0,0,0,0,0,0,0,1,178000
2642,6451,1428,7,2,2,576.0,348,2.0,106,36,208.0,0,0,1,0,1,0,0,0,0,0,0,0,0,0,1,139900
2643,3960,1004,7,2,3,200.0,348,1.0,76,56,0.0,0,0,1,0,1,0,0,0,0,0,0,0,0,0,1,105000
2644,5684,813,6,2,3,270.0,113,1.0,76,1,0.0,0,0,1,0,1,0,0,0,0,0,0,0,0,0,1,110000
2645,7745,1951,4,3,1,576.0,34,2.0,106,56,0.0,0,0,1,0,1,0,0,0,0,0,0,0,0,0,1,111500
2646,7741,1032,6,2,2,280.0,112,1.0,82,56,215.0,0,0,1,0,0,0,1,0,0,0,0,0,0,0,0,108000
2647,5633,844,5,2,2,216.0,254,1.0,81,56,0.0,0,0,1,0,1,0,0,0,0,0,0,0,0,0,1,111500
2648,9000,1750,5,2,4,240.0,293,1.0,126,15,0.0,0,0,1,0,0,0,0,0,0,0,0,0,0,0,1,124000
2649,7200,864,4,2,2,528.0,115,1.0,56,56,0.0,0,0,1,0,1,0,1,0,0,0,0,0,0,0,0,105000
2650,4400,1118,6,2,2,440.0,0,1.0,86,56,0.0,0,0,1,0,1,0,0,0,0,0,0,0,0,0,1,116000
2651,7614,1376,3,2,2,216.0,329,1.0,101,56,0.0,0,0,1,0,1,0,0,0,0,0,0,0,0,0,1,96900
2652,6000,960,5,2,2,576.0,0,2.0,51,51,576.0,0,0,1,0,1,0,0,0,0,0,0,0,0,0,1,135500
2653,6000,1566,5,2,3,450.0,320,1.5,82,56,0.0,0,0,1,0,1,0,0,0,0,0,0,0,0,0,1,139000
2654,7830,492,3,2,2,200.0,78,2.0,85,56,416.0,0,0,1,0,1,0,0,0,0,0,0,0,0,0,1,61500
2655,9576,1182,6,2,2,378.0,0,1.5,61,56,310.0,0,0,1,0,1,0,0,0,0,0,0,0,0,0,1,120000
2656,5820,1163,3,2,2,220.0,240,2.0,51,1,256.0,0,0,1,0,1,0,0,0,0,0,0,0,0,0,1,126175
2657,5747,840,3,2,1,250.0,112,1.0,86,56,0.0,0,0,1,0,1,0,0,0,0,0,0,0,0,0,1,64000
2658,9142,1928,6,2,1,440.0,172,2.0,96,56,0.0,0,0,1,0,1,0,0,0,0,0,0,0,0,0,1,137000
2659,9600,1774,4,2,2,779.0,90,3.0,106,56,0.0,0,0,1,0,1,0,0,0,0,0,0,0,0,0,1,87000
2660,10800,1768,7,2,2,320.0,341,1.5,92,36,390.0,0,0,1,0,1,0,0,0,0,0,0,0,0,0,1,163000
2661,6300,2104,7,2,2,432.0,429,2.0,96,1,0.0,0,0,1,0,1,0,0,0,0,0,0,0,0,0,1,155000
2662,5000,1440,5,2,2,352.0,77,1.0,106,56,0.0,0,0,1,0,1,0,0,0,0,0,0,0,0,0,1,79000
2663,8850,1690,7,2,2,225.0,330,1.0,90,56,0.0,0,0,1,0,1,0,0,0,0,0,1,0,0,0,0,144000
2664,3600,1368,6,2,2,216.0,158,1.0,96,13,0.0,0,0,1,0,1,0,0,0,0,0,0,0,0,0,1,114504
2665,7200,1762,7,2,3,576.0,257,2.5,86,56,0.0,0,0,1,0,1,0,0,0,0,0,0,0,0,0,1,157000
2666,11340,1200,6,2,2,312.0,228,1.0,83,56,0.0,0,0,1,0,0,0,0,0,0,0,0,0,0,0,1,125000
2667,22950,3608,10,3,4,840.0,670,2.5,114,13,0.0,0,0,1,0,1,0,0,0,0,0,0,0,0,0,1,475000
2668,5976,1248,5,2,2,0.0,386,2.0,86,56,0.0,0,0,1,0,1,0,0,0,0,0,0,0,0,0,1,93500
2669,9750,960,5,2,2,624.0,0,1.0,48,48,0.0,0,0,1,0,1,0,0,0,0,0,0,0,0,0,1,125000
2670,4761,1020,3,1,1,0.0,105,1.0,88,56,0.0,0,0,1,0,1,0,0,0,1,0,0,0,0,0,0,64500
2671,7446,788,4,2,2,0.0,0,1.0,65,56,266.0,0,0,1,0,0,0,0,0,0,0,0,0,0,0,1,100000
2672,6435,1577,6,2,1,312.0,0,1.0,67,56,0.0,0,1,1,0,1,0,0,0,0,0,0,0,0,0,1,140200
2673,11737,1827,6,2,2,240.0,105,1.0,82,10,0.0,0,0,1,0,1,0,0,0,0,0,0,0,0,0,1,202500
2674,5000,1664,6,2,2,420.0,60,2.0,59,56,399.0,0,0,1,0,1,0,0,0,0,0,0,0,0,0,1,159000
2675,7800,1118,5,2,2,410.0,271,2.0,67,56,507.0,0,0,1,0,1,0,0,0,0,0,0,0,0,0,1,119900
2676,6240,1176,6,2,2,528.0,112,1.0,72,56,0.0,0,0,1,0,1,0,0,0,0,0,0,0,0,0,1,114500
2677,6240,1344,5,2,2,240.0,314,1.0,70,56,0.0,0,0,1,0,1,0,0,0,0,0,0,0,0,0,1,115000
2678,6120,1162,3,3,2,258.0,24,2.0,76,56,347.0,0,0,1,0,0,0,0,0,0,1,0,0,0,0,0,75000
2679,6120,1015,5,2,2,450.0,232,1.0,81,56,489.0,0,0,1,0,0,0,0,0,0,0,0,0,0,0,1,88000
2680,6240,912,4,2,2,0.0,0,1.0,59,56,0.0,0,0,1,0,1,0,0,0,0,0,0,0,0,0,1,80500
2681,6240,1576,5,2,2,225.0,0,1.0,78,56,0.0,0,0,1,0,0,0,0,0,0,0,0,0,0,0,1,149000
2682,6120,1324,5,2,3,180.0,55,1.0,76,22,0.0,0,0,1,0,1,0,0,0,0,0,0,0,0,0,1,110000
2683,6000,1103,6,2,3,440.0,286,1.0,81,26,397.0,0,0,1,0,1,0,0,0,0,0,0,0,0,0,1,110500
2684,6000,616,5,2,2,205.0,129,1.0,85,56,616.0,0,0,1,0,1,0,0,0,0,0,0,0,0,0,1,89000
2685,6380,1048,5,2,2,280.0,116,1.0,84,56,0.0,0,0,1,0,1,0,0,0,0,0,0,0,0,0,1,113000
2686,11672,816,5,2,2,210.0,280,1.0,81,56,0.0,0,0,1,0,1,0,0,0,0,0,0,0,0,0,1,109000
2687,33120,2486,6,2,2,576.0,0,2.0,44,44,0.0,0,1,1,0,1,0,0,0,0,0,0,0,0,0,1,220000
2688,9873,960,4,2,2,576.0,288,2.0,36,36,789.0,0,1,1,0,1,0,0,0,0,0,0,0,0,0,1,129000
2689,5310,1635,6,2,3,255.0,394,1.0,96,3,0.0,0,0,1,0,1,0,0,0,0,0,0,0,0,0,1,117000
2690,4118,693,4,2,1,0.0,20,1.0,65,56,0.0,0,0,1,0,1,0,0,0,0,0,0,0,0,0,1,52500
2691,10320,1430,4,2,1,370.0,428,2.0,82,56,0.0,0,0,1,0,0,0,0,0,0,0,0,0,0,0,1,107000
2692,7518,1330,5,1,2,390.0,117,1.0,96,2,0.0,0,0,1,0,1,0,0,0,0,0,0,0,0,0,1,116500
2693,9000,819,5,2,3,0.0,0,1.0,87,56,0.0,0,0,1,0,0,0,0,0,0,0,0,0,0,0,1,72000
2694,8600,1376,6,2,2,198.0,0,2.0,69,56,0.0,0,0,1,0,1,0,0,0,0,0,0,0,0,0,1,119500
2695,7200,1360,5,2,3,297.0,255,1.5,68,11,0.0,0,0,1,0,1,0,0,0,0,0,0,0,0,0,1,125500
2696,9786,1077,3,2,2,210.0,148,1.0,84,56,0.0,0,0,1,0,1,0,0,0,0,0,0,0,0,0,1,91000
2697,6780,754,6,2,2,0.0,53,2.0,71,24,490.0,0,0,1,0,1,0,0,0,0,0,0,0,0,0,1,84500
2698,7200,984,6,2,2,308.0,164,1.0,76,56,343.0,0,0,1,0,0,0,0,0,0,1,0,0,0,0,0,90000
2699,12375,1422,5,2,2,288.0,0,2.0,55,55,329.0,0,0,1,0,1,0,0,0,0,0,0,0,0,0,1,137500
2700,11136,1921,6,2,2,576.0,180,2.0,42,42,0.0,0,0,1,0,1,0,0,0,0,0,0,0,0,0,1,150000
2701,21370,1640,5,2,2,394.0,225,1.0,56,56,0.0,0,0,1,0,1,0,0,0,0,0,0,0,0,0,1,131000
2702,6930,1352,5,2,3,288.0,462,1.5,48,48,594.0,0,0,2,0,0,0,0,0,0,0,0,0,0,0,1,130000
2703,8250,1032,5,2,2,260.0,121,1.0,71,56,0.0,0,0,1,0,1,0,0,0,0,0,0,0,0,0,1,125000
2704,5220,879,5,2,2,180.0,108,1.0,70,56,0.0,0,0,1,0,1,0,0,0,0,0,0,0,0,0,1,80000
2705,5500,1073,7,2,2,246.0,120,3.0,2,2,883.0,0,0,1,0,1,0,0,0,0,0,0,0,0,0,1,157000
2706,11235,1382,4,2,2,459.0,82,1.5,43,27,547.0,0,0,1,0,1,0,0,0,0,0,0,0,0,0,1,148000
2707,10791,1296,4,2,2,516.0,0,2.0,39,39,0.0,0,0,1,0,1,0,0,0,0,0,0,0,0,0,1,90000
2708,8414,1068,6,2,2,264.0,192,1.5,43,3,663.0,0,0,1,0,1,0,0,0,0,0,0,0,0,0,1,154500
2709,11327,1064,5,2,2,528.0,362,1.5,39,39,779.0,0,0,1,0,1,0,0,0,0,0,0,0,0,0,1,153600
2710,11777,1320,5,2,2,564.0,468,2.0,40,40,879.0,0,0,1,0,0,0,0,0,0,0,0,0,0,0,1,164500
2711,10366,934,6,2,2,336.0,77,1.5,42,42,456.0,0,0,1,0,1,0,0,0,0,0,0,0,0,0,1,132000
2712,9000,1059,5,2,2,286.0,88,2.0,40,40,773.0,0,0,1,0,0,0,0,0,0,0,0,0,0,0,1,142500
2713,11553,1159,5,2,2,336.0,466,1.5,38,38,673.0,0,0,1,0,1,0,0,0,0,0,0,0,0,0,1,158000
2714,7844,1400,6,2,2,440.0,0,1.5,28,28,209.0,0,0,1,0,1,0,0,0,0,0,0,0,0,0,1,149500
2715,9535,1458,5,2,2,512.0,284,2.5,39,39,1176.0,0,0,1,0,1,0,0,0,0,0,0,0,0,0,1,165000
2716,10335,1721,5,2,2,440.0,276,2.5,38,13,570.0,0,0,1,0,1,0,0,0,0,0,0,0,0,0,1,180000
2717,7176,1040,6,2,2,616.0,311,2.0,28,28,794.0,0,0,1,0,1,0,0,0,0,0,0,0,0,0,1,160500
2718,9662,1967,5,2,2,580.0,170,2.0,29,29,0.0,0,0,1,0,1,0,0,0,0,0,0,0,0,0,1,156500
2719,8235,1949,5,2,2,586.0,32,2.0,29,29,483.0,0,0,1,0,1,0,0,0,0,0,0,0,0,0,1,157000
2720,13650,1920,5,3,3,451.0,0,3.0,48,48,498.0,0,0,1,0,1,0,0,0,0,0,0,0,0,0,1,172500
2721,13125,1803,5,2,2,484.0,0,3.0,49,6,850.0,0,0,1,0,1,0,0,0,0,0,0,0,0,0,1,155000
2722,17920,1779,5,2,2,454.0,730,2.5,51,32,1391.0,0,0,1,0,0,0,0,0,0,0,0,0,0,0,1,170000
2723,17529,872,5,2,1,322.0,116,1.0,82,56,0.0,0,0,1,0,1,0,0,0,0,0,0,0,0,0,1,105000
2724,10246,960,4,2,2,364.0,88,1.5,41,5,648.0,0,0,1,0,1,0,0,0,0,0,0,0,0,0,1,145000
2725,14175,1437,5,2,2,576.0,304,2.5,50,19,988.0,0,0,1,0,1,0,0,0,0,0,0,0,0,0,1,168000
2726,20355,1830,7,2,2,521.0,283,2.0,39,39,1636.0,0,0,2,0,1,0,0,0,0,0,0,0,0,0,1,278000
2727,13050,1000,5,2,2,575.0,386,2.0,43,43,954.0,0,0,2,0,1,0,0,0,0,0,0,0,0,0,1,164000
2728,15593,2287,7,3,2,667.0,135,2.0,53,53,603.0,0,0,2,0,1,0,0,0,0,0,0,0,0,0,1,225000
2729,10820,810,5,2,2,576.0,0,2.0,35,34,694.0,0,0,1,0,1,0,0,0,0,0,0,0,0,0,1,130000
2730,13350,894,5,2,2,440.0,241,2.0,32,32,762.0,0,0,1,0,1,0,0,0,0,0,0,0,0,0,1,142500
2731,1700,1700,7,3,3,450.0,424,3.5,26,25,397.0,0,0,2,0,1,0,0,0,0,0,0,0,0,0,1,148400
2732,5271,1453,7,2,3,445.0,264,2.5,20,20,1082.0,0,0,2,0,0,0,0,0,0,0,0,0,0,0,1,190000
2733,9375,1350,4,2,2,504.0,237,1.5,52,52,799.0,0,0,1,0,1,0,0,0,0,0,0,0,0,0,1,146000
2734,6488,1150,5,2,2,215.0,264,1.0,64,56,230.0,0,0,1,0,0,0,0,0,0,0,0,0,0,0,1,128000
2735,7800,2008,5,2,4,230.0,103,4.0,58,4,603.0,0,0,1,0,1,0,0,0,0,0,0,0,0,0,1,225000
2736,19690,2201,6,3,3,432.0,822,2.0,40,40,0.0,0,0,1,1,0,0,0,0,0,0,0,0,0,0,1,274970
2737,19950,2009,6,2,2,795.0,222,2.0,78,56,0.0,0,0,1,0,1,0,0,0,0,0,0,0,0,0,1,235000
2738,19800,3672,6,2,3,836.0,796,3.5,71,16,425.0,0,0,1,0,1,0,0,0,0,0,0,0,0,0,1,415000
2739,11679,1560,5,2,2,528.0,850,2.5,44,44,1776.0,0,0,1,0,1,0,0,0,0,0,0,0,0,0,1,182000
2740,12048,1488,5,2,2,569.0,573,1.0,54,4,0.0,0,0,1,0,1,0,0,0,0,0,0,0,0,0,1,135000
2741,10519,1057,5,2,3,288.0,0,1.5,51,7,0.0,0,0,1,0,1,0,0,0,0,0,0,0,0,0,1,137000
2742,9525,1855,6,2,2,325.0,182,2.0,52,34,444.0,0,0,1,0,1,0,0,0,0,0,0,0,0,0,1,136900
2743,9525,1609,6,2,2,305.0,0,1.5,53,53,468.0,0,0,1,0,1,0,0,0,0,0,0,0,0,0,1,149900
2744,6420,1148,5,2,2,308.0,0,1.5,54,54,761.0,0,0,1,0,1,0,0,0,0,0,0,0,0,0,1,123500
2745,8335,1124,5,2,2,0.0,226,1.0,52,52,0.0,0,0,1,0,1,0,0,0,0,0,0,0,0,0,1,93000
2746,7585,1456,5,2,2,280.0,0,2.5,58,56,0.0,0,0,1,0,1,0,0,0,0,0,0,0,0,0,1,91500
2747,11200,1298,6,3,3,403.0,191,3.0,21,21,1258.0,0,0,2,0,1,0,0,0,0,0,0,0,0,0,1,180000
2748,12128,2559,6,3,4,506.0,413,2.5,17,17,549.0,0,0,2,0,0,0,0,0,0,0,0,0,0,0,1,209000
2749,9554,1911,8,3,3,471.0,263,2.5,13,12,380.0,0,0,2,0,1,0,0,0,0,0,0,0,0,0,1,215000
2750,9069,1440,6,3,3,920.0,288,4.0,13,13,1344.0,0,0,2,0,1,0,0,0,0,0,0,0,0,0,1,224500
2751,11003,1876,7,3,3,848.0,40,2.5,1,0,0.0,0,0,2,0,0,1,0,0,0,0,0,1,0,0,0,229800
2752,7488,1208,7,3,3,632.0,163,2.0,1,1,393.0,0,0,2,0,0,0,0,0,0,0,0,0,0,0,1,183600
2753,7406,1220,7,3,3,632.0,159,3.0,0,0,684.0,0,0,2,0,0,1,0,0,0,0,0,1,0,0,0,194000
2754,6762,1294,7,3,3,662.0,223,2.0,0,0,0.0,0,0,2,0,0,1,0,0,0,0,0,1,0,0,0,193879
2755,11210,1614,7,3,3,865.0,203,2.0,1,0,20.0,0,0,2,0,0,1,0,0,0,0,0,1,0,0,0,221500
2756,8990,1498,7,3,3,675.0,384,2.0,0,0,0.0,0,0,2,0,0,1,0,0,0,0,0,1,0,0,0,204900
2757,8760,1962,7,3,3,868.0,90,2.5,0,0,464.0,0,0,2,0,0,1,0,0,0,0,0,1,0,0,0,239799
2758,13377,1846,6,3,3,495.0,32,3.0,0,0,1576.0,0,0,2,0,0,1,0,0,0,0,0,1,0,0,0,233555
2759,11645,1734,7,3,3,660.0,184,3.0,1,1,1300.0,0,0,2,0,1,0,0,0,0,0,0,0,0,0,1,260000
2760,11645,1590,8,3,4,754.0,256,3.5,1,0,1122.0,0,0,2,0,0,1,0,0,0,0,0,1,0,0,0,294900
2761,10984,1809,7,3,3,638.0,198,2.5,1,0,0.0,0,0,2,0,0,1,0,0,0,0,0,1,0,0,0,209700
2762,9316,1614,7,3,3,576.0,145,2.0,1,1,56.0,0,0,2,0,1,0,0,0,0,0,0,0,0,0,1,225000
2763,9316,1596,7,3,3,610.0,189,2.5,1,1,0.0,0,0,2,0,1,0,0,0,0,0,0,0,0,0,1,181000
2764,10041,1915,8,3,3,506.0,270,3.5,14,14,789.0,0,0,2,0,0,0,0,0,0,0,0,0,0,0,1,220000
2765,36500,1582,5,2,2,390.0,366,2.5,42,42,812.0,0,0,2,0,1,0,0,0,0,0,0,0,0,0,1,190000
2766,21453,988,6,2,2,540.0,260,2.0,37,37,938.0,0,0,2,0,1,0,0,0,0,0,0,0,0,0,1,180000
2767,70761,1533,7,2,3,576.0,254,3.0,31,31,655.0,0,0,2,0,1,0,0,0,0,0,0,0,0,0,1,280000
2768,12000,1388,6,2,2,522.0,58,3.0,38,38,853.0,0,0,2,0,0,0,1,0,0,0,0,0,0,0,0,158900
2769,8846,914,5,3,2,576.0,0,1.0,10,10,298.0,0,0,2,0,1,0,0,0,0,0,0,0,0,0,1,148000
2770,13015,1100,5,2,2,462.0,0,1.5,10,10,0.0,0,0,2,0,1,0,0,0,0,0,0,0,0,0,1,145000
2771,12438,1499,6,3,3,473.0,504,2.5,11,11,0.0,0,0,2,0,1,0,0,0,0,0,0,0,0,0,1,187000
2772,8685,1425,7,2,2,591.0,130,3.0,8,8,846.0,0,0,2,0,1,0,0,0,0,0,0,0,0,0,1,193000
2773,13568,990,5,2,2,576.0,224,1.5,11,11,716.0,0,0,2,0,1,0,0,0,0,0,0,0,0,0,1,156000
2774,9100,1525,7,3,3,541.0,255,3.0,6,6,1400.0,0,0,2,0,1,0,0,0,0,0,0,0,0,0,1,235000
2775,9236,1494,6,2,3,576.0,195,3.0,9,9,1200.0,0,0,2,0,1,0,0,0,0,0,0,0,0,0,1,217000
2776,10264,1588,7,3,3,472.0,187,2.0,7,7,1162.0,0,0,2,0,1,0,0,0,0,0,0,0,0,0,1,214000
2777,9272,1749,7,3,3,515.0,225,2.5,7,7,500.0,0,0,2,0,1,0,0,0,0,0,0,0,0,0,1,196000
2778,13426,1779,7,3,3,586.0,315,3.5,7,6,894.0,0,0,2,0,1,0,0,0,0,0,0,0,0,0,1,217000
2779,13450,1861,7,3,3,492.0,237,3.5,4,4,700.0,0,0,2,0,1,0,0,0,0,0,0,0,0,0,1,200000
2780,14006,1776,7,3,3,474.0,240,2.5,4,4,0.0,0,0,2,0,1,0,0,0,0,0,0,0,0,0,1,192500
2781,13704,1541,7,3,3,843.0,549,2.0,5,4,0.0,0,0,2,0,1,0,0,0,0,0,0,0,0,0,1,205000
2782,10780,954,5,2,2,576.0,0,1.0,30,30,483.0,0,0,2,0,1,0,0,0,0,0,0,0,0,0,1,132500
2783,8340,1388,6,2,2,317.0,442,1.5,29,29,509.0,0,0,2,0,1,0,0,0,0,0,0,0,0,0,1,157500
2784,10385,1282,6,2,2,672.0,386,2.5,28,28,995.0,0,0,2,0,1,0,0,0,0,0,0,0,0,0,1,174000
2785,9920,971,5,2,2,300.0,0,1.5,37,37,523.0,0,0,2,0,1,0,0,0,0,0,0,0,0,0,1,128500
2786,9560,864,5,2,2,288.0,0,1.0,34,34,360.0,0,0,2,0,1,0,0,0,0,0,0,0,0,0,1,128500
2787,9800,894,5,2,2,552.0,256,2.0,34,34,894.0,0,0,2,0,0,0,0,0,0,0,0,0,0,0,1,149900
2788,7200,864,5,2,2,297.0,0,1.0,34,34,437.0,0,0,2,0,1,0,0,0,0,0,0,0,0,0,1,119900
2789,3612,1320,6,2,2,484.0,48,2.5,13,12,338.0,0,0,1,0,1,0,0,0,0,0,0,0,0,0,1,137000
2790,11367,1989,8,3,3,586.0,259,3.5,4,4,932.0,0,0,2,0,1,0,0,0,0,0,0,0,0,0,1,255000
2791,9930,1762,7,3,3,591.0,374,2.5,4,4,456.0,0,0,2,0,1,0,0,0,0,0,0,0,0,0,1,222000
2792,9468,1755,6,2,2,530.0,249,3.5,7,7,639.0,0,0,2,0,1,0,0,0,0,0,0,0,0,0,1,214000
2793,11088,1358,8,3,3,418.0,234,2.5,4,4,872.0,0,0,2,0,1,0,0,0,0,0,0,0,0,0,1,220000
2794,14781,1787,8,3,3,748.0,348,2.0,5,4,0.0,0,0,2,0,1,0,0,0,0,0,0,0,0,0,1,275000
2795,8726,1909,7,3,3,529.0,108,2.5,4,4,0.0,0,0,2,0,1,0,0,0,0,0,0,0,0,0,1,197000
2796,8125,1654,7,3,3,900.0,136,3.0,4,4,986.0,0,0,2,0,1,0,0,0,0,0,0,0,0,0,1,230000
2797,10566,2214,8,3,3,646.0,277,3.5,7,7,920.0,0,0,2,0,1,0,0,0,0,0,0,0,0,0,1,268500
2798,21533,2049,7,3,3,467.0,168,2.5,10,9,0.0,0,0,2,0,1,0,0,0,0,0,0,0,0,0,1,210900
2799,11250,1939,7,2,3,555.0,212,3.0,8,8,796.0,0,0,2,0,1,0,0,0,0,0,0,0,0,0,1,227000
2800,11250,1995,7,3,3,610.0,445,3.5,11,10,685.0,0,0,2,0,1,0,0,0,0,0,0,0,0,0,1,237000
2801,9750,2097,7,2,3,583.0,423,3.5,8,8,975.0,0,0,2,0,1,0,0,0,0,0,0,0,0,0,1,274300
2802,9100,1836,7,3,3,484.0,153,2.0,2,1,24.0,0,0,2,0,1,0,0,0,0,0,0,0,0,0,1,216837
2803,4435,848,6,3,3,420.0,140,2.0,3,3,717.0,0,0,2,0,1,0,0,0,0,0,0,0,0,0,1,133000
2804,4435,848,6,3,3,420.0,140,2.0,2,2,662.0,0,0,2,0,1,0,0,0,0,0,0,0,0,0,1,155900
2805,15611,1919,8,3,3,685.0,51,2.5,0,0,0.0,0,0,2,0,0,1,0,0,0,0,0,1,0,0,0,233230
2806,8810,1390,7,3,3,545.0,68,3.0,3,3,1000.0,0,0,2,0,1,0,0,0,0,0,0,0,0,0,1,207000
2807,12393,1948,7,3,3,434.0,148,2.5,2,1,0.0,0,0,2,0,1,0,0,0,0,0,0,0,0,0,1,195000
2808,9135,1700,6,3,3,544.0,215,3.0,3,3,340.0,0,0,2,0,1,0,0,0,0,0,0,0,0,0,1,200000
2809,8581,1737,7,3,3,578.0,105,2.5,0,0,0.0,0,0,2,0,0,1,0,0,0,0,0,1,0,0,0,203160
2810,8400,1611,7,3,3,572.0,180,2.5,1,1,0.0,0,0,2,0,1,0,0,0,0,0,0,0,0,0,1,195800
2811,10084,1552,7,3,3,782.0,164,2.0,1,0,24.0,0,0,2,0,0,1,0,0,0,0,0,1,0,0,0,212900
2812,11645,1720,7,3,3,565.0,70,2.5,2,2,0.0,0,0,2,0,1,0,0,0,0,0,0,0,0,0,1,196500
2813,8772,1336,7,3,3,502.0,179,3.0,1,0,996.0,0,0,2,0,0,1,0,0,0,0,0,1,0,0,0,198000
2814,8846,1500,6,2,3,564.0,35,2.5,1,0,0.0,0,0,2,0,0,1,0,0,0,0,0,1,0,0,0,173900
2815,8461,1456,6,3,3,390.0,24,2.5,1,0,0.0,0,0,2,0,0,1,0,0,0,0,0,1,0,0,0,163990
2816,8767,1310,7,3,3,400.0,0,2.0,1,1,24.0,0,0,2,0,0,1,0,0,0,0,0,1,0,0,0,164990
2817,8777,1436,4,2,2,528.0,147,3.0,96,6,510.0,0,0,1,0,1,0,0,0,0,0,0,0,0,0,1,98000
2818,17755,1466,5,2,1,528.0,240,1.5,47,47,176.0,0,0,1,0,1,0,0,0,0,0,0,0,0,0,1,149900
2819,8877,1220,4,2,2,396.0,0,1.0,55,55,836.0,0,0,1,0,1,0,1,0,0,0,0,0,0,0,0,102000
2820,7840,1012,6,2,2,0.0,0,3.0,31,31,976.0,0,0,1,0,0,0,0,0,0,0,0,0,0,0,1,127500
2821,9400,980,6,2,2,0.0,0,3.0,31,31,945.0,0,0,1,0,0,0,0,0,0,0,0,0,0,0,1,127500
2822,16133,1176,5,2,2,360.0,204,2.0,37,37,847.0,0,0,1,0,0,0,0,0,0,0,0,0,0,0,1,119900
2823,7162,1724,7,3,3,616.0,225,2.5,3,2,0.0,0,0,1,0,1,0,0,0,0,0,0,0,0,0,1,196500
2824,8050,914,6,2,3,0.0,32,2.0,4,4,772.0,0,0,1,0,1,0,0,0,0,0,0,0,0,0,1,117250
2825,11060,2314,7,3,3,502.0,274,2.5,3,1,0.0,0,0,1,0,1,0,0,0,1,0,0,0,0,0,0,229000
2826,3675,1072,5,2,2,525.0,28,2.0,1,1,547.0,0,0,1,0,1,0,0,0,0,0,0,0,0,0,1,145000
2827,3675,1072,6,2,2,525.0,44,3.0,1,0,547.0,0,0,1,0,0,1,0,0,0,0,0,1,0,0,0,140000
2828,3675,1072,6,2,2,525.0,44,2.0,1,0,547.0,0,0,1,0,0,1,0,0,0,0,0,1,0,0,0,142500
2829,2522,1709,7,3,3,380.0,40,2.0,2,2,0.0,0,0,1,0,1,0,0,0,0,0,0,0,0,0,1,134000
2830,2522,1709,7,3,3,380.0,40,2.0,2,2,0.0,0,0,1,0,1,0,0,0,0,0,0,0,0,0,1,130000
2831,2522,1709,6,3,3,380.0,40,2.0,2,0,0.0,0,0,1,0,1,0,0,0,0,0,0,0,0,0,1,130000
2832,2522,1709,7,3,3,380.0,40,2.0,2,2,0.0,0,0,1,0,1,0,0,0,0,0,0,0,0,0,1,137500
2833,3363,1708,7,3,3,380.0,40,2.0,2,2,0.0,0,0,1,0,1,0,0,0,0,0,0,0,0,0,1,130000
2834,6956,936,4,2,2,265.0,0,1.0,58,56,0.0,0,0,1,0,1,0,0,0,0,0,0,0,0,0,1,97900
2835,7822,1338,6,2,2,528.0,208,2.0,91,56,0.0,0,0,1,0,0,0,0,0,0,0,0,0,0,0,1,92000
2836,8707,1669,4,2,2,288.0,56,1.5,82,56,0.0,0,0,1,0,0,0,0,0,0,0,0,0,0,0,1,107000
2837,8410,1184,5,2,2,0.0,151,1.0,96,10,0.0,0,0,1,0,0,0,0,0,0,0,0,0,0,0,1,81000
2838,9738,1221,5,2,2,392.0,236,2.0,82,56,392.0,0,0,1,0,1,0,0,0,0,0,0,0,0,0,1,104900
2839,8172,864,5,2,2,572.0,0,2.0,51,16,167.0,0,0,1,0,1,0,0,0,0,0,0,0,0,0,1,115000
2840,16012,1482,4,2,2,609.0,30,2.5,52,38,691.0,0,0,1,0,0,0,0,0,0,0,0,0,0,0,1,125000
2841,8248,1250,5,2,1,280.0,303,2.0,88,56,0.0,0,0,1,0,1,0,0,0,0,0,0,0,0,0,1,116000
2842,8248,1414,4,2,2,0.0,112,1.0,84,56,0.0,0,0,1,0,0,0,1,0,0,0,0,0,0,0,0,83000
2843,6204,2230,4,3,2,440.0,188,2.0,94,56,0.0,0,0,1,0,1,0,0,0,0,0,0,0,0,0,1,118500
2844,8088,498,2,2,2,216.0,100,1.0,84,51,0.0,0,0,1,0,1,0,0,0,1,0,0,0,0,0,0,35000
2845,11388,1273,4,2,3,275.0,212,1.0,96,13,0.0,0,0,1,0,1,0,0,0,0,0,0,0,0,0,1,121000
2846,7082,1928,5,2,2,0.0,228,2.0,90,11,0.0,0,0,1,0,1,0,0,0,0,0,0,0,0,0,1,160000
2847,8400,1595,6,2,2,240.0,108,1.0,66,6,388.0,0,0,1,0,1,0,0,0,0,0,0,0,0,0,1,140000
2848,10890,1551,5,2,1,240.0,0,3.0,68,56,930.0,0,0,1,0,1,0,0,0,0,0,0,0,0,0,1,137000
2849,6430,1340,6,2,2,440.0,0,2.0,61,56,780.0,0,0,1,0,0,0,0,0,0,0,0,0,0,0,1,128000
2850,7000,1479,7,2,3,312.0,586,2.0,80,9,424.0,0,0,1,0,1,0,0,0,0,0,0,0,0,0,1,160000
2851,13132,1784,5,2,2,180.0,243,1.5,92,56,0.0,0,0,2,0,1,0,0,0,0,0,0,0,0,0,1,138887
2852,4899,1510,6,2,2,216.0,164,1.0,86,56,305.0,0,0,1,0,1,0,0,0,0,0,0,0,0,0,1,149000
2853,6000,1522,5,2,2,0.0,138,2.0,80,56,0.0,0,0,1,0,1,0,0,0,0,0,0,0,0,0,1,102000
2854,9399,1636,7,2,3,288.0,212,1.5,87,56,0.0,0,0,2,0,0,0,0,0,0,0,0,0,0,0,1,167000
2855,7588,1802,7,2,2,216.0,40,1.5,86,56,352.0,0,0,2,0,1,0,0,0,0,0,0,0,0,0,1,200100
2856,10164,1465,5,2,2,240.0,126,2.0,67,56,646.0,0,0,1,0,1,0,0,0,0,0,0,0,0,0,1,131000
2857,6191,1288,5,2,2,240.0,0,1.0,65,56,384.0,0,0,1,0,1,0,0,0,0,0,0,0,0,0,1,112000
2858,9550,1717,7,2,3,642.0,307,2.0,91,36,216.0,0,0,2,0,0,0,0,0,0,0,0,0,0,0,1,140000
2859,21780,1550,6,2,2,318.0,429,1.5,86,56,0.0,0,0,2,0,1,0,0,0,0,0,0,0,0,0,1,195000
2860,11435,1517,8,2,3,400.0,0,1.0,77,56,0.0,0,0,2,0,1,0,0,0,0,0,0,0,0,0,1,230000
2861,12400,1717,5,2,2,410.0,113,1.5,66,56,602.0,0,0,2,0,1,0,0,0,0,0,0,0,0,0,1,194000
2862,11600,1180,4,2,1,252.0,67,1.0,84,56,0.0,0,0,2,0,1,0,0,0,0,0,0,0,0,0,1,137500
2863,11500,2057,7,3,3,180.0,322,1.5,70,19,223.0,0,0,2,0,1,0,0,0,0,0,0,0,0,0,1,250000
2864,8170,1671,7,3,2,451.0,0,2.0,77,56,526.0,0,0,2,0,1,0,0,0,0,0,0,0,0,0,1,218000
2865,16560,2345,6,2,2,360.0,0,2.5,74,56,503.0,0,0,2,0,1,0,0,0,0,0,0,0,0,0,1,239000
2866,12320,1609,7,2,3,579.0,104,1.5,74,16,0.0,0,0,2,0,1,0,0,0,0,0,0,0,0,0,1,199500
2867,14210,1801,6,2,2,365.0,90,1.5,76,47,0.0,0,0,2,0,1,0,0,0,0,0,0,0,0,0,1,210000
2868,14115,1811,6,2,4,470.0,280,1.0,50,2,843.0,0,0,2,0,0,0,0,0,0,0,0,0,0,0,1,230000
2869,12984,1647,5,2,3,621.0,0,3.0,29,29,1430.0,0,0,2,0,1,0,0,0,0,0,0,0,0,0,1,217500
2870,15600,2315,5,2,2,342.0,192,3.0,56,43,760.0,0,0,2,0,1,0,0,0,0,0,0,0,0,0,1,257000
2871,15750,1336,5,2,2,375.0,0,2.0,53,53,841.0,0,0,2,0,1,0,0,0,0,0,0,0,0,0,1,157000
2872,16381,1844,6,3,3,540.0,289,3.0,37,37,1110.0,0,0,2,0,1,0,0,0,0,0,0,0,0,0,1,223000
2873,7288,976,5,2,2,215.0,160,2.0,64,56,305.0,0,0,1,0,0,0,0,0,0,0,0,0,0,0,1,102000
2874,7000,1285,6,2,2,506.0,228,1.5,80,56,374.0,0,0,1,0,1,0,0,0,0,0,0,0,0,0,1,145400
2875,8534,672,4,2,2,0.0,112,1.0,81,56,0.0,0,0,1,0,1,0,0,0,0,0,0,0,0,0,1,72000
2876,7030,641,4,2,1,272.0,254,1.0,81,56,0.0,0,0,1,0,1,0,0,0,0,0,0,0,0,0,1,85000
2877,8765,951,4,2,2,327.0,28,1.0,70,56,285.0,0,0,1,0,0,0,0,0,0,0,0,0,0,0,1,106500
2878,9060,1638,6,2,3,384.0,21,2.0,49,49,0.0,0,0,1,0,1,0,0,0,0,0,0,0,0,0,1,139000
2879,11040,1336,4,2,2,570.0,167,1.5,86,56,637.0,0,0,1,0,1,0,1,0,0,0,0,0,0,0,0,108000
2880,12366,729,3,2,2,0.0,23,1.0,61,56,0.0,0,0,1,0,0,0,0,0,0,0,0,0,0,0,1,51689
2881,9000,480,2,2,2,308.0,0,1.0,57,56,50.0,0,0,1,0,0,0,0,0,0,0,0,0,0,0,1,35311
2882,9000,1396,5,1,2,0.0,0,2.0,55,55,0.0,0,0,1,0,0,0,0,0,0,0,0,0,0,0,1,115000
2883,8520,936,3,2,2,0.0,0,1.0,90,56,0.0,0,0,1,0,1,0,0,0,0,0,0,0,0,0,1,78000
2884,5748,1778,8,3,4,495.0,329,4.0,1,0,1573.0,0,0,2,0,0,1,0,0,0,0,0,1,0,0,0,375000
2885,3842,1646,8,3,3,525.0,336,3.5,2,1,1564.0,0,0,2,0,1,0,0,0,0,0,0,0,0,0,1,300000
2886,23580,1625,6,2,1,576.0,164,2.5,27,27,776.0,0,0,2,0,1,0,0,0,0,0,0,0,0,0,1,242500
2887,8385,1664,6,2,2,616.0,0,2.0,28,28,0.0,0,0,2,0,1,0,0,0,0,0,0,0,0,0,1,145000
2888,9116,1491,8,3,3,490.0,220,2.0,5,5,0.0,0,0,2,0,1,0,0,0,0,0,0,0,0,0,1,209000
2889,10530,1004,6,2,2,504.0,0,2.0,29,29,975.0,0,0,2,0,1,0,0,0,0,0,0,0,0,0,1,135000
2890,11080,1210,6,2,2,528.0,0,3.0,31,31,576.0,0,0,2,0,1,0,0,0,0,0,0,0,0,0,1,148000
2891,11070,1959,7,2,2,766.0,0,3.0,18,17,0.0,0,0,2,0,0,0,0,0,0,0,0,0,0,0,1,171000
2892,26178,2519,7,3,3,628.0,347,3.5,17,16,965.0,0,0,2,0,1,0,0,0,0,0,0,0,0,0,1,335000
2893,8239,1295,7,3,3,312.0,0,2.0,20,20,0.0,0,0,2,0,1,0,0,0,0,0,0,0,0,0,1,230000
2894,50102,1650,6,2,2,518.0,138,2.0,48,48,909.0,0,0,2,1,0,0,0,0,0,0,0,0,0,0,1,250764
2895,16669,1707,8,3,2,511.0,638,2.5,25,25,0.0,0,0,2,0,1,0,0,0,0,0,0,0,0,0,1,228000
2896,13811,1137,6,2,3,551.0,125,3.0,19,19,1020.0,0,0,2,0,1,0,0,0,0,0,0,0,0,0,1,176000
2897,8049,1339,7,2,2,484.0,148,3.0,16,16,1053.0,0,0,2,0,1,0,0,0,0,0,0,0,0,0,1,180000
2898,11170,2514,7,2,2,693.0,0,2.5,16,15,1216.0,0,0,2,0,1,0,0,0,0,0,0,0,0,0,1,250000
2899,8098,1403,6,3,3,470.0,173,3.0,6,6,1252.0,0,0,2,0,1,0,0,0,0,0,0,0,0,0,1,202000
2900,14331,1800,8,3,3,765.0,348,3.0,4,4,1274.0,0,0,2,0,1,0,0,0,0,0,0,0,0,0,1,312500
2901,13618,1960,8,3,3,714.0,210,3.0,1,0,1350.0,0,0,2,0,0,1,0,0,0,0,0,1,0,0,0,320000
2902,11443,2028,8,3,3,880.0,392,3.0,1,0,1460.0,0,0,2,0,0,1,0,0,0,0,0,1,0,0,0,369900
2903,11577,1838,9,4,4,682.0,386,3.0,1,0,1455.0,0,0,2,0,0,1,0,0,0,0,0,1,0,0,0,359900
2904,31250,1600,1,2,2,270.0,135,1.5,55,55,0.0,0,0,2,0,1,0,0,0,0,0,0,0,0,0,1,81500
2905,7020,1368,7,2,2,784.0,48,4.0,9,9,1243.0,0,0,2,0,1,0,0,0,0,0,0,0,0,0,1,215000
2906,4500,1216,6,2,2,402.0,125,3.0,8,8,897.0,0,0,2,0,1,0,0,0,0,0,0,0,0,0,1,164000
2907,4500,1337,6,2,2,405.0,199,3.0,8,8,1201.0,0,0,2,0,1,0,0,0,0,0,0,0,0,0,1,153500
2908,17217,1140,5,2,2,0.0,92,1.0,0,0,0.0,0,0,2,0,0,0,0,0,0,0,0,0,0,0,1,84500
2909,2665,1304,5,2,2,336.0,141,1.5,29,29,0.0,0,0,1,0,1,0,0,0,0,0,0,0,0,0,1,104500
2910,2665,1475,5,2,2,336.0,130,2.0,29,29,721.0,0,0,1,0,1,0,0,0,0,0,0,0,0,0,1,127000
2911,3964,2521,6,2,2,576.0,748,3.5,33,33,837.0,0,0,1,0,1,0,0,0,0,0,0,0,0,0,1,151400
2912,10172,874,5,2,2,288.0,120,2.0,38,3,441.0,0,0,2,0,1,0,0,0,0,0,0,0,0,0,1,126500
2913,11836,1652,5,2,2,928.0,0,2.0,36,36,149.0,0,0,2,0,1,0,0,0,0,0,0,0,0,0,1,146500
2914,1470,630,4,2,2,0.0,0,2.0,36,36,522.0,0,0,1,0,1,0,0,0,0,0,0,0,0,0,1,73000
2915,1484,1092,4,2,2,253.0,0,1.5,34,34,252.0,0,0,1,0,1,0,0,0,0,0,0,0,0,0,1,79400
2916,13384,1360,5,2,2,336.0,160,2.0,37,27,463.0,0,0,2,0,1,0,0,0,0,0,0,0,0,0,1,140000
2917,1533,630,5,2,4,0.0,0,2.0,36,36,553.0,0,0,1,0,0,0,0,0,0,0,0,0,0,0,1,92000
2918,1533,1092,4,2,2,286.0,0,1.5,36,36,408.0,0,0,1,0,0,0,0,0,0,0,0,0,0,0,1,87550
2919,1526,1092,4,2,2,0.0,34,1.5,36,36,0.0,0,0,1,0,1,0,0,0,0,0,0,0,0,0,1,79500
2920,1936,1092,4,2,2,0.0,0,1.5,36,36,0.0,0,0,1,0,1,0,0,0,0,0,0,0,0,0,1,90500
2921,1894,1092,4,2,2,286.0,24,1.5,36,36,252.0,0,0,1,0,0,0,0,0,0,0,0,0,0,0,1,71000
2922,12640,1728,6,2,2,574.0,40,2.0,30,30,1332.0,0,0,2,0,1,0,0,0,0,0,0,0,0,0,1,150900
2923,9297,1728,5,2,2,560.0,0,4.0,30,30,1606.0,0,0,2,0,0,0,0,0,0,0,0,0,0,0,1,188000
2924,17400,1126,5,2,2,484.0,336,3.0,29,29,936.0,0,0,2,0,1,0,0,0,0,0,0,0,0,0,1,160000
2925,20000,1224,5,2,2,576.0,474,2.0,46,10,1224.0,0,0,2,0,0,0,0,0,0,0,0,0,0,0,1,131000
2926,7937,1003,6,2,2,588.0,120,2.0,22,22,819.0,0,0,2,0,1,0,0,0,0,0,0,0,0,0,1,142500
2927,8885,902,5,2,2,484.0,164,2.0,23,23,625.0,0,0,2,0,1,0,0,0,0,0,0,0,0,0,1,131000
2928,10441,970,5,2,2,0.0,112,1.5,14,14,337.0,0,0,2,0,1,0,0,0,0,0,0,0,0,0,1,132000
2929,10010,1389,5,2,2,418.0,278,2.0,32,31,1194.0,0,0,2,0,1,0,0,0,0,0,0,0,0,0,1,170000
2930,9627,2000,7,2,2,650.0,238,2.5,13,12,758.0,0,0,2,0,1,0,0,0,0,0,0,0,0,0,1,188000
